-- MySQL dump 10.14  Distrib 5.5.56-MariaDB, for debian-linux-gnu (x86_64)
--
-- Host: localhost    Database: project
-- ------------------------------------------------------
-- Server version	5.5.56-MariaDB-1ubuntu0.14.04.1

/*!40101 SET @OLD_CHARACTER_SET_CLIENT=@@CHARACTER_SET_CLIENT */;
/*!40101 SET @OLD_CHARACTER_SET_RESULTS=@@CHARACTER_SET_RESULTS */;
/*!40101 SET @OLD_COLLATION_CONNECTION=@@COLLATION_CONNECTION */;
/*!40101 SET NAMES utf8mb4 */;
/*!40103 SET @OLD_TIME_ZONE=@@TIME_ZONE */;
/*!40103 SET TIME_ZONE='+00:00' */;
/*!40014 SET @OLD_UNIQUE_CHECKS=@@UNIQUE_CHECKS, UNIQUE_CHECKS=0 */;
/*!40014 SET @OLD_FOREIGN_KEY_CHECKS=@@FOREIGN_KEY_CHECKS, FOREIGN_KEY_CHECKS=0 */;
/*!40101 SET @OLD_SQL_MODE=@@SQL_MODE, SQL_MODE='NO_AUTO_VALUE_ON_ZERO' */;
/*!40111 SET @OLD_SQL_NOTES=@@SQL_NOTES, SQL_NOTES=0 */;

--
-- Table structure for table `auth_group`
--

DROP TABLE IF EXISTS `auth_group`;
/*!40101 SET @saved_cs_client     = @@character_set_client */;
/*!40101 SET character_set_client = utf8 */;
CREATE TABLE `auth_group` (
  `id` int(11) NOT NULL AUTO_INCREMENT,
  `name` varchar(80) NOT NULL,
  PRIMARY KEY (`id`),
  UNIQUE KEY `name` (`name`)
) ENGINE=InnoDB DEFAULT CHARSET=latin1;
/*!40101 SET character_set_client = @saved_cs_client */;

--
-- Dumping data for table `auth_group`
--

LOCK TABLES `auth_group` WRITE;
/*!40000 ALTER TABLE `auth_group` DISABLE KEYS */;
/*!40000 ALTER TABLE `auth_group` ENABLE KEYS */;
UNLOCK TABLES;

--
-- Table structure for table `auth_group_permissions`
--

DROP TABLE IF EXISTS `auth_group_permissions`;
/*!40101 SET @saved_cs_client     = @@character_set_client */;
/*!40101 SET character_set_client = utf8 */;
CREATE TABLE `auth_group_permissions` (
  `id` int(11) NOT NULL AUTO_INCREMENT,
  `group_id` int(11) NOT NULL,
  `permission_id` int(11) NOT NULL,
  PRIMARY KEY (`id`),
  UNIQUE KEY `group_id` (`group_id`,`permission_id`),
  KEY `auth_group__permission_id_1f49ccbbdc69d2fc_fk_auth_permission_id` (`permission_id`),
  CONSTRAINT `auth_group__permission_id_1f49ccbbdc69d2fc_fk_auth_permission_id` FOREIGN KEY (`permission_id`) REFERENCES `auth_permission` (`id`),
  CONSTRAINT `auth_group_permission_group_id_689710a9a73b7457_fk_auth_group_id` FOREIGN KEY (`group_id`) REFERENCES `auth_group` (`id`)
) ENGINE=InnoDB DEFAULT CHARSET=latin1;
/*!40101 SET character_set_client = @saved_cs_client */;

--
-- Dumping data for table `auth_group_permissions`
--

LOCK TABLES `auth_group_permissions` WRITE;
/*!40000 ALTER TABLE `auth_group_permissions` DISABLE KEYS */;
/*!40000 ALTER TABLE `auth_group_permissions` ENABLE KEYS */;
UNLOCK TABLES;

--
-- Table structure for table `auth_permission`
--

DROP TABLE IF EXISTS `auth_permission`;
/*!40101 SET @saved_cs_client     = @@character_set_client */;
/*!40101 SET character_set_client = utf8 */;
CREATE TABLE `auth_permission` (
  `id` int(11) NOT NULL AUTO_INCREMENT,
  `name` varchar(255) NOT NULL,
  `content_type_id` int(11) NOT NULL,
  `codename` varchar(100) NOT NULL,
  PRIMARY KEY (`id`),
  UNIQUE KEY `content_type_id` (`content_type_id`,`codename`),
  CONSTRAINT `auth__content_type_id_508cf46651277a81_fk_django_content_type_id` FOREIGN KEY (`content_type_id`) REFERENCES `django_content_type` (`id`)
) ENGINE=InnoDB AUTO_INCREMENT=162 DEFAULT CHARSET=latin1;
/*!40101 SET character_set_client = @saved_cs_client */;

--
-- Dumping data for table `auth_permission`
--

LOCK TABLES `auth_permission` WRITE;
/*!40000 ALTER TABLE `auth_permission` DISABLE KEYS */;
INSERT INTO `auth_permission` VALUES (1,'Can use Structure mode',1,'use_structure'),(2,'Can change page',2,'change_page'),(3,'Can add permission',3,'add_permission'),(4,'Can change permission',3,'change_permission'),(5,'Can delete permission',3,'delete_permission'),(6,'Can add group',4,'add_group'),(7,'Can change group',4,'change_group'),(8,'Can delete group',4,'delete_group'),(9,'Can add user',5,'add_user'),(10,'Can change user',5,'change_user'),(11,'Can delete user',5,'delete_user'),(12,'Can add content type',6,'add_contenttype'),(13,'Can change content type',6,'change_contenttype'),(14,'Can delete content type',6,'delete_contenttype'),(15,'Can add session',7,'add_session'),(16,'Can change session',7,'change_session'),(17,'Can delete session',7,'delete_session'),(18,'Can add site',8,'add_site'),(19,'Can change site',8,'change_site'),(20,'Can delete site',8,'delete_site'),(21,'Can add log entry',9,'add_logentry'),(22,'Can change log entry',9,'change_logentry'),(23,'Can delete log entry',9,'delete_logentry'),(24,'Can add user setting',10,'add_usersettings'),(25,'Can change user setting',10,'change_usersettings'),(26,'Can delete user setting',10,'delete_usersettings'),(27,'Can add page',2,'add_page'),(28,'Can delete page',2,'delete_page'),(29,'Can view page',2,'view_page'),(30,'Can publish page',2,'publish_page'),(31,'Can edit static placeholders',2,'edit_static_placeholder'),(32,'Can add Page global permission',11,'add_globalpagepermission'),(33,'Can change Page global permission',11,'change_globalpagepermission'),(34,'Can delete Page global permission',11,'delete_globalpagepermission'),(35,'Can add Page permission',12,'add_pagepermission'),(36,'Can change Page permission',12,'change_pagepermission'),(37,'Can delete Page permission',12,'delete_pagepermission'),(38,'Can add User (page)',13,'add_pageuser'),(39,'Can change User (page)',13,'change_pageuser'),(40,'Can delete User (page)',13,'delete_pageuser'),(41,'Can add User group (page)',14,'add_pageusergroup'),(42,'Can change User group (page)',14,'change_pageusergroup'),(43,'Can delete User group (page)',14,'delete_pageusergroup'),(44,'Can add placeholder',1,'add_placeholder'),(45,'Can change placeholder',1,'change_placeholder'),(46,'Can delete placeholder',1,'delete_placeholder'),(47,'Can add cms plugin',15,'add_cmsplugin'),(48,'Can change cms plugin',15,'change_cmsplugin'),(49,'Can delete cms plugin',15,'delete_cmsplugin'),(50,'Can add title',16,'add_title'),(51,'Can change title',16,'change_title'),(52,'Can delete title',16,'delete_title'),(53,'Can add placeholder reference',17,'add_placeholderreference'),(54,'Can change placeholder reference',17,'change_placeholderreference'),(55,'Can delete placeholder reference',17,'delete_placeholderreference'),(56,'Can add static placeholder',18,'add_staticplaceholder'),(57,'Can change static placeholder',18,'change_staticplaceholder'),(58,'Can delete static placeholder',18,'delete_staticplaceholder'),(59,'Can add alias plugin model',19,'add_aliaspluginmodel'),(60,'Can change alias plugin model',19,'change_aliaspluginmodel'),(61,'Can delete alias plugin model',19,'delete_aliaspluginmodel'),(62,'Can add urlconf revision',20,'add_urlconfrevision'),(63,'Can change urlconf revision',20,'change_urlconfrevision'),(64,'Can delete urlconf revision',20,'delete_urlconfrevision'),(65,'Can add cache key',21,'add_cachekey'),(66,'Can change cache key',21,'change_cachekey'),(67,'Can delete cache key',21,'delete_cachekey'),(68,'Can add revision',22,'add_revision'),(69,'Can change revision',22,'change_revision'),(70,'Can delete revision',22,'delete_revision'),(71,'Can add version',23,'add_version'),(72,'Can change version',23,'change_version'),(73,'Can delete version',23,'delete_version'),(74,'Can add Folder',24,'add_folder'),(75,'Can change Folder',24,'change_folder'),(76,'Can delete Folder',24,'delete_folder'),(77,'Can use directory listing',24,'can_use_directory_listing'),(78,'Can add folder permission',25,'add_folderpermission'),(79,'Can change folder permission',25,'change_folderpermission'),(80,'Can delete folder permission',25,'delete_folderpermission'),(81,'Can add file',26,'add_file'),(82,'Can change file',26,'change_file'),(83,'Can delete file',26,'delete_file'),(84,'Can add clipboard',27,'add_clipboard'),(85,'Can change clipboard',27,'change_clipboard'),(86,'Can delete clipboard',27,'delete_clipboard'),(87,'Can add clipboard item',28,'add_clipboarditem'),(88,'Can change clipboard item',28,'change_clipboarditem'),(89,'Can delete clipboard item',28,'delete_clipboarditem'),(90,'Can add image',29,'add_image'),(91,'Can change image',29,'change_image'),(92,'Can delete image',29,'delete_image'),(93,'Can add source',30,'add_source'),(94,'Can change source',30,'change_source'),(95,'Can delete source',30,'delete_source'),(96,'Can add thumbnail',31,'add_thumbnail'),(97,'Can change thumbnail',31,'change_thumbnail'),(98,'Can delete thumbnail',31,'delete_thumbnail'),(99,'Can add thumbnail dimensions',32,'add_thumbnaildimensions'),(100,'Can change thumbnail dimensions',32,'change_thumbnaildimensions'),(101,'Can delete thumbnail dimensions',32,'delete_thumbnaildimensions'),(102,'Can add dublincore',33,'add_dublincore'),(103,'Can change dublincore',33,'change_dublincore'),(104,'Can delete dublincore',33,'delete_dublincore'),(105,'Can add address',34,'add_addressdata'),(106,'Can change address',34,'change_addressdata'),(107,'Can delete address',34,'delete_addressdata'),(108,'Can add geolocation',35,'add_geolocation'),(109,'Can change geolocation',35,'change_geolocation'),(110,'Can delete geolocation',35,'delete_geolocation'),(111,'Can add Attachment',36,'add_attachment'),(112,'Can change Attachment',36,'change_attachment'),(113,'Can delete Attachment',36,'delete_attachment'),(114,'Can add model-download',37,'add_download'),(115,'Can change model-download',37,'change_download'),(116,'Can delete model-download',37,'delete_download'),(117,'Can add photo pool',38,'add_photopool'),(118,'Can change photo pool',38,'change_photopool'),(119,'Can delete photo pool',38,'delete_photopool'),(120,'Can add remote filer image',39,'add_remotefilerimage'),(121,'Can change remote filer image',39,'change_remotefilerimage'),(122,'Can delete remote filer image',39,'delete_remotefilerimage'),(123,'Can add Editierbarer Text',40,'add_editablechars'),(124,'Can change Editierbarer Text',40,'change_editablechars'),(125,'Can delete Editierbarer Text',40,'delete_editablechars'),(126,'Can add Formatierter Text',41,'add_editablerichtext'),(127,'Can change Formatierter Text',41,'change_editablerichtext'),(128,'Can delete Formatierter Text',41,'delete_editablerichtext'),(129,'Can add Editierbares Bild',42,'add_editableimage'),(130,'Can change Editierbares Bild',42,'change_editableimage'),(131,'Can delete Editierbares Bild',42,'delete_editableimage'),(132,'Can add model-workflow',43,'add_workflow'),(133,'Can change model-workflow',43,'change_workflow'),(134,'Can delete model-workflow',43,'delete_workflow'),(135,'Can add Darstellungsdetail',44,'add_flexlayout'),(136,'Can change Darstellungsdetail',44,'change_flexlayout'),(137,'Can delete Darstellungsdetail',44,'delete_flexlayout'),(138,'Can add Text',45,'add_flextext'),(139,'Can change Text',45,'change_flextext'),(140,'Can delete Text',45,'delete_flextext'),(141,'Can add Bild',46,'add_fleximage'),(142,'Can change Bild',46,'change_fleximage'),(143,'Can delete Bild',46,'delete_fleximage'),(144,'Can add Text mit Bild',47,'add_flextextimage'),(145,'Can change Text mit Bild',47,'change_flextextimage'),(146,'Can delete Text mit Bild',47,'delete_flextextimage'),(147,'Can add Quellcode',48,'add_flexcode'),(148,'Can change Quellcode',48,'change_flexcode'),(149,'Can delete Quellcode',48,'delete_flexcode'),(150,'Can add HTML5-Video',49,'add_flexvideo'),(151,'Can change HTML5-Video',49,'change_flexvideo'),(152,'Can delete HTML5-Video',49,'delete_flexvideo'),(153,'Can add Mehrspalter',50,'add_flexsection'),(154,'Can change Mehrspalter',50,'change_flexsection'),(155,'Can delete Mehrspalter',50,'delete_flexsection'),(156,'Can add Datei',51,'add_flexfile'),(157,'Can change Datei',51,'change_flexfile'),(158,'Can delete Datei',51,'delete_flexfile'),(159,'Can add thumbnail option',52,'add_thumbnailoption'),(160,'Can change thumbnail option',52,'change_thumbnailoption'),(161,'Can delete thumbnail option',52,'delete_thumbnailoption');
/*!40000 ALTER TABLE `auth_permission` ENABLE KEYS */;
UNLOCK TABLES;

--
-- Table structure for table `auth_user`
--

DROP TABLE IF EXISTS `auth_user`;
/*!40101 SET @saved_cs_client     = @@character_set_client */;
/*!40101 SET character_set_client = utf8 */;
CREATE TABLE `auth_user` (
  `id` int(11) NOT NULL AUTO_INCREMENT,
  `password` varchar(128) NOT NULL,
  `last_login` datetime DEFAULT NULL,
  `is_superuser` tinyint(1) NOT NULL,
  `username` varchar(150) NOT NULL,
  `first_name` varchar(30) NOT NULL,
  `last_name` varchar(30) NOT NULL,
  `email` varchar(254) NOT NULL,
  `is_staff` tinyint(1) NOT NULL,
  `is_active` tinyint(1) NOT NULL,
  `date_joined` datetime NOT NULL,
  PRIMARY KEY (`id`),
  UNIQUE KEY `username` (`username`)
) ENGINE=InnoDB AUTO_INCREMENT=2 DEFAULT CHARSET=latin1;
/*!40101 SET character_set_client = @saved_cs_client */;

--
-- Dumping data for table `auth_user`
--

LOCK TABLES `auth_user` WRITE;
/*!40000 ALTER TABLE `auth_user` DISABLE KEYS */;
INSERT INTO `auth_user` VALUES (1,'pbkdf2_sha256$30000$A8AWiKJan7sT$MliELm9Ud4QD1fG4fKw2+FPbjUUZxBjEaO/glQ3hOb0=','2017-06-28 05:41:43',1,'maisengasse','','','admin@maisengasse.at',1,1,'2016-05-17 16:11:12');
/*!40000 ALTER TABLE `auth_user` ENABLE KEYS */;
UNLOCK TABLES;

--
-- Table structure for table `auth_user_groups`
--

DROP TABLE IF EXISTS `auth_user_groups`;
/*!40101 SET @saved_cs_client     = @@character_set_client */;
/*!40101 SET character_set_client = utf8 */;
CREATE TABLE `auth_user_groups` (
  `id` int(11) NOT NULL AUTO_INCREMENT,
  `user_id` int(11) NOT NULL,
  `group_id` int(11) NOT NULL,
  PRIMARY KEY (`id`),
  UNIQUE KEY `user_id` (`user_id`,`group_id`),
  KEY `auth_user_groups_group_id_33ac548dcf5f8e37_fk_auth_group_id` (`group_id`),
  CONSTRAINT `auth_user_groups_group_id_33ac548dcf5f8e37_fk_auth_group_id` FOREIGN KEY (`group_id`) REFERENCES `auth_group` (`id`),
  CONSTRAINT `auth_user_groups_user_id_4b5ed4ffdb8fd9b0_fk_auth_user_id` FOREIGN KEY (`user_id`) REFERENCES `auth_user` (`id`)
) ENGINE=InnoDB DEFAULT CHARSET=latin1;
/*!40101 SET character_set_client = @saved_cs_client */;

--
-- Dumping data for table `auth_user_groups`
--

LOCK TABLES `auth_user_groups` WRITE;
/*!40000 ALTER TABLE `auth_user_groups` DISABLE KEYS */;
/*!40000 ALTER TABLE `auth_user_groups` ENABLE KEYS */;
UNLOCK TABLES;

--
-- Table structure for table `auth_user_user_permissions`
--

DROP TABLE IF EXISTS `auth_user_user_permissions`;
/*!40101 SET @saved_cs_client     = @@character_set_client */;
/*!40101 SET character_set_client = utf8 */;
CREATE TABLE `auth_user_user_permissions` (
  `id` int(11) NOT NULL AUTO_INCREMENT,
  `user_id` int(11) NOT NULL,
  `permission_id` int(11) NOT NULL,
  PRIMARY KEY (`id`),
  UNIQUE KEY `user_id` (`user_id`,`permission_id`),
  KEY `auth_user_u_permission_id_384b62483d7071f0_fk_auth_permission_id` (`permission_id`),
  CONSTRAINT `auth_user_u_permission_id_384b62483d7071f0_fk_auth_permission_id` FOREIGN KEY (`permission_id`) REFERENCES `auth_permission` (`id`),
  CONSTRAINT `auth_user_user_permissi_user_id_7f0938558328534a_fk_auth_user_id` FOREIGN KEY (`user_id`) REFERENCES `auth_user` (`id`)
) ENGINE=InnoDB DEFAULT CHARSET=latin1;
/*!40101 SET character_set_client = @saved_cs_client */;

--
-- Dumping data for table `auth_user_user_permissions`
--

LOCK TABLES `auth_user_user_permissions` WRITE;
/*!40000 ALTER TABLE `auth_user_user_permissions` DISABLE KEYS */;
/*!40000 ALTER TABLE `auth_user_user_permissions` ENABLE KEYS */;
UNLOCK TABLES;

--
-- Table structure for table `cms_aliaspluginmodel`
--

DROP TABLE IF EXISTS `cms_aliaspluginmodel`;
/*!40101 SET @saved_cs_client     = @@character_set_client */;
/*!40101 SET character_set_client = utf8 */;
CREATE TABLE `cms_aliaspluginmodel` (
  `cmsplugin_ptr_id` int(11) NOT NULL,
  `plugin_id` int(11) DEFAULT NULL,
  `alias_placeholder_id` int(11) DEFAULT NULL,
  PRIMARY KEY (`cmsplugin_ptr_id`),
  KEY `cms_aliaspluginmo_plugin_id_6cb0e8f62e7b802f_fk_cms_cmsplugin_id` (`plugin_id`),
  KEY `cms_aliaspluginmodel_921abf5c` (`alias_placeholder_id`),
  CONSTRAINT `cms_aliaspl_cmsplugin_ptr_id_a146238a4a634c4_fk_cms_cmsplugin_id` FOREIGN KEY (`cmsplugin_ptr_id`) REFERENCES `cms_cmsplugin` (`id`),
  CONSTRAINT `cms_aliaspluginmo_plugin_id_6cb0e8f62e7b802f_fk_cms_cmsplugin_id` FOREIGN KEY (`plugin_id`) REFERENCES `cms_cmsplugin` (`id`),
  CONSTRAINT `cms__alias_placeholder_id_19ff87f4b6506f7d_fk_cms_placeholder_id` FOREIGN KEY (`alias_placeholder_id`) REFERENCES `cms_placeholder` (`id`)
) ENGINE=InnoDB DEFAULT CHARSET=latin1;
/*!40101 SET character_set_client = @saved_cs_client */;

--
-- Dumping data for table `cms_aliaspluginmodel`
--

LOCK TABLES `cms_aliaspluginmodel` WRITE;
/*!40000 ALTER TABLE `cms_aliaspluginmodel` DISABLE KEYS */;
/*!40000 ALTER TABLE `cms_aliaspluginmodel` ENABLE KEYS */;
UNLOCK TABLES;

--
-- Table structure for table `cms_cmsplugin`
--

DROP TABLE IF EXISTS `cms_cmsplugin`;
/*!40101 SET @saved_cs_client     = @@character_set_client */;
/*!40101 SET character_set_client = utf8 */;
CREATE TABLE `cms_cmsplugin` (
  `id` int(11) NOT NULL AUTO_INCREMENT,
  `position` smallint(5) unsigned NOT NULL,
  `language` varchar(15) NOT NULL,
  `plugin_type` varchar(50) NOT NULL,
  `creation_date` datetime NOT NULL,
  `changed_date` datetime NOT NULL,
  `parent_id` int(11) DEFAULT NULL,
  `placeholder_id` int(11) DEFAULT NULL,
  `depth` int(10) unsigned NOT NULL,
  `numchild` int(10) unsigned NOT NULL,
  `path` varchar(255) NOT NULL,
  PRIMARY KEY (`id`),
  UNIQUE KEY `cms_cmsplugin_path_7692c19a7d5df9d5_uniq` (`path`),
  KEY `cms_cmsplugin_8512ae7d` (`language`),
  KEY `cms_cmsplugin_b5e4cf8f` (`plugin_type`),
  KEY `cms_cmsplugin_6be37982` (`parent_id`),
  KEY `cms_cmsplugin_667a6151` (`placeholder_id`),
  CONSTRAINT `cms_cmsplugin_parent_id_3227a3752b89b923_fk_cms_cmsplugin_id` FOREIGN KEY (`parent_id`) REFERENCES `cms_cmsplugin` (`id`),
  CONSTRAINT `cms_cmsplu_placeholder_id_45e08772be34ec0f_fk_cms_placeholder_id` FOREIGN KEY (`placeholder_id`) REFERENCES `cms_placeholder` (`id`)
) ENGINE=InnoDB AUTO_INCREMENT=118 DEFAULT CHARSET=latin1;
/*!40101 SET character_set_client = @saved_cs_client */;

--
-- Dumping data for table `cms_cmsplugin`
--

LOCK TABLES `cms_cmsplugin` WRITE;
/*!40000 ALTER TABLE `cms_cmsplugin` DISABLE KEYS */;
INSERT INTO `cms_cmsplugin` VALUES (1,1,'de','FlexTextPlugin','2016-05-30 15:02:09','2016-05-30 15:55:26',NULL,3,1,0,'0001'),(4,0,'de','FlexImagePlugin','2016-05-30 15:09:24','2016-05-30 15:55:26',NULL,3,1,0,'0003'),(6,3,'de','FlexSectionPlugin','2016-05-30 15:33:13','2016-05-30 15:58:16',NULL,3,1,3,'0004'),(7,0,'de','FlexImagePlugin','2016-05-30 15:35:09','2016-05-30 15:55:22',6,3,2,0,'00040001'),(8,3,'de','FlexImagePlugin','2016-05-30 15:35:09','2016-05-30 15:55:22',6,3,2,0,'00040002'),(9,1,'de','FlexImagePlugin','2016-05-30 15:35:09','2016-05-30 15:55:22',6,3,2,0,'00040004'),(10,2,'de','FlexCodePlugin','2016-05-30 15:39:12','2016-05-30 15:55:26',NULL,3,1,0,'000C'),(11,4,'de','FlexVideoPlugin','2016-05-30 15:40:25','2016-05-30 15:55:26',NULL,3,1,0,'0006'),(37,8,'de','FlexSectionPlugin','2016-05-30 16:00:45','2016-05-30 16:03:30',NULL,3,1,2,'000I'),(38,0,'de','FlexImagePlugin','2016-05-30 16:01:28','2016-05-30 16:01:45',37,3,2,0,'000I0001'),(39,1,'de','FlexTextPlugin','2016-05-30 16:01:28','2016-05-30 16:01:58',37,3,2,0,'000I0002'),(51,0,'de','FlexTextPlugin','2016-11-04 09:56:05','2016-11-04 09:56:22',NULL,4,1,0,'000P'),(52,0,'de','FlexTextPlugin','2016-11-04 09:56:05','2016-11-04 09:58:18',NULL,6,1,0,'000Q'),(53,0,'de','FlexImagePlugin','2016-11-04 10:21:06','2016-11-04 10:35:52',NULL,5,1,0,'000R'),(54,2,'de','FlexSectionPlugin','2016-11-04 10:21:38','2016-11-04 10:21:38',NULL,5,1,3,'000S'),(55,0,'de','FlexTextImagePlugin','2016-11-04 10:21:38','2017-06-27 13:19:50',54,5,2,0,'000S0001'),(56,1,'de','FlexTextImagePlugin','2016-11-04 10:21:38','2017-06-27 14:34:02',54,5,2,0,'000S0002'),(57,2,'de','FlexTextImagePlugin','2016-11-04 10:21:38','2016-11-04 10:22:54',54,5,2,0,'000S0003'),(58,1,'de','FlexTextPlugin','2016-11-04 10:24:12','2016-11-04 10:26:16',NULL,5,1,0,'000T'),(59,0,'de','FlexSectionPlugin','2016-11-04 10:34:03','2016-11-04 10:34:03',NULL,8,1,3,'000U'),(60,0,'de','FlexTextPlugin','2016-11-04 10:34:03','2016-11-04 10:34:03',59,8,2,0,'000U0001'),(61,1,'de','FlexTextPlugin','2016-11-04 10:34:03','2016-11-04 10:34:03',59,8,2,0,'000U0002'),(62,2,'de','FlexImagePlugin','2016-11-04 10:35:26','2016-11-04 10:35:26',59,8,2,0,'000U0003'),(80,0,'de','FlexSectionPlugin','2016-11-04 10:34:03','2016-11-04 10:47:58',NULL,9,1,3,'0014'),(81,0,'de','FlexTextPlugin','2016-11-04 10:34:03','2016-11-04 10:47:58',80,9,2,0,'00140001'),(82,1,'de','FlexTextPlugin','2016-11-04 10:34:03','2016-11-04 10:47:58',80,9,2,0,'00140002'),(83,2,'de','FlexImagePlugin','2016-11-04 10:35:26','2016-11-04 10:47:58',80,9,2,0,'00140003'),(101,1,'de','FlexTextPlugin','2016-05-30 15:02:09','2017-06-27 14:52:05',NULL,2,1,0,'0015'),(102,0,'de','FlexImagePlugin','2016-05-30 15:09:24','2017-06-27 14:52:05',NULL,2,1,0,'0016'),(103,3,'de','FlexSectionPlugin','2016-05-30 15:33:13','2017-06-27 14:52:05',NULL,2,1,3,'0017'),(104,0,'de','FlexImagePlugin','2016-05-30 15:35:09','2017-06-27 14:52:05',103,2,2,0,'00170001'),(105,3,'de','FlexImagePlugin','2016-05-30 15:35:09','2017-06-27 14:52:05',103,2,2,0,'00170002'),(106,1,'de','FlexImagePlugin','2016-05-30 15:35:09','2017-06-27 14:52:05',103,2,2,0,'00170003'),(107,4,'de','FlexVideoPlugin','2016-05-30 15:40:25','2017-06-27 14:52:05',NULL,2,1,0,'0018'),(108,2,'de','FlexCodePlugin','2016-05-30 15:39:12','2017-06-27 14:52:05',NULL,2,1,0,'0019'),(109,8,'de','FlexSectionPlugin','2016-05-30 16:00:45','2017-06-27 14:52:05',NULL,2,1,2,'001A'),(110,0,'de','FlexImagePlugin','2016-05-30 16:01:28','2017-06-27 14:52:05',109,2,2,0,'001A0001'),(111,1,'de','FlexTextPlugin','2016-05-30 16:01:28','2017-06-27 14:52:05',109,2,2,0,'001A0002'),(112,0,'de','FlexImagePlugin','2016-11-04 10:21:06','2017-06-27 14:52:05',NULL,7,1,0,'001B'),(113,2,'de','FlexSectionPlugin','2016-11-04 10:21:38','2017-06-27 14:52:05',NULL,7,1,3,'001C'),(114,0,'de','FlexTextImagePlugin','2016-11-04 10:21:38','2017-06-27 14:52:05',113,7,2,0,'001C0001'),(115,1,'de','FlexTextImagePlugin','2016-11-04 10:21:38','2017-06-27 14:52:05',113,7,2,0,'001C0002'),(116,2,'de','FlexTextImagePlugin','2016-11-04 10:21:38','2017-06-27 14:52:05',113,7,2,0,'001C0003'),(117,1,'de','FlexTextPlugin','2016-11-04 10:24:12','2017-06-27 14:52:05',NULL,7,1,0,'001D');
/*!40000 ALTER TABLE `cms_cmsplugin` ENABLE KEYS */;
UNLOCK TABLES;

--
-- Table structure for table `cms_globalpagepermission`
--

DROP TABLE IF EXISTS `cms_globalpagepermission`;
/*!40101 SET @saved_cs_client     = @@character_set_client */;
/*!40101 SET character_set_client = utf8 */;
CREATE TABLE `cms_globalpagepermission` (
  `id` int(11) NOT NULL AUTO_INCREMENT,
  `can_change` tinyint(1) NOT NULL,
  `can_add` tinyint(1) NOT NULL,
  `can_delete` tinyint(1) NOT NULL,
  `can_change_advanced_settings` tinyint(1) NOT NULL,
  `can_publish` tinyint(1) NOT NULL,
  `can_change_permissions` tinyint(1) NOT NULL,
  `can_move_page` tinyint(1) NOT NULL,
  `can_view` tinyint(1) NOT NULL,
  `can_recover_page` tinyint(1) NOT NULL,
  `group_id` int(11) DEFAULT NULL,
  `user_id` int(11) DEFAULT NULL,
  PRIMARY KEY (`id`),
  KEY `cms_globalpagepermiss_group_id_5495c04a8b715951_fk_auth_group_id` (`group_id`),
  KEY `cms_globalpagepermissio_user_id_5b7e387d572f1d18_fk_auth_user_id` (`user_id`),
  CONSTRAINT `cms_globalpagepermissio_user_id_5b7e387d572f1d18_fk_auth_user_id` FOREIGN KEY (`user_id`) REFERENCES `auth_user` (`id`),
  CONSTRAINT `cms_globalpagepermiss_group_id_5495c04a8b715951_fk_auth_group_id` FOREIGN KEY (`group_id`) REFERENCES `auth_group` (`id`)
) ENGINE=InnoDB DEFAULT CHARSET=latin1;
/*!40101 SET character_set_client = @saved_cs_client */;

--
-- Dumping data for table `cms_globalpagepermission`
--

LOCK TABLES `cms_globalpagepermission` WRITE;
/*!40000 ALTER TABLE `cms_globalpagepermission` DISABLE KEYS */;
/*!40000 ALTER TABLE `cms_globalpagepermission` ENABLE KEYS */;
UNLOCK TABLES;

--
-- Table structure for table `cms_globalpagepermission_sites`
--

DROP TABLE IF EXISTS `cms_globalpagepermission_sites`;
/*!40101 SET @saved_cs_client     = @@character_set_client */;
/*!40101 SET character_set_client = utf8 */;
CREATE TABLE `cms_globalpagepermission_sites` (
  `id` int(11) NOT NULL AUTO_INCREMENT,
  `globalpagepermission_id` int(11) NOT NULL,
  `site_id` int(11) NOT NULL,
  PRIMARY KEY (`id`),
  UNIQUE KEY `globalpagepermission_id` (`globalpagepermission_id`,`site_id`),
  KEY `cms_globalpagepermiss_site_id_2805b267618ef941_fk_django_site_id` (`site_id`),
  CONSTRAINT `f9540a0f4c5a4ddcc0802274553b3047` FOREIGN KEY (`globalpagepermission_id`) REFERENCES `cms_globalpagepermission` (`id`),
  CONSTRAINT `cms_globalpagepermiss_site_id_2805b267618ef941_fk_django_site_id` FOREIGN KEY (`site_id`) REFERENCES `django_site` (`id`)
) ENGINE=InnoDB DEFAULT CHARSET=latin1;
/*!40101 SET character_set_client = @saved_cs_client */;

--
-- Dumping data for table `cms_globalpagepermission_sites`
--

LOCK TABLES `cms_globalpagepermission_sites` WRITE;
/*!40000 ALTER TABLE `cms_globalpagepermission_sites` DISABLE KEYS */;
/*!40000 ALTER TABLE `cms_globalpagepermission_sites` ENABLE KEYS */;
UNLOCK TABLES;

--
-- Table structure for table `cms_page`
--

DROP TABLE IF EXISTS `cms_page`;
/*!40101 SET @saved_cs_client     = @@character_set_client */;
/*!40101 SET character_set_client = utf8 */;
CREATE TABLE `cms_page` (
  `id` int(11) NOT NULL AUTO_INCREMENT,
  `created_by` varchar(255) NOT NULL,
  `changed_by` varchar(255) NOT NULL,
  `creation_date` datetime NOT NULL,
  `changed_date` datetime NOT NULL,
  `publication_date` datetime DEFAULT NULL,
  `publication_end_date` datetime DEFAULT NULL,
  `in_navigation` tinyint(1) NOT NULL,
  `soft_root` tinyint(1) NOT NULL,
  `reverse_id` varchar(40) DEFAULT NULL,
  `navigation_extenders` varchar(80) DEFAULT NULL,
  `template` varchar(100) NOT NULL,
  `login_required` tinyint(1) NOT NULL,
  `limit_visibility_in_menu` smallint(6) DEFAULT NULL,
  `is_home` tinyint(1) NOT NULL,
  `application_urls` varchar(200) DEFAULT NULL,
  `application_namespace` varchar(200) DEFAULT NULL,
  `publisher_is_draft` tinyint(1) NOT NULL,
  `languages` varchar(255) DEFAULT NULL,
  `revision_id` int(10) unsigned NOT NULL,
  `xframe_options` int(11) NOT NULL,
  `parent_id` int(11) DEFAULT NULL,
  `publisher_public_id` int(11) DEFAULT NULL,
  `site_id` int(11) NOT NULL,
  `depth` int(10) unsigned NOT NULL,
  `numchild` int(10) unsigned NOT NULL,
  `path` varchar(255) NOT NULL,
  PRIMARY KEY (`id`),
  UNIQUE KEY `cms_page_path_518270318703c18f_uniq` (`path`),
  UNIQUE KEY `publisher_public_id` (`publisher_public_id`),
  UNIQUE KEY `cms_page_reverse_id_a864144bd3516c9_uniq` (`reverse_id`,`site_id`,`publisher_is_draft`),
  UNIQUE KEY `cms_page_publisher_is_draft_7597e61e0082d3aa_uniq` (`publisher_is_draft`,`site_id`,`application_namespace`),
  KEY `cms_page_parent_id_3a1df0ef76fe1197_fk_cms_page_id` (`parent_id`),
  KEY `cms_page_site_id_74f6849b7245e838_fk_django_site_id` (`site_id`),
  KEY `cms_page_93b83098` (`publication_date`),
  KEY `cms_page_2247c5f0` (`publication_end_date`),
  KEY `cms_page_db3eb53f` (`in_navigation`),
  KEY `cms_page_1d85575d` (`soft_root`),
  KEY `cms_page_3d9ef52f` (`reverse_id`),
  KEY `cms_page_7b8acfa6` (`navigation_extenders`),
  KEY `cms_page_cb540373` (`limit_visibility_in_menu`),
  KEY `cms_page_4fa1c803` (`is_home`),
  KEY `cms_page_e721871e` (`application_urls`),
  KEY `cms_page_b7700099` (`publisher_is_draft`),
  CONSTRAINT `cms_page_parent_id_3a1df0ef76fe1197_fk_cms_page_id` FOREIGN KEY (`parent_id`) REFERENCES `cms_page` (`id`),
  CONSTRAINT `cms_page_publisher_public_id_6d3414df27b14e29_fk_cms_page_id` FOREIGN KEY (`publisher_public_id`) REFERENCES `cms_page` (`id`),
  CONSTRAINT `cms_page_site_id_74f6849b7245e838_fk_django_site_id` FOREIGN KEY (`site_id`) REFERENCES `django_site` (`id`)
) ENGINE=InnoDB AUTO_INCREMENT=19 DEFAULT CHARSET=latin1;
/*!40101 SET character_set_client = @saved_cs_client */;

--
-- Dumping data for table `cms_page`
--

LOCK TABLES `cms_page` WRITE;
/*!40000 ALTER TABLE `cms_page` DISABLE KEYS */;
INSERT INTO `cms_page` VALUES (1,'script','maisengasse','2016-05-17 16:12:09','2017-06-28 05:42:17','2016-05-30 14:42:50',NULL,0,0,NULL,NULL,'default.html',0,NULL,1,NULL,NULL,1,'de',0,0,NULL,10,1,1,0,'0001'),(2,'script','maisengasse','2016-05-17 16:12:32','2016-05-30 14:42:51','2016-05-30 14:42:47',NULL,1,0,NULL,NULL,'INHERIT',0,NULL,0,NULL,NULL,1,'de',0,0,NULL,9,1,1,2,'0004'),(3,'script','maisengasse','2016-05-17 16:12:42','2016-05-30 14:42:47','2016-05-30 14:42:43',NULL,1,0,NULL,NULL,'INHERIT',0,NULL,0,NULL,NULL,1,'de',0,0,NULL,8,1,1,0,'0006'),(4,'maisengasse','maisengasse','2016-05-17 16:12:57','2016-05-30 14:42:43','2016-05-30 14:29:16',NULL,1,0,NULL,NULL,'INHERIT',0,NULL,0,NULL,NULL,1,'de',0,0,NULL,7,1,1,0,'0008'),(5,'maisengasse','maisengasse','2016-05-17 16:13:07','2016-05-30 14:42:56','2016-05-30 14:42:56',NULL,1,0,NULL,NULL,'INHERIT',0,NULL,0,NULL,NULL,1,'de',0,0,2,11,1,2,0,'00040001'),(6,'maisengasse','maisengasse','2016-05-17 16:13:16','2016-05-30 14:43:01','2016-05-30 14:43:00',NULL,1,0,NULL,NULL,'INHERIT',0,NULL,0,NULL,NULL,1,'de',0,0,2,12,1,2,0,'00040002'),(7,'maisengasse','maisengasse','2016-05-30 14:29:16','2016-05-30 14:42:43','2016-05-30 14:29:16',NULL,1,0,NULL,NULL,'INHERIT',0,NULL,0,NULL,NULL,0,'de',0,0,NULL,4,1,1,0,'0009'),(8,'maisengasse','maisengasse','2016-05-30 14:42:43','2016-05-30 14:42:47','2016-05-30 14:42:43',NULL,1,0,NULL,NULL,'INHERIT',0,NULL,0,NULL,NULL,0,'de',0,0,NULL,3,1,1,0,'0007'),(9,'maisengasse','maisengasse','2016-05-30 14:42:47','2016-05-30 14:42:51','2016-05-30 14:42:47',NULL,1,0,NULL,NULL,'INHERIT',0,NULL,0,NULL,NULL,0,'de',0,0,NULL,2,1,1,2,'0005'),(10,'maisengasse','maisengasse','2016-05-30 14:42:50','2017-06-28 05:42:17','2016-05-30 14:42:50',NULL,0,0,NULL,NULL,'default.html',0,NULL,1,NULL,NULL,0,'de',0,0,NULL,1,1,1,0,'0002'),(11,'maisengasse','maisengasse','2016-05-30 14:42:56','2016-05-30 14:42:56','2016-05-30 14:42:56',NULL,1,0,NULL,NULL,'INHERIT',0,NULL,0,NULL,NULL,0,'de',0,0,9,5,1,2,0,'00050001'),(12,'maisengasse','maisengasse','2016-05-30 14:43:00','2016-05-30 14:43:01','2016-05-30 14:43:00',NULL,1,0,NULL,NULL,'INHERIT',0,NULL,0,NULL,NULL,0,'de',0,0,9,6,1,2,0,'00050002'),(13,'maisengasse','maisengasse','2016-11-04 09:35:58','2016-11-04 09:58:18','2016-11-04 09:36:08',NULL,0,0,NULL,NULL,'INHERIT',0,NULL,0,NULL,NULL,1,'de',0,0,NULL,14,1,1,0,'000A'),(14,'maisengasse','maisengasse','2016-11-04 09:36:08','2016-11-04 09:58:18','2016-11-04 09:36:08',NULL,0,0,NULL,NULL,'INHERIT',0,NULL,0,NULL,NULL,0,'de',0,0,NULL,13,1,1,0,'000B'),(15,'maisengasse','maisengasse','2017-06-27 14:52:02','2017-06-27 14:55:58','2017-06-27 14:55:58',NULL,1,0,NULL,'','static.html',0,NULL,0,'',NULL,1,'de',0,0,NULL,16,1,1,0,'000C'),(16,'maisengasse','maisengasse','2017-06-27 14:55:58','2017-06-27 14:55:58','2017-06-27 14:55:58',NULL,1,0,NULL,'','static.html',0,NULL,0,'',NULL,0,'de',0,0,NULL,15,1,1,0,'000D'),(17,'maisengasse','maisengasse','2017-06-28 05:41:56','2017-06-28 05:42:17','2017-06-28 05:42:16',NULL,1,0,NULL,'','INHERIT',0,NULL,0,'InquiryApphook',NULL,1,'de',0,0,NULL,18,1,1,0,'000E'),(18,'maisengasse','maisengasse','2017-06-28 05:42:16','2017-06-28 05:42:17','2017-06-28 05:42:16',NULL,1,0,NULL,'','INHERIT',0,NULL,0,'InquiryApphook',NULL,0,'de',0,0,NULL,17,1,1,0,'000F');
/*!40000 ALTER TABLE `cms_page` ENABLE KEYS */;
UNLOCK TABLES;

--
-- Table structure for table `cms_page_placeholders`
--

DROP TABLE IF EXISTS `cms_page_placeholders`;
/*!40101 SET @saved_cs_client     = @@character_set_client */;
/*!40101 SET character_set_client = utf8 */;
CREATE TABLE `cms_page_placeholders` (
  `id` int(11) NOT NULL AUTO_INCREMENT,
  `page_id` int(11) NOT NULL,
  `placeholder_id` int(11) NOT NULL,
  PRIMARY KEY (`id`),
  UNIQUE KEY `page_id` (`page_id`,`placeholder_id`),
  KEY `cms_page_p_placeholder_id_1e2710bd8c76d9ad_fk_cms_placeholder_id` (`placeholder_id`),
  CONSTRAINT `cms_page_p_placeholder_id_1e2710bd8c76d9ad_fk_cms_placeholder_id` FOREIGN KEY (`placeholder_id`) REFERENCES `cms_placeholder` (`id`),
  CONSTRAINT `cms_page_placeholders_page_id_2339fb692425adb6_fk_cms_page_id` FOREIGN KEY (`page_id`) REFERENCES `cms_page` (`id`)
) ENGINE=InnoDB AUTO_INCREMENT=15 DEFAULT CHARSET=latin1;
/*!40101 SET character_set_client = @saved_cs_client */;

--
-- Dumping data for table `cms_page_placeholders`
--

LOCK TABLES `cms_page_placeholders` WRITE;
/*!40000 ALTER TABLE `cms_page_placeholders` DISABLE KEYS */;
INSERT INTO `cms_page_placeholders` VALUES (2,1,3),(4,1,5),(8,3,11),(9,4,12),(10,6,13),(1,10,2),(6,10,7),(7,11,10),(3,13,4),(5,14,6),(11,15,14),(12,16,15),(13,17,16),(14,18,17);
/*!40000 ALTER TABLE `cms_page_placeholders` ENABLE KEYS */;
UNLOCK TABLES;

--
-- Table structure for table `cms_pagepermission`
--

DROP TABLE IF EXISTS `cms_pagepermission`;
/*!40101 SET @saved_cs_client     = @@character_set_client */;
/*!40101 SET character_set_client = utf8 */;
CREATE TABLE `cms_pagepermission` (
  `id` int(11) NOT NULL AUTO_INCREMENT,
  `can_change` tinyint(1) NOT NULL,
  `can_add` tinyint(1) NOT NULL,
  `can_delete` tinyint(1) NOT NULL,
  `can_change_advanced_settings` tinyint(1) NOT NULL,
  `can_publish` tinyint(1) NOT NULL,
  `can_change_permissions` tinyint(1) NOT NULL,
  `can_move_page` tinyint(1) NOT NULL,
  `can_view` tinyint(1) NOT NULL,
  `grant_on` int(11) NOT NULL,
  `group_id` int(11) DEFAULT NULL,
  `page_id` int(11) DEFAULT NULL,
  `user_id` int(11) DEFAULT NULL,
  PRIMARY KEY (`id`),
  KEY `cms_pagepermission_group_id_39f298fdb5026_fk_auth_group_id` (`group_id`),
  KEY `cms_pagepermission_page_id_214a878c4fb6ec65_fk_cms_page_id` (`page_id`),
  KEY `cms_pagepermission_user_id_b6429a51a3e8e53_fk_auth_user_id` (`user_id`),
  CONSTRAINT `cms_pagepermission_user_id_b6429a51a3e8e53_fk_auth_user_id` FOREIGN KEY (`user_id`) REFERENCES `auth_user` (`id`),
  CONSTRAINT `cms_pagepermission_group_id_39f298fdb5026_fk_auth_group_id` FOREIGN KEY (`group_id`) REFERENCES `auth_group` (`id`),
  CONSTRAINT `cms_pagepermission_page_id_214a878c4fb6ec65_fk_cms_page_id` FOREIGN KEY (`page_id`) REFERENCES `cms_page` (`id`)
) ENGINE=InnoDB DEFAULT CHARSET=latin1;
/*!40101 SET character_set_client = @saved_cs_client */;

--
-- Dumping data for table `cms_pagepermission`
--

LOCK TABLES `cms_pagepermission` WRITE;
/*!40000 ALTER TABLE `cms_pagepermission` DISABLE KEYS */;
/*!40000 ALTER TABLE `cms_pagepermission` ENABLE KEYS */;
UNLOCK TABLES;

--
-- Table structure for table `cms_pageuser`
--

DROP TABLE IF EXISTS `cms_pageuser`;
/*!40101 SET @saved_cs_client     = @@character_set_client */;
/*!40101 SET character_set_client = utf8 */;
CREATE TABLE `cms_pageuser` (
  `user_ptr_id` int(11) NOT NULL,
  `created_by_id` int(11) NOT NULL,
  PRIMARY KEY (`user_ptr_id`),
  KEY `cms_pageuser_created_by_id_18eb7aa0ce6f1c16_fk_auth_user_id` (`created_by_id`),
  CONSTRAINT `cms_pageuser_created_by_id_18eb7aa0ce6f1c16_fk_auth_user_id` FOREIGN KEY (`created_by_id`) REFERENCES `auth_user` (`id`),
  CONSTRAINT `cms_pageuser_user_ptr_id_7b1c6e2f6b58ccde_fk_auth_user_id` FOREIGN KEY (`user_ptr_id`) REFERENCES `auth_user` (`id`)
) ENGINE=InnoDB DEFAULT CHARSET=latin1;
/*!40101 SET character_set_client = @saved_cs_client */;

--
-- Dumping data for table `cms_pageuser`
--

LOCK TABLES `cms_pageuser` WRITE;
/*!40000 ALTER TABLE `cms_pageuser` DISABLE KEYS */;
/*!40000 ALTER TABLE `cms_pageuser` ENABLE KEYS */;
UNLOCK TABLES;

--
-- Table structure for table `cms_pageusergroup`
--

DROP TABLE IF EXISTS `cms_pageusergroup`;
/*!40101 SET @saved_cs_client     = @@character_set_client */;
/*!40101 SET character_set_client = utf8 */;
CREATE TABLE `cms_pageusergroup` (
  `group_ptr_id` int(11) NOT NULL,
  `created_by_id` int(11) NOT NULL,
  PRIMARY KEY (`group_ptr_id`),
  KEY `cms_pageusergroup_created_by_id_53218d1b0250196_fk_auth_user_id` (`created_by_id`),
  CONSTRAINT `cms_pageusergroup_created_by_id_53218d1b0250196_fk_auth_user_id` FOREIGN KEY (`created_by_id`) REFERENCES `auth_user` (`id`),
  CONSTRAINT `cms_pageusergroup_group_ptr_id_2fed9cde9e11700f_fk_auth_group_id` FOREIGN KEY (`group_ptr_id`) REFERENCES `auth_group` (`id`)
) ENGINE=InnoDB DEFAULT CHARSET=latin1;
/*!40101 SET character_set_client = @saved_cs_client */;

--
-- Dumping data for table `cms_pageusergroup`
--

LOCK TABLES `cms_pageusergroup` WRITE;
/*!40000 ALTER TABLE `cms_pageusergroup` DISABLE KEYS */;
/*!40000 ALTER TABLE `cms_pageusergroup` ENABLE KEYS */;
UNLOCK TABLES;

--
-- Table structure for table `cms_placeholder`
--

DROP TABLE IF EXISTS `cms_placeholder`;
/*!40101 SET @saved_cs_client     = @@character_set_client */;
/*!40101 SET character_set_client = utf8 */;
CREATE TABLE `cms_placeholder` (
  `id` int(11) NOT NULL AUTO_INCREMENT,
  `slot` varchar(255) NOT NULL,
  `default_width` smallint(5) unsigned DEFAULT NULL,
  PRIMARY KEY (`id`),
  KEY `cms_placeholder_5e97994e` (`slot`)
) ENGINE=InnoDB AUTO_INCREMENT=18 DEFAULT CHARSET=latin1;
/*!40101 SET character_set_client = @saved_cs_client */;

--
-- Dumping data for table `cms_placeholder`
--

LOCK TABLES `cms_placeholder` WRITE;
/*!40000 ALTER TABLE `cms_placeholder` DISABLE KEYS */;
INSERT INTO `cms_placeholder` VALUES (1,'clipboard',NULL),(2,'main',NULL),(3,'main',NULL),(4,'content',NULL),(5,'content',NULL),(6,'content',NULL),(7,'content',NULL),(8,'footer',NULL),(9,'footer',NULL),(10,'content',NULL),(11,'content',NULL),(12,'content',NULL),(13,'content',NULL),(14,'content',NULL),(15,'content',NULL),(16,'content',NULL),(17,'content',NULL);
/*!40000 ALTER TABLE `cms_placeholder` ENABLE KEYS */;
UNLOCK TABLES;

--
-- Table structure for table `cms_placeholderreference`
--

DROP TABLE IF EXISTS `cms_placeholderreference`;
/*!40101 SET @saved_cs_client     = @@character_set_client */;
/*!40101 SET character_set_client = utf8 */;
CREATE TABLE `cms_placeholderreference` (
  `cmsplugin_ptr_id` int(11) NOT NULL,
  `name` varchar(255) NOT NULL,
  `placeholder_ref_id` int(11) DEFAULT NULL,
  PRIMARY KEY (`cmsplugin_ptr_id`),
  KEY `cms_placeholderreference_328d0afc` (`placeholder_ref_id`),
  CONSTRAINT `cms_placeh_cmsplugin_ptr_id_57d93b52c864bee6_fk_cms_cmsplugin_id` FOREIGN KEY (`cmsplugin_ptr_id`) REFERENCES `cms_cmsplugin` (`id`),
  CONSTRAINT `cms_pl_placeholder_ref_id_6d7ea115a2f488ec_fk_cms_placeholder_id` FOREIGN KEY (`placeholder_ref_id`) REFERENCES `cms_placeholder` (`id`)
) ENGINE=InnoDB DEFAULT CHARSET=latin1;
/*!40101 SET character_set_client = @saved_cs_client */;

--
-- Dumping data for table `cms_placeholderreference`
--

LOCK TABLES `cms_placeholderreference` WRITE;
/*!40000 ALTER TABLE `cms_placeholderreference` DISABLE KEYS */;
/*!40000 ALTER TABLE `cms_placeholderreference` ENABLE KEYS */;
UNLOCK TABLES;

--
-- Table structure for table `cms_staticplaceholder`
--

DROP TABLE IF EXISTS `cms_staticplaceholder`;
/*!40101 SET @saved_cs_client     = @@character_set_client */;
/*!40101 SET character_set_client = utf8 */;
CREATE TABLE `cms_staticplaceholder` (
  `id` int(11) NOT NULL AUTO_INCREMENT,
  `name` varchar(255) NOT NULL,
  `code` varchar(255) NOT NULL,
  `dirty` tinyint(1) NOT NULL,
  `creation_method` varchar(20) NOT NULL,
  `draft_id` int(11) DEFAULT NULL,
  `public_id` int(11) DEFAULT NULL,
  `site_id` int(11) DEFAULT NULL,
  PRIMARY KEY (`id`),
  UNIQUE KEY `cms_staticplaceholder_code_6c6b490a9fe0e459_uniq` (`code`,`site_id`),
  KEY `cms_staticplaceholder_site_id_65c8a138163af08f_fk_django_site_id` (`site_id`),
  KEY `cms_staticplaceholder_5cb48773` (`draft_id`),
  KEY `cms_staticplaceholder_1ee2744d` (`public_id`),
  CONSTRAINT `cms_staticplaceholder_site_id_65c8a138163af08f_fk_django_site_id` FOREIGN KEY (`site_id`) REFERENCES `django_site` (`id`),
  CONSTRAINT `cms_staticplaceh_draft_id_6c2edc7f36488820_fk_cms_placeholder_id` FOREIGN KEY (`draft_id`) REFERENCES `cms_placeholder` (`id`),
  CONSTRAINT `cms_staticplace_public_id_20b32af3aef57809_fk_cms_placeholder_id` FOREIGN KEY (`public_id`) REFERENCES `cms_placeholder` (`id`)
) ENGINE=InnoDB AUTO_INCREMENT=2 DEFAULT CHARSET=latin1;
/*!40101 SET character_set_client = @saved_cs_client */;

--
-- Dumping data for table `cms_staticplaceholder`
--

LOCK TABLES `cms_staticplaceholder` WRITE;
/*!40000 ALTER TABLE `cms_staticplaceholder` DISABLE KEYS */;
INSERT INTO `cms_staticplaceholder` VALUES (1,'footer','footer',0,'template',8,9,NULL);
/*!40000 ALTER TABLE `cms_staticplaceholder` ENABLE KEYS */;
UNLOCK TABLES;

--
-- Table structure for table `cms_title`
--

DROP TABLE IF EXISTS `cms_title`;
/*!40101 SET @saved_cs_client     = @@character_set_client */;
/*!40101 SET character_set_client = utf8 */;
CREATE TABLE `cms_title` (
  `id` int(11) NOT NULL AUTO_INCREMENT,
  `language` varchar(15) NOT NULL,
  `title` varchar(255) NOT NULL,
  `page_title` varchar(255) DEFAULT NULL,
  `menu_title` varchar(255) DEFAULT NULL,
  `meta_description` longtext,
  `slug` varchar(255) NOT NULL,
  `path` varchar(255) NOT NULL,
  `has_url_overwrite` tinyint(1) NOT NULL,
  `redirect` varchar(2048) DEFAULT NULL,
  `creation_date` datetime NOT NULL,
  `published` tinyint(1) NOT NULL,
  `publisher_is_draft` tinyint(1) NOT NULL,
  `publisher_state` smallint(6) NOT NULL,
  `page_id` int(11) NOT NULL,
  `publisher_public_id` int(11) DEFAULT NULL,
  PRIMARY KEY (`id`),
  UNIQUE KEY `cms_title_language_7a69dc7eaf856287_uniq` (`language`,`page_id`),
  UNIQUE KEY `publisher_public_id` (`publisher_public_id`),
  KEY `cms_title_page_id_527ebd61f3936a12_fk_cms_page_id` (`page_id`),
  KEY `cms_title_8512ae7d` (`language`),
  KEY `cms_title_2dbcba41` (`slug`),
  KEY `cms_title_d6fe1d0b` (`path`),
  KEY `cms_title_1268de9a` (`has_url_overwrite`),
  KEY `cms_title_b7700099` (`publisher_is_draft`),
  KEY `cms_title_f7202fc0` (`publisher_state`),
  CONSTRAINT `cms_title_page_id_527ebd61f3936a12_fk_cms_page_id` FOREIGN KEY (`page_id`) REFERENCES `cms_page` (`id`),
  CONSTRAINT `cms_title_publisher_public_id_74e956b52b3e4a1d_fk_cms_title_id` FOREIGN KEY (`publisher_public_id`) REFERENCES `cms_title` (`id`)
) ENGINE=InnoDB AUTO_INCREMENT=19 DEFAULT CHARSET=latin1;
/*!40101 SET character_set_client = @saved_cs_client */;

--
-- Dumping data for table `cms_title`
--

LOCK TABLES `cms_title` WRITE;
/*!40000 ALTER TABLE `cms_title` DISABLE KEYS */;
INSERT INTO `cms_title` VALUES (1,'de','Startseite',NULL,NULL,NULL,'startseite','',0,NULL,'2016-05-17 16:12:09',1,1,0,1,10),(2,'de','Seite 2',NULL,NULL,NULL,'seite-2','seite-2',0,NULL,'2016-05-17 16:12:32',1,1,0,2,9),(3,'de','Seite 3',NULL,NULL,NULL,'seite-3','seite-3',0,NULL,'2016-05-17 16:12:42',1,1,0,3,8),(4,'de','Impressum','','','','impressum','impressum',0,NULL,'2016-05-17 16:12:57',1,1,0,4,7),(5,'de','Unterseite 2','','','','unterseite-2','seite-2/unterseite-2',0,NULL,'2016-05-17 16:13:07',1,1,0,5,11),(6,'de','Unterseite 3','','','','unterseite-3','seite-2/unterseite-3',0,NULL,'2016-05-17 16:13:16',1,1,0,6,12),(7,'de','Impressum','','','','impressum','impressum',0,NULL,'2016-05-17 16:12:57',1,0,0,7,4),(8,'de','Seite 3',NULL,NULL,NULL,'seite-3','seite-3',0,NULL,'2016-05-17 16:12:42',1,0,0,8,3),(9,'de','Seite 2',NULL,NULL,NULL,'seite-2','seite-2',0,NULL,'2016-05-17 16:12:32',1,0,0,9,2),(10,'de','Startseite',NULL,NULL,NULL,'startseite','',0,NULL,'2016-05-17 16:12:09',1,0,1,10,1),(11,'de','Unterseite 2','','','','unterseite-2','seite-2/unterseite-2',0,NULL,'2016-05-17 16:13:07',1,0,0,11,5),(12,'de','Unterseite 3','','','','unterseite-3','seite-2/unterseite-3',0,NULL,'2016-05-17 16:13:16',1,0,0,12,6),(13,'de','Cookie-Information','','','','cookies','cookies',0,NULL,'2016-11-04 09:35:58',1,1,0,13,14),(14,'de','Cookie-Information','','','','cookies','cookies',0,NULL,'2016-11-04 09:35:58',1,0,1,14,13),(15,'de','Statisch','','','','statisch','statisch',0,NULL,'2017-06-27 14:52:02',1,1,0,15,16),(16,'de','Statisch','','','','statisch','statisch',0,NULL,'2017-06-27 14:52:02',1,0,0,16,15),(17,'de','Anfrage','','','','anfrage','anfrage',0,NULL,'2017-06-28 05:41:56',1,1,0,17,18),(18,'de','Anfrage','','','','anfrage','anfrage',0,NULL,'2017-06-28 05:41:56',1,0,0,18,17);
/*!40000 ALTER TABLE `cms_title` ENABLE KEYS */;
UNLOCK TABLES;

--
-- Table structure for table `cms_urlconfrevision`
--

DROP TABLE IF EXISTS `cms_urlconfrevision`;
/*!40101 SET @saved_cs_client     = @@character_set_client */;
/*!40101 SET character_set_client = utf8 */;
CREATE TABLE `cms_urlconfrevision` (
  `id` int(11) NOT NULL AUTO_INCREMENT,
  `revision` varchar(255) NOT NULL,
  PRIMARY KEY (`id`)
) ENGINE=InnoDB AUTO_INCREMENT=2 DEFAULT CHARSET=latin1;
/*!40101 SET character_set_client = @saved_cs_client */;

--
-- Dumping data for table `cms_urlconfrevision`
--

LOCK TABLES `cms_urlconfrevision` WRITE;
/*!40000 ALTER TABLE `cms_urlconfrevision` DISABLE KEYS */;
INSERT INTO `cms_urlconfrevision` VALUES (1,'a1293ba2-7651-4d86-9438-545dc8792fb9');
/*!40000 ALTER TABLE `cms_urlconfrevision` ENABLE KEYS */;
UNLOCK TABLES;

--
-- Table structure for table `cms_usersettings`
--

DROP TABLE IF EXISTS `cms_usersettings`;
/*!40101 SET @saved_cs_client     = @@character_set_client */;
/*!40101 SET character_set_client = utf8 */;
CREATE TABLE `cms_usersettings` (
  `id` int(11) NOT NULL AUTO_INCREMENT,
  `language` varchar(10) NOT NULL,
  `clipboard_id` int(11) DEFAULT NULL,
  `user_id` int(11) NOT NULL,
  PRIMARY KEY (`id`),
  UNIQUE KEY `user_id` (`user_id`),
  KEY `cms_usersett_clipboard_id_15eac87d124304f3_fk_cms_placeholder_id` (`clipboard_id`),
  CONSTRAINT `cms_usersettings_user_id_2cfe7a2128ccc2b3_fk_auth_user_id` FOREIGN KEY (`user_id`) REFERENCES `auth_user` (`id`),
  CONSTRAINT `cms_usersett_clipboard_id_15eac87d124304f3_fk_cms_placeholder_id` FOREIGN KEY (`clipboard_id`) REFERENCES `cms_placeholder` (`id`)
) ENGINE=InnoDB AUTO_INCREMENT=2 DEFAULT CHARSET=latin1;
/*!40101 SET character_set_client = @saved_cs_client */;

--
-- Dumping data for table `cms_usersettings`
--

LOCK TABLES `cms_usersettings` WRITE;
/*!40000 ALTER TABLE `cms_usersettings` DISABLE KEYS */;
INSERT INTO `cms_usersettings` VALUES (1,'de',1,1);
/*!40000 ALTER TABLE `cms_usersettings` ENABLE KEYS */;
UNLOCK TABLES;

--
-- Table structure for table `cmstools_addressdata`
--

DROP TABLE IF EXISTS `cmstools_addressdata`;
/*!40101 SET @saved_cs_client     = @@character_set_client */;
/*!40101 SET character_set_client = utf8 */;
CREATE TABLE `cmstools_addressdata` (
  `id` int(11) NOT NULL AUTO_INCREMENT,
  `parent_id` int(10) unsigned DEFAULT NULL,
  `type` varchar(16) NOT NULL,
  `title` varchar(256) DEFAULT NULL,
  `salutation` varchar(256) DEFAULT NULL,
  `company` varchar(256) DEFAULT NULL,
  `person` varchar(256) DEFAULT NULL,
  `street` varchar(256) DEFAULT NULL,
  `number` varchar(256) DEFAULT NULL,
  `zip` varchar(6) DEFAULT NULL,
  `city` varchar(256) DEFAULT NULL,
  `country` varchar(256) DEFAULT NULL,
  `phone` varchar(256) DEFAULT NULL,
  `phone_home` varchar(256) DEFAULT NULL,
  `phone_mobile` varchar(256) DEFAULT NULL,
  `fax` varchar(256) DEFAULT NULL,
  `email` varchar(256) DEFAULT NULL,
  `uid` varchar(256) DEFAULT NULL,
  `web` varchar(200) DEFAULT NULL,
  `parent_type_id` int(11) DEFAULT NULL,
  PRIMARY KEY (`id`),
  KEY `cmstoo_parent_type_id_34ee6f3cd69d9cb9_fk_django_content_type_id` (`parent_type_id`),
  CONSTRAINT `cmstoo_parent_type_id_34ee6f3cd69d9cb9_fk_django_content_type_id` FOREIGN KEY (`parent_type_id`) REFERENCES `django_content_type` (`id`)
) ENGINE=InnoDB DEFAULT CHARSET=latin1;
/*!40101 SET character_set_client = @saved_cs_client */;

--
-- Dumping data for table `cmstools_addressdata`
--

LOCK TABLES `cmstools_addressdata` WRITE;
/*!40000 ALTER TABLE `cmstools_addressdata` DISABLE KEYS */;
/*!40000 ALTER TABLE `cmstools_addressdata` ENABLE KEYS */;
UNLOCK TABLES;

--
-- Table structure for table `cmstools_attachment`
--

DROP TABLE IF EXISTS `cmstools_attachment`;
/*!40101 SET @saved_cs_client     = @@character_set_client */;
/*!40101 SET character_set_client = utf8 */;
CREATE TABLE `cmstools_attachment` (
  `id` int(11) NOT NULL AUTO_INCREMENT,
  `parent_id` int(10) unsigned DEFAULT NULL,
  `file_id` int(11) NOT NULL,
  `parent_type_id` int(11) DEFAULT NULL,
  PRIMARY KEY (`id`),
  KEY `cmstoo_parent_type_id_28ffeebe20b5d34d_fk_django_content_type_id` (`parent_type_id`),
  KEY `cmstools_attachment_814552b9` (`file_id`),
  CONSTRAINT `cmstoo_parent_type_id_28ffeebe20b5d34d_fk_django_content_type_id` FOREIGN KEY (`parent_type_id`) REFERENCES `django_content_type` (`id`),
  CONSTRAINT `cmstools_attachment_file_id_c223e60ef69cbdb_fk_filer_file_id` FOREIGN KEY (`file_id`) REFERENCES `filer_file` (`id`)
) ENGINE=InnoDB DEFAULT CHARSET=latin1;
/*!40101 SET character_set_client = @saved_cs_client */;

--
-- Dumping data for table `cmstools_attachment`
--

LOCK TABLES `cmstools_attachment` WRITE;
/*!40000 ALTER TABLE `cmstools_attachment` DISABLE KEYS */;
/*!40000 ALTER TABLE `cmstools_attachment` ENABLE KEYS */;
UNLOCK TABLES;

--
-- Table structure for table `cmstools_download`
--

DROP TABLE IF EXISTS `cmstools_download`;
/*!40101 SET @saved_cs_client     = @@character_set_client */;
/*!40101 SET character_set_client = utf8 */;
CREATE TABLE `cmstools_download` (
  `dublincore_ptr_id` int(11) NOT NULL,
  `parent_id` int(10) unsigned DEFAULT NULL,
  `file` varchar(100) NOT NULL,
  `name` varchar(255) NOT NULL,
  `ext` varchar(255) NOT NULL,
  `parent_type_id` int(11) DEFAULT NULL,
  PRIMARY KEY (`dublincore_ptr_id`),
  KEY `cmstoo_parent_type_id_5faa9a8650702f94_fk_django_content_type_id` (`parent_type_id`),
  CONSTRAINT `cmstoo_parent_type_id_5faa9a8650702f94_fk_django_content_type_id` FOREIGN KEY (`parent_type_id`) REFERENCES `django_content_type` (`id`),
  CONSTRAINT `cms_dublincore_ptr_id_75c184ffd451b01e_fk_cmstools_dublincore_id` FOREIGN KEY (`dublincore_ptr_id`) REFERENCES `cmstools_dublincore` (`id`)
) ENGINE=InnoDB DEFAULT CHARSET=latin1;
/*!40101 SET character_set_client = @saved_cs_client */;

--
-- Dumping data for table `cmstools_download`
--

LOCK TABLES `cmstools_download` WRITE;
/*!40000 ALTER TABLE `cmstools_download` DISABLE KEYS */;
/*!40000 ALTER TABLE `cmstools_download` ENABLE KEYS */;
UNLOCK TABLES;

--
-- Table structure for table `cmstools_dublincore`
--

DROP TABLE IF EXISTS `cmstools_dublincore`;
/*!40101 SET @saved_cs_client     = @@character_set_client */;
/*!40101 SET character_set_client = utf8 */;
CREATE TABLE `cmstools_dublincore` (
  `id` int(11) NOT NULL AUTO_INCREMENT,
  `title` varchar(255) DEFAULT NULL,
  `description` longtext,
  `created` datetime NOT NULL,
  `modified` datetime NOT NULL,
  PRIMARY KEY (`id`)
) ENGINE=InnoDB DEFAULT CHARSET=latin1;
/*!40101 SET character_set_client = @saved_cs_client */;

--
-- Dumping data for table `cmstools_dublincore`
--

LOCK TABLES `cmstools_dublincore` WRITE;
/*!40000 ALTER TABLE `cmstools_dublincore` DISABLE KEYS */;
/*!40000 ALTER TABLE `cmstools_dublincore` ENABLE KEYS */;
UNLOCK TABLES;

--
-- Table structure for table `cmstools_dublincore_authors`
--

DROP TABLE IF EXISTS `cmstools_dublincore_authors`;
/*!40101 SET @saved_cs_client     = @@character_set_client */;
/*!40101 SET character_set_client = utf8 */;
CREATE TABLE `cmstools_dublincore_authors` (
  `id` int(11) NOT NULL AUTO_INCREMENT,
  `dublincore_id` int(11) NOT NULL,
  `user_id` int(11) NOT NULL,
  PRIMARY KEY (`id`),
  UNIQUE KEY `dublincore_id` (`dublincore_id`,`user_id`),
  KEY `cmstools_dublincore_aut_user_id_79ea2a70b2747c95_fk_auth_user_id` (`user_id`),
  CONSTRAINT `cmstools_dublincore_aut_user_id_79ea2a70b2747c95_fk_auth_user_id` FOREIGN KEY (`user_id`) REFERENCES `auth_user` (`id`),
  CONSTRAINT `cmstools_dublincore_id_d1646e0ea755d19_fk_cmstools_dublincore_id` FOREIGN KEY (`dublincore_id`) REFERENCES `cmstools_dublincore` (`id`)
) ENGINE=InnoDB DEFAULT CHARSET=latin1;
/*!40101 SET character_set_client = @saved_cs_client */;

--
-- Dumping data for table `cmstools_dublincore_authors`
--

LOCK TABLES `cmstools_dublincore_authors` WRITE;
/*!40000 ALTER TABLE `cmstools_dublincore_authors` DISABLE KEYS */;
/*!40000 ALTER TABLE `cmstools_dublincore_authors` ENABLE KEYS */;
UNLOCK TABLES;

--
-- Table structure for table `cmstools_geolocation`
--

DROP TABLE IF EXISTS `cmstools_geolocation`;
/*!40101 SET @saved_cs_client     = @@character_set_client */;
/*!40101 SET character_set_client = utf8 */;
CREATE TABLE `cmstools_geolocation` (
  `id` int(11) NOT NULL AUTO_INCREMENT,
  `parent_id` int(10) unsigned DEFAULT NULL,
  `lat` double NOT NULL,
  `lng` double NOT NULL,
  `zoom` int(11) DEFAULT NULL,
  `parent_type_id` int(11) DEFAULT NULL,
  PRIMARY KEY (`id`),
  KEY `cmstoo_parent_type_id_15be979c8cefeaef_fk_django_content_type_id` (`parent_type_id`),
  CONSTRAINT `cmstoo_parent_type_id_15be979c8cefeaef_fk_django_content_type_id` FOREIGN KEY (`parent_type_id`) REFERENCES `django_content_type` (`id`)
) ENGINE=InnoDB DEFAULT CHARSET=latin1;
/*!40101 SET character_set_client = @saved_cs_client */;

--
-- Dumping data for table `cmstools_geolocation`
--

LOCK TABLES `cmstools_geolocation` WRITE;
/*!40000 ALTER TABLE `cmstools_geolocation` DISABLE KEYS */;
/*!40000 ALTER TABLE `cmstools_geolocation` ENABLE KEYS */;
UNLOCK TABLES;

--
-- Table structure for table `django_admin_log`
--

DROP TABLE IF EXISTS `django_admin_log`;
/*!40101 SET @saved_cs_client     = @@character_set_client */;
/*!40101 SET character_set_client = utf8 */;
CREATE TABLE `django_admin_log` (
  `id` int(11) NOT NULL AUTO_INCREMENT,
  `action_time` datetime NOT NULL,
  `object_id` longtext,
  `object_repr` varchar(200) NOT NULL,
  `action_flag` smallint(5) unsigned NOT NULL,
  `change_message` longtext NOT NULL,
  `content_type_id` int(11) DEFAULT NULL,
  `user_id` int(11) NOT NULL,
  PRIMARY KEY (`id`),
  KEY `djang_content_type_id_697914295151027a_fk_django_content_type_id` (`content_type_id`),
  KEY `django_admin_log_user_id_52fdd58701c5f563_fk_auth_user_id` (`user_id`),
  CONSTRAINT `django_admin_log_user_id_52fdd58701c5f563_fk_auth_user_id` FOREIGN KEY (`user_id`) REFERENCES `auth_user` (`id`),
  CONSTRAINT `djang_content_type_id_697914295151027a_fk_django_content_type_id` FOREIGN KEY (`content_type_id`) REFERENCES `django_content_type` (`id`)
) ENGINE=InnoDB AUTO_INCREMENT=34 DEFAULT CHARSET=latin1;
/*!40101 SET character_set_client = @saved_cs_client */;

--
-- Dumping data for table `django_admin_log`
--

LOCK TABLES `django_admin_log` WRITE;
/*!40000 ALTER TABLE `django_admin_log` DISABLE KEYS */;
INSERT INTO `django_admin_log` VALUES (1,'2016-05-17 16:12:57','4','Impressum',1,'',2,1),(2,'2016-05-17 16:13:07','5','Unterseite 2',1,'',2,1),(3,'2016-05-17 16:13:16','6','Unterseite 3',1,'',2,1),(4,'2016-05-30 14:29:16','4','Impressum',2,'',2,1),(5,'2016-05-30 14:42:43','3','Seite 3',2,'',2,1),(6,'2016-05-30 14:42:47','2','Seite 2',2,'',2,1),(7,'2016-05-30 14:42:51','1','Startseite',2,'',2,1),(8,'2016-05-30 14:42:56','5','Unterseite 2',2,'',2,1),(9,'2016-05-30 14:43:01','6','Unterseite 3',2,'',2,1),(10,'2016-05-30 14:52:42','1','Startseite',2,'',2,1),(11,'2016-05-30 15:06:37','1','Startseite',2,'',2,1),(12,'2016-05-30 15:09:14','1','Startseite',2,'',2,1),(13,'2016-05-30 15:14:27','1','Testbild 1',2,'name gendert.',29,1),(14,'2016-05-30 15:14:40','2','Testbild 2',2,'name gendert.',29,1),(15,'2016-05-30 15:33:09','5','5',3,'',15,1),(16,'2016-05-30 15:44:31','12','12',3,'',15,1),(17,'2016-05-30 15:44:49','1','Startseite',2,'',2,1),(18,'2016-05-30 15:57:01','1','Startseite',2,'',2,1),(19,'2016-05-30 16:00:24','1','Startseite',2,'',2,1),(20,'2016-05-30 16:03:39','1','Startseite',2,'',2,1),(21,'2016-11-04 09:35:58','13','Cookie-Information',1,'',2,1),(22,'2016-11-04 09:36:08','13','Cookie-Information',2,'',2,1),(23,'2016-11-04 09:58:18','13','Cookie-Information',2,'',2,1),(24,'2016-11-04 10:47:58','1','Startseite',2,'',2,1),(25,'2017-06-27 12:29:13','1','admin -- 100 x 100',1,'[{\"added\": {}}]',52,1),(26,'2017-06-27 13:54:34','1','Startseite',2,'',2,1),(27,'2017-06-27 14:52:02','15','Statisch',1,'[{\"added\": {}}]',2,1),(28,'2017-06-27 14:52:05','1','Startseite',2,'',2,1),(29,'2017-06-27 14:52:39','15','Statisch',2,'[{\"changed\": {\"fields\": [\"template\", \"xframe_options\"]}}]',2,1),(30,'2017-06-27 14:55:58','15','Statisch',2,'',2,1),(31,'2017-06-28 05:41:56','17','Anfrage',1,'[{\"added\": {}}]',2,1),(32,'2017-06-28 05:42:13','17','Anfrage',2,'[{\"changed\": {\"fields\": [\"application_urls\", \"xframe_options\"]}}]',2,1),(33,'2017-06-28 05:42:17','17','Anfrage',2,'',2,1);
/*!40000 ALTER TABLE `django_admin_log` ENABLE KEYS */;
UNLOCK TABLES;

--
-- Table structure for table `django_content_type`
--

DROP TABLE IF EXISTS `django_content_type`;
/*!40101 SET @saved_cs_client     = @@character_set_client */;
/*!40101 SET character_set_client = utf8 */;
CREATE TABLE `django_content_type` (
  `id` int(11) NOT NULL AUTO_INCREMENT,
  `app_label` varchar(100) NOT NULL,
  `model` varchar(100) NOT NULL,
  PRIMARY KEY (`id`),
  UNIQUE KEY `django_content_type_app_label_45f3b1d93ec8c61c_uniq` (`app_label`,`model`)
) ENGINE=InnoDB AUTO_INCREMENT=53 DEFAULT CHARSET=latin1;
/*!40101 SET character_set_client = @saved_cs_client */;

--
-- Dumping data for table `django_content_type`
--

LOCK TABLES `django_content_type` WRITE;
/*!40000 ALTER TABLE `django_content_type` DISABLE KEYS */;
INSERT INTO `django_content_type` VALUES (9,'admin','logentry'),(4,'auth','group'),(3,'auth','permission'),(5,'auth','user'),(19,'cms','aliaspluginmodel'),(15,'cms','cmsplugin'),(11,'cms','globalpagepermission'),(2,'cms','page'),(12,'cms','pagepermission'),(13,'cms','pageuser'),(14,'cms','pageusergroup'),(1,'cms','placeholder'),(17,'cms','placeholderreference'),(18,'cms','staticplaceholder'),(16,'cms','title'),(20,'cms','urlconfrevision'),(10,'cms','usersettings'),(34,'cmstools','addressdata'),(36,'cmstools','attachment'),(37,'cmstools','download'),(33,'cmstools','dublincore'),(35,'cmstools','geolocation'),(6,'contenttypes','contenttype'),(30,'easy_thumbnails','source'),(31,'easy_thumbnails','thumbnail'),(32,'easy_thumbnails','thumbnaildimensions'),(40,'editables','editablechars'),(42,'editables','editableimage'),(41,'editables','editablerichtext'),(27,'filer','clipboard'),(28,'filer','clipboarditem'),(26,'filer','file'),(24,'filer','folder'),(25,'filer','folderpermission'),(29,'filer','image'),(52,'filer','thumbnailoption'),(38,'filerpool','photopool'),(39,'filerpool','remotefilerimage'),(48,'flex','flexcode'),(51,'flex','flexfile'),(46,'flex','fleximage'),(44,'flex','flexlayout'),(50,'flex','flexsection'),(45,'flex','flextext'),(47,'flex','flextextimage'),(49,'flex','flexvideo'),(21,'menus','cachekey'),(22,'reversion','revision'),(23,'reversion','version'),(7,'sessions','session'),(8,'sites','site'),(43,'workflows','workflow');
/*!40000 ALTER TABLE `django_content_type` ENABLE KEYS */;
UNLOCK TABLES;

--
-- Table structure for table `django_migrations`
--

DROP TABLE IF EXISTS `django_migrations`;
/*!40101 SET @saved_cs_client     = @@character_set_client */;
/*!40101 SET character_set_client = utf8 */;
CREATE TABLE `django_migrations` (
  `id` int(11) NOT NULL AUTO_INCREMENT,
  `app` varchar(255) NOT NULL,
  `name` varchar(255) NOT NULL,
  `applied` datetime NOT NULL,
  PRIMARY KEY (`id`)
) ENGINE=InnoDB AUTO_INCREMENT=70 DEFAULT CHARSET=latin1;
/*!40101 SET character_set_client = @saved_cs_client */;

--
-- Dumping data for table `django_migrations`
--

LOCK TABLES `django_migrations` WRITE;
/*!40000 ALTER TABLE `django_migrations` DISABLE KEYS */;
INSERT INTO `django_migrations` VALUES (1,'contenttypes','0001_initial','2016-05-17 16:10:25'),(2,'auth','0001_initial','2016-05-17 16:10:25'),(3,'admin','0001_initial','2016-05-17 16:10:25'),(4,'contenttypes','0002_remove_content_type_name','2016-05-17 16:10:25'),(5,'auth','0002_alter_permission_name_max_length','2016-05-17 16:10:26'),(6,'auth','0003_alter_user_email_max_length','2016-05-17 16:10:26'),(7,'auth','0004_alter_user_username_opts','2016-05-17 16:10:26'),(8,'auth','0005_alter_user_last_login_null','2016-05-17 16:10:26'),(9,'auth','0006_require_contenttypes_0002','2016-05-17 16:10:26'),(10,'sites','0001_initial','2016-05-17 16:10:26'),(11,'cms','0001_initial','2016-05-17 16:10:26'),(12,'cms','0002_auto_20140816_1918','2016-05-17 16:10:27'),(13,'cms','0003_auto_20140926_2347','2016-05-17 16:10:27'),(14,'cms','0004_auto_20140924_1038','2016-05-17 16:10:27'),(15,'cms','0005_auto_20140924_1039','2016-05-17 16:10:27'),(16,'cms','0006_auto_20140924_1110','2016-05-17 16:10:28'),(17,'cms','0007_auto_20141028_1559','2016-05-17 16:10:28'),(18,'cms','0008_auto_20150208_2149','2016-05-17 16:10:28'),(19,'cms','0008_auto_20150121_0059','2016-05-17 16:10:28'),(20,'cms','0009_merge','2016-05-17 16:10:28'),(21,'cms','0010_migrate_use_structure','2016-05-17 16:10:28'),(22,'cms','0011_auto_20150419_1006','2016-05-17 16:10:28'),(23,'cms','0012_auto_20150607_2207','2016-05-17 16:10:28'),(24,'cms','0013_urlconfrevision','2016-05-17 16:10:28'),(25,'cms','0014_auto_20160404_1908','2016-05-17 16:10:28'),(26,'filer','0001_initial','2016-05-17 16:10:29'),(27,'filer','0002_auto_20150606_2003','2016-05-17 16:10:29'),(28,'cmstools','0001_initial','2016-05-17 16:10:30'),(29,'cmstools','0002_auto_20160428_1441','2016-05-17 16:10:30'),(30,'easy_thumbnails','0001_initial','2016-05-17 16:10:30'),(31,'easy_thumbnails','0002_thumbnaildimensions','2016-05-17 16:10:30'),(32,'editables','0001_initial','2016-05-17 16:10:30'),(33,'filerpool','0001_initial','2016-05-17 16:10:31'),(34,'flex','0001_initial','2016-05-17 16:10:31'),(35,'flex','0002_auto_20150911_1118','2016-05-17 16:10:32'),(36,'flex','0003_auto_20150916_2033','2016-05-17 16:10:32'),(37,'flex','0004_auto_20150918_1638','2016-05-17 16:10:32'),(38,'flex','0005_auto_20151019_1027','2016-05-17 16:10:33'),(39,'flex','0006_auto_20160415_1106','2016-05-17 16:10:33'),(40,'flex','0007_auto_20160415_1443','2016-05-17 16:10:34'),(41,'flex','0008_auto_20160428_1206','2016-05-17 16:10:35'),(42,'flex','0009_auto_20160428_1506','2016-05-17 16:10:36'),(43,'flex','0010_auto_20160429_1025','2016-05-17 16:10:36'),(44,'flex','0011_flexvideo','2016-05-17 16:10:36'),(45,'menus','0001_initial','2016-05-17 16:10:36'),(46,'reversion','0001_initial','2016-05-17 16:10:36'),(47,'reversion','0002_auto_20141216_1509','2016-05-17 16:10:36'),(48,'sessions','0001_initial','2016-05-17 16:10:36'),(49,'workflows','0001_initial','2016-05-17 16:10:37'),(50,'cms','0015_auto_20160421_0000','2016-11-04 09:29:40'),(51,'cms','0016_auto_20160608_1535','2016-11-04 09:29:40'),(52,'cmstools','0003_download','2016-11-04 09:29:40'),(53,'cmstools','0004_auto_20160520_1237','2016-11-04 09:29:42'),(54,'flex','0012_auto_20161019_1855','2016-11-04 09:29:43'),(55,'admin','0002_logentry_remove_auto_add','2017-06-27 12:27:17'),(56,'auth','0007_alter_validators_add_error_messages','2017-06-27 12:27:17'),(57,'auth','0008_alter_user_username_max_length','2017-06-27 12:27:17'),(58,'filer','0003_thumbnailoption','2017-06-27 12:27:17'),(59,'filer','0004_auto_20160328_1434','2017-06-27 12:27:17'),(60,'filer','0005_auto_20160623_1425','2017-06-27 12:27:17'),(61,'filer','0006_auto_20160623_1627','2017-06-27 12:27:17'),(62,'filer','0007_auto_20161016_1055','2017-06-27 12:27:17'),(63,'flex','0013_auto_20161104_1800','2017-06-27 12:27:17'),(64,'flex','0014_auto_20161108_2009','2017-06-27 12:27:17'),(65,'flex','0015_auto_20170220_1200','2017-06-27 12:27:17'),(66,'reversion','0003_auto_20160601_1600','2017-06-27 12:27:18'),(67,'reversion','0004_auto_20160611_1202','2017-06-27 12:27:18'),(68,'sites','0002_alter_domain_unique','2017-06-27 12:27:18'),(69,'reversion','0001_squashed_0004_auto_20160611_1202','2017-06-27 12:27:18');
/*!40000 ALTER TABLE `django_migrations` ENABLE KEYS */;
UNLOCK TABLES;

--
-- Table structure for table `django_session`
--

DROP TABLE IF EXISTS `django_session`;
/*!40101 SET @saved_cs_client     = @@character_set_client */;
/*!40101 SET character_set_client = utf8 */;
CREATE TABLE `django_session` (
  `session_key` varchar(40) NOT NULL,
  `session_data` longtext NOT NULL,
  `expire_date` datetime NOT NULL,
  PRIMARY KEY (`session_key`),
  KEY `django_session_de54fa62` (`expire_date`)
) ENGINE=InnoDB DEFAULT CHARSET=latin1;
/*!40101 SET character_set_client = @saved_cs_client */;

--
-- Dumping data for table `django_session`
--

LOCK TABLES `django_session` WRITE;
/*!40000 ALTER TABLE `django_session` DISABLE KEYS */;
INSERT INTO `django_session` VALUES ('172m4xhfgxg7wj8ex47wvzersg0gczux','NTkwMTRiYjNjZTNmNDNiZTc4YTg4OTZhOGE2ZTMyZmYzZTQ2NDQyNDp7ImNtc19hZG1pbl9zaXRlIjoxLCJfYXV0aF91c2VyX2lkIjoiMSIsImNtc190b29sYmFyX2Rpc2FibGVkIjpmYWxzZSwiX2F1dGhfdXNlcl9iYWNrZW5kIjoiZGphbmdvLmNvbnRyaWIuYXV0aC5iYWNrZW5kcy5Nb2RlbEJhY2tlbmQiLCJjbXNfZWRpdCI6ZmFsc2UsIl9hdXRoX3VzZXJfaGFzaCI6IjdlODUxNjY3N2JlMTM0ZWEzYWM5YWE1YzdjMzAyYTBkM2RmMTI5OGUifQ==','2016-11-18 10:48:05'),('2b0qruuib6grezdvo07ptfpgeqquua3j','Yjc2YjgyMDA0ZDNlZWQ5MTY1OTUwNGMxOWZkNzRjYTcyODMyNDE0NDp7Il9hdXRoX3VzZXJfaWQiOiIxIiwiY21zX3Rvb2xiYXJfZGlzYWJsZWQiOmZhbHNlLCJmaWxlcl9sYXN0X2ZvbGRlcl9pZCI6IjMiLCJ3aXphcmRfd2l6YXJkX2NyZWF0ZV92aWV3Ijp7InN0ZXBfZmlsZXMiOnt9LCJzdGVwIjoiMCIsImV4dHJhX2RhdGEiOnt9LCJzdGVwX2RhdGEiOnt9fSwiX2F1dGhfdXNlcl9iYWNrZW5kIjoiZGphbmdvLmNvbnRyaWIuYXV0aC5iYWNrZW5kcy5Nb2RlbEJhY2tlbmQiLCJjbXNfZWRpdCI6ZmFsc2UsIl9hdXRoX3VzZXJfaGFzaCI6ImQ3ZGEwNDg1MTYzYzEwMTExMDE2NGE1OWFiNzAzNGE0YWRlYTViMjcifQ==','2016-06-13 16:18:29'),('aol8cthaufge3c8ykbpn39yu6te5hpjl','ZTZlMWYwYmQ3NDgzM2Y1NzQwZDhmMGE2MmI2YzQ5Y2NhZTgzMmY2OTp7ImNtc19hZG1pbl9zaXRlIjoxLCJfYXV0aF91c2VyX2lkIjoiMSIsImNtc190b29sYmFyX2Rpc2FibGVkIjpmYWxzZSwiZmlsZXJfbGFzdF9mb2xkZXJfaWQiOiIzIiwiX2F1dGhfdXNlcl9iYWNrZW5kIjoiZGphbmdvLmNvbnRyaWIuYXV0aC5iYWNrZW5kcy5Nb2RlbEJhY2tlbmQiLCJjbXNfZWRpdCI6dHJ1ZSwiX2F1dGhfdXNlcl9oYXNoIjoiM2M0YjFjNjNhNWU4ZTY5ZDUxZTRlZDk5NzYyMDU0ZTRhMzRiYWNiMyJ9','2017-07-11 14:56:01'),('fh6g8wrekd0w8r8qeybro4rzsqugkqkb','Mzk0MTM2ZWU0N2E1YWNlMmM2NWJkOGE3YTQ0NGZhMDIwNjFlMzI1Mzp7ImNtc19hZG1pbl9zaXRlIjoxLCJfYXV0aF91c2VyX2hhc2giOiIxYzc5ZDlhNzkzMzcwMjZjYmNhNDQyNTZkNDUzMzcyM2RlYzY2YWMxIiwiX2F1dGhfdXNlcl9iYWNrZW5kIjoiZGphbmdvLmNvbnRyaWIuYXV0aC5iYWNrZW5kcy5Nb2RlbEJhY2tlbmQiLCJfYXV0aF91c2VyX2lkIjoiMSJ9','2017-07-12 05:42:22'),('pa1ucvzr0039i1rb0wnmoygky31tncs4','ODllYTJkMTUwZGVmYTEyZDA2ODNkNGJhOTYxYzJjZmM3Mjc1YjE1Nzp7ImNtc19hZG1pbl9zaXRlIjoxLCJfYXV0aF91c2VyX2lkIjoiMSIsImZpbGVyX2xhc3RfZm9sZGVyX2lkIjpudWxsLCJjbXNfdG9vbGJhcl9kaXNhYmxlZCI6ZmFsc2UsIndpemFyZF93aXphcmRfY3JlYXRlX3ZpZXciOnsic3RlcF9maWxlcyI6e30sInN0ZXAiOm51bGwsImV4dHJhX2RhdGEiOnt9LCJzdGVwX2RhdGEiOnt9fSwiX2F1dGhfdXNlcl9iYWNrZW5kIjoiZGphbmdvLmNvbnRyaWIuYXV0aC5iYWNrZW5kcy5Nb2RlbEJhY2tlbmQiLCJjbXNfZWRpdCI6dHJ1ZSwiX2F1dGhfdXNlcl9oYXNoIjoiOWJjZjVjMzAyYjEwNWQ0YTZhOTlkZTI0MjkyOGZlN2VlNTUwYWExMyJ9','2016-05-31 16:15:27'),('po2bcdjxkxm3x9c32ourjp9ljasq2j4t','YjA1YjE3NjY2ODEzMDMzNTIyYjAwN2Q3Y2IwNmJiMTNiODM2NmVhZDp7ImNtc19hZG1pbl9zaXRlIjoxLCJjbXNfdG9vbGJhcl9kaXNhYmxlZCI6ZmFsc2UsIl9hdXRoX3VzZXJfaWQiOiIxIiwid2l6YXJkX3dpemFyZF9jcmVhdGVfdmlldyI6eyJzdGVwX2ZpbGVzIjp7fSwic3RlcCI6IjAiLCJleHRyYV9kYXRhIjp7fSwic3RlcF9kYXRhIjp7fX0sIl9hdXRoX3VzZXJfYmFja2VuZCI6ImRqYW5nby5jb250cmliLmF1dGguYmFja2VuZHMuTW9kZWxCYWNrZW5kIiwiY21zX2VkaXQiOnRydWUsIl9hdXRoX3VzZXJfaGFzaCI6ImQ3ZGEwNDg1MTYzYzEwMTExMDE2NGE1OWFiNzAzNGE0YWRlYTViMjcifQ==','2016-06-13 15:11:49');
/*!40000 ALTER TABLE `django_session` ENABLE KEYS */;
UNLOCK TABLES;

--
-- Table structure for table `django_site`
--

DROP TABLE IF EXISTS `django_site`;
/*!40101 SET @saved_cs_client     = @@character_set_client */;
/*!40101 SET character_set_client = utf8 */;
CREATE TABLE `django_site` (
  `id` int(11) NOT NULL AUTO_INCREMENT,
  `domain` varchar(100) NOT NULL,
  `name` varchar(50) NOT NULL,
  PRIMARY KEY (`id`),
  UNIQUE KEY `django_site_domain_a2e37b91_uniq` (`domain`)
) ENGINE=InnoDB AUTO_INCREMENT=2 DEFAULT CHARSET=latin1;
/*!40101 SET character_set_client = @saved_cs_client */;

--
-- Dumping data for table `django_site`
--

LOCK TABLES `django_site` WRITE;
/*!40000 ALTER TABLE `django_site` DISABLE KEYS */;
INSERT INTO `django_site` VALUES (1,'example.com','example.com');
/*!40000 ALTER TABLE `django_site` ENABLE KEYS */;
UNLOCK TABLES;

--
-- Table structure for table `easy_thumbnails_source`
--

DROP TABLE IF EXISTS `easy_thumbnails_source`;
/*!40101 SET @saved_cs_client     = @@character_set_client */;
/*!40101 SET character_set_client = utf8 */;
CREATE TABLE `easy_thumbnails_source` (
  `id` int(11) NOT NULL AUTO_INCREMENT,
  `storage_hash` varchar(40) NOT NULL,
  `name` varchar(255) NOT NULL,
  `modified` datetime NOT NULL,
  PRIMARY KEY (`id`),
  UNIQUE KEY `easy_thumbnails_source_storage_hash_40116450c1e4f2ed_uniq` (`storage_hash`,`name`),
  KEY `easy_thumbnails_source_b454e115` (`storage_hash`),
  KEY `easy_thumbnails_source_b068931c` (`name`)
) ENGINE=InnoDB AUTO_INCREMENT=3 DEFAULT CHARSET=latin1;
/*!40101 SET character_set_client = @saved_cs_client */;

--
-- Dumping data for table `easy_thumbnails_source`
--

LOCK TABLES `easy_thumbnails_source` WRITE;
/*!40000 ALTER TABLE `easy_thumbnails_source` DISABLE KEYS */;
INSERT INTO `easy_thumbnails_source` VALUES (1,'f9bde26a1556cd667f742bd34ec7c55e','filer_public/93/c2/93c20f42-cd62-49d0-b25e-9ab5a3699e3b/testbild.jpg','2017-06-27 14:49:55'),(2,'f9bde26a1556cd667f742bd34ec7c55e','filer_public/42/5c/425cefc3-bc14-49c2-8bf8-48c53675b124/testbild2.jpg','2017-06-27 12:58:57');
/*!40000 ALTER TABLE `easy_thumbnails_source` ENABLE KEYS */;
UNLOCK TABLES;

--
-- Table structure for table `easy_thumbnails_thumbnail`
--

DROP TABLE IF EXISTS `easy_thumbnails_thumbnail`;
/*!40101 SET @saved_cs_client     = @@character_set_client */;
/*!40101 SET character_set_client = utf8 */;
CREATE TABLE `easy_thumbnails_thumbnail` (
  `id` int(11) NOT NULL AUTO_INCREMENT,
  `storage_hash` varchar(40) NOT NULL,
  `name` varchar(255) NOT NULL,
  `modified` datetime NOT NULL,
  `source_id` int(11) NOT NULL,
  PRIMARY KEY (`id`),
  UNIQUE KEY `easy_thumbnails_thumbnail_storage_hash_66cc758d07ef9fce_uniq` (`storage_hash`,`name`,`source_id`),
  KEY `easy_thu_source_id_50b260de7106e1b7_fk_easy_thumbnails_source_id` (`source_id`),
  KEY `easy_thumbnails_thumbnail_b454e115` (`storage_hash`),
  KEY `easy_thumbnails_thumbnail_b068931c` (`name`),
  CONSTRAINT `easy_thu_source_id_50b260de7106e1b7_fk_easy_thumbnails_source_id` FOREIGN KEY (`source_id`) REFERENCES `easy_thumbnails_source` (`id`)
) ENGINE=InnoDB AUTO_INCREMENT=35 DEFAULT CHARSET=latin1;
/*!40101 SET character_set_client = @saved_cs_client */;

--
-- Dumping data for table `easy_thumbnails_thumbnail`
--

LOCK TABLES `easy_thumbnails_thumbnail` WRITE;
/*!40000 ALTER TABLE `easy_thumbnails_thumbnail` DISABLE KEYS */;
INSERT INTO `easy_thumbnails_thumbnail` VALUES (1,'f9bde26a1556cd667f742bd34ec7c55e','filer_public_thumbnails/filer_public/93/c2/93c20f42-cd62-49d0-b25e-9ab5a3699e3b/testbild.jpg__32x32_q85_crop_subsampling-2_upscale.jpg','2017-06-27 12:38:38',1),(2,'f9bde26a1556cd667f742bd34ec7c55e','filer_public_thumbnails/filer_public/93/c2/93c20f42-cd62-49d0-b25e-9ab5a3699e3b/testbild.jpg__64x64_q85_crop_subsampling-2_upscale.jpg','2017-06-27 12:38:38',1),(3,'f9bde26a1556cd667f742bd34ec7c55e','filer_public_thumbnails/filer_public/93/c2/93c20f42-cd62-49d0-b25e-9ab5a3699e3b/testbild.jpg__48x48_q85_crop_subsampling-2_upscale.jpg','2017-06-27 12:38:38',1),(4,'f9bde26a1556cd667f742bd34ec7c55e','filer_public_thumbnails/filer_public/93/c2/93c20f42-cd62-49d0-b25e-9ab5a3699e3b/testbild.jpg__16x16_q85_crop_subsampling-2_upscale.jpg','2017-06-27 12:38:38',1),(5,'f9bde26a1556cd667f742bd34ec7c55e','filer_public_thumbnails/filer_public/93/c2/93c20f42-cd62-49d0-b25e-9ab5a3699e3b/testbild.jpg__120x80_q85_subsampling-2.jpg','2017-06-27 12:58:57',1),(6,'f9bde26a1556cd667f742bd34ec7c55e','filer_public_thumbnails/filer_public/93/c2/93c20f42-cd62-49d0-b25e-9ab5a3699e3b/testbild.jpg__210x10000_q85_subsampling-2.jpg','2016-05-30 15:12:04',1),(7,'f9bde26a1556cd667f742bd34ec7c55e','filer_public_thumbnails/filer_public/42/5c/425cefc3-bc14-49c2-8bf8-48c53675b124/testbild2.jpg__32x32_q85_crop_subsampling-2_upscale.jpg','2017-06-27 12:39:04',2),(8,'f9bde26a1556cd667f742bd34ec7c55e','filer_public_thumbnails/filer_public/42/5c/425cefc3-bc14-49c2-8bf8-48c53675b124/testbild2.jpg__64x64_q85_crop_subsampling-2_upscale.jpg','2017-06-27 12:39:04',2),(9,'f9bde26a1556cd667f742bd34ec7c55e','filer_public_thumbnails/filer_public/42/5c/425cefc3-bc14-49c2-8bf8-48c53675b124/testbild2.jpg__48x48_q85_crop_subsampling-2_upscale.jpg','2017-06-27 12:39:04',2),(10,'f9bde26a1556cd667f742bd34ec7c55e','filer_public_thumbnails/filer_public/42/5c/425cefc3-bc14-49c2-8bf8-48c53675b124/testbild2.jpg__16x16_q85_crop_subsampling-2_upscale.jpg','2017-06-27 12:39:04',2),(11,'f9bde26a1556cd667f742bd34ec7c55e','filer_public_thumbnails/filer_public/42/5c/425cefc3-bc14-49c2-8bf8-48c53675b124/testbild2.jpg__210x10000_q85_subsampling-2.jpg','2016-05-30 15:14:36',2),(12,'f9bde26a1556cd667f742bd34ec7c55e','filer_public_thumbnails/filer_public/42/5c/425cefc3-bc14-49c2-8bf8-48c53675b124/testbild2.jpg__120x80_q85_subsampling-2.jpg','2017-06-27 12:58:57',2),(13,'f9bde26a1556cd667f742bd34ec7c55e','filer_public_thumbnails/filer_public/93/c2/93c20f42-cd62-49d0-b25e-9ab5a3699e3b/testbild.jpg__540x405_q85_crop_subsampling-2.jpg','2016-05-30 15:27:20',1),(14,'f9bde26a1556cd667f742bd34ec7c55e','filer_public_thumbnails/filer_public/93/c2/93c20f42-cd62-49d0-b25e-9ab5a3699e3b/testbild.jpg__1080x810_q85_crop_subsampling-2.jpg','2016-05-30 15:27:20',1),(15,'f9bde26a1556cd667f742bd34ec7c55e','filer_public_thumbnails/filer_public/42/5c/425cefc3-bc14-49c2-8bf8-48c53675b124/testbild2.jpg__540x405_q85_crop_subsampling-2.jpg','2016-05-30 15:27:20',2),(16,'f9bde26a1556cd667f742bd34ec7c55e','filer_public_thumbnails/filer_public/42/5c/425cefc3-bc14-49c2-8bf8-48c53675b124/testbild2.jpg__1080x810_q85_crop_subsampling-2.jpg','2016-05-30 15:27:20',2),(17,'f9bde26a1556cd667f742bd34ec7c55e','filer_public_thumbnails/filer_public/93/c2/93c20f42-cd62-49d0-b25e-9ab5a3699e3b/testbild.jpg__540x0_q85_subsampling-2.jpg','2016-05-30 15:35:11',1),(18,'f9bde26a1556cd667f742bd34ec7c55e','filer_public_thumbnails/filer_public/93/c2/93c20f42-cd62-49d0-b25e-9ab5a3699e3b/testbild.jpg__1080x0_q85_subsampling-2.jpg','2016-05-30 15:35:11',1),(19,'f9bde26a1556cd667f742bd34ec7c55e','filer_public_thumbnails/filer_public/93/c2/93c20f42-cd62-49d0-b25e-9ab5a3699e3b/testbild.jpg__2160x0_q85_subsampling-2.jpg','2016-05-30 15:55:08',1),(20,'f9bde26a1556cd667f742bd34ec7c55e','filer_public_thumbnails/filer_public/93/c2/93c20f42-cd62-49d0-b25e-9ab5a3699e3b/testbild.jpg__1200x0_q85_subsampling-2.jpg','2017-06-27 12:28:20',1),(21,'f9bde26a1556cd667f742bd34ec7c55e','filer_public_thumbnails/filer_public/93/c2/93c20f42-cd62-49d0-b25e-9ab5a3699e3b/testbild.jpg__2400x0_q85_subsampling-2.jpg','2016-11-04 10:21:08',1),(22,'f9bde26a1556cd667f742bd34ec7c55e','filer_public_thumbnails/filer_public/42/5c/425cefc3-bc14-49c2-8bf8-48c53675b124/testbild2.jpg__800x0_q85_subsampling-2.jpg','2017-06-27 12:28:21',2),(23,'f9bde26a1556cd667f742bd34ec7c55e','filer_public_thumbnails/filer_public/42/5c/425cefc3-bc14-49c2-8bf8-48c53675b124/testbild2.jpg__1600x0_q85_subsampling-2.jpg','2016-11-04 10:35:29',2),(24,'f9bde26a1556cd667f742bd34ec7c55e','filer_public_thumbnails/filer_public/42/5c/425cefc3-bc14-49c2-8bf8-48c53675b124/testbild2.jpg__1200x0_q85_subsampling-2.jpg','2017-06-27 12:28:20',2),(25,'f9bde26a1556cd667f742bd34ec7c55e','filer_public_thumbnails/filer_public/42/5c/425cefc3-bc14-49c2-8bf8-48c53675b124/testbild2.jpg__2400x0_q85_subsampling-2.jpg','2016-11-04 10:35:53',2),(26,'f9bde26a1556cd667f742bd34ec7c55e','filer_public_thumbnails/filer_public/93/c2/93c20f42-cd62-49d0-b25e-9ab5a3699e3b/testbild.jpg__480x0_q85_subsampling-2_upscale.jpg','2017-06-27 12:28:20',1),(27,'f9bde26a1556cd667f742bd34ec7c55e','filer_public_thumbnails/filer_public/93/c2/93c20f42-cd62-49d0-b25e-9ab5a3699e3b/testbild.jpg__800x0_q85_subsampling-2_upscale.jpg','2017-06-27 12:28:20',1),(28,'f9bde26a1556cd667f742bd34ec7c55e','filer_public_thumbnails/filer_public/93/c2/93c20f42-cd62-49d0-b25e-9ab5a3699e3b/testbild.jpg__2400x0_q85_subsampling-2_upscale.jpg','2017-06-27 12:28:20',1),(29,'f9bde26a1556cd667f742bd34ec7c55e','filer_public_thumbnails/filer_public/42/5c/425cefc3-bc14-49c2-8bf8-48c53675b124/testbild2.jpg__480x0_q85_subsampling-2_upscale.jpg','2017-06-27 12:28:21',2),(30,'f9bde26a1556cd667f742bd34ec7c55e','filer_public_thumbnails/filer_public/42/5c/425cefc3-bc14-49c2-8bf8-48c53675b124/testbild2.jpg__800x0_q85_subsampling-2_upscale.jpg','2017-06-27 12:28:21',2),(31,'f9bde26a1556cd667f742bd34ec7c55e','filer_public_thumbnails/filer_public/42/5c/425cefc3-bc14-49c2-8bf8-48c53675b124/testbild2.jpg__2400x0_q85_subsampling-2_upscale.jpg','2017-06-27 12:28:21',2),(32,'f9bde26a1556cd667f742bd34ec7c55e','filer_public_thumbnails/filer_public/42/5c/425cefc3-bc14-49c2-8bf8-48c53675b124/testbild2.jpg__1600x0_q85_subsampling-2_upscale.jpg','2017-06-27 12:28:21',2),(33,'f9bde26a1556cd667f742bd34ec7c55e','filer_public_thumbnails/filer_public/93/c2/93c20f42-cd62-49d0-b25e-9ab5a3699e3b/testbild.jpg__210x10000_q85_subsampling-2_upscale.jpg','2017-06-27 12:39:05',1),(34,'f9bde26a1556cd667f742bd34ec7c55e','filer_public_thumbnails/filer_public/93/c2/93c20f42-cd62-49d0-b25e-9ab5a3699e3b/testbild.jpg__1200x1200_q85_crop_subsampling-2_upscale.jpg','2017-06-27 14:49:55',1);
/*!40000 ALTER TABLE `easy_thumbnails_thumbnail` ENABLE KEYS */;
UNLOCK TABLES;

--
-- Table structure for table `easy_thumbnails_thumbnaildimensions`
--

DROP TABLE IF EXISTS `easy_thumbnails_thumbnaildimensions`;
/*!40101 SET @saved_cs_client     = @@character_set_client */;
/*!40101 SET character_set_client = utf8 */;
CREATE TABLE `easy_thumbnails_thumbnaildimensions` (
  `id` int(11) NOT NULL AUTO_INCREMENT,
  `thumbnail_id` int(11) NOT NULL,
  `width` int(10) unsigned DEFAULT NULL,
  `height` int(10) unsigned DEFAULT NULL,
  PRIMARY KEY (`id`),
  UNIQUE KEY `thumbnail_id` (`thumbnail_id`),
  CONSTRAINT `ea_thumbnail_id_29ad34faceb3c17c_fk_easy_thumbnails_thumbnail_id` FOREIGN KEY (`thumbnail_id`) REFERENCES `easy_thumbnails_thumbnail` (`id`)
) ENGINE=InnoDB DEFAULT CHARSET=latin1;
/*!40101 SET character_set_client = @saved_cs_client */;

--
-- Dumping data for table `easy_thumbnails_thumbnaildimensions`
--

LOCK TABLES `easy_thumbnails_thumbnaildimensions` WRITE;
/*!40000 ALTER TABLE `easy_thumbnails_thumbnaildimensions` DISABLE KEYS */;
/*!40000 ALTER TABLE `easy_thumbnails_thumbnaildimensions` ENABLE KEYS */;
UNLOCK TABLES;

--
-- Table structure for table `editables_editablechars`
--

DROP TABLE IF EXISTS `editables_editablechars`;
/*!40101 SET @saved_cs_client     = @@character_set_client */;
/*!40101 SET character_set_client = utf8 */;
CREATE TABLE `editables_editablechars` (
  `id` int(11) NOT NULL AUTO_INCREMENT,
  `name` varchar(255) NOT NULL,
  `as_template` tinyint(1) NOT NULL,
  `content` varchar(255) NOT NULL,
  PRIMARY KEY (`id`),
  UNIQUE KEY `name` (`name`)
) ENGINE=InnoDB DEFAULT CHARSET=latin1;
/*!40101 SET character_set_client = @saved_cs_client */;

--
-- Dumping data for table `editables_editablechars`
--

LOCK TABLES `editables_editablechars` WRITE;
/*!40000 ALTER TABLE `editables_editablechars` DISABLE KEYS */;
/*!40000 ALTER TABLE `editables_editablechars` ENABLE KEYS */;
UNLOCK TABLES;

--
-- Table structure for table `editables_editableimage`
--

DROP TABLE IF EXISTS `editables_editableimage`;
/*!40101 SET @saved_cs_client     = @@character_set_client */;
/*!40101 SET character_set_client = utf8 */;
CREATE TABLE `editables_editableimage` (
  `id` int(11) NOT NULL AUTO_INCREMENT,
  `name` varchar(255) NOT NULL,
  `as_template` tinyint(1) NOT NULL,
  `content` longtext NOT NULL,
  PRIMARY KEY (`id`),
  UNIQUE KEY `name` (`name`)
) ENGINE=InnoDB DEFAULT CHARSET=latin1;
/*!40101 SET character_set_client = @saved_cs_client */;

--
-- Dumping data for table `editables_editableimage`
--

LOCK TABLES `editables_editableimage` WRITE;
/*!40000 ALTER TABLE `editables_editableimage` DISABLE KEYS */;
/*!40000 ALTER TABLE `editables_editableimage` ENABLE KEYS */;
UNLOCK TABLES;

--
-- Table structure for table `editables_editablerichtext`
--

DROP TABLE IF EXISTS `editables_editablerichtext`;
/*!40101 SET @saved_cs_client     = @@character_set_client */;
/*!40101 SET character_set_client = utf8 */;
CREATE TABLE `editables_editablerichtext` (
  `id` int(11) NOT NULL AUTO_INCREMENT,
  `name` varchar(255) NOT NULL,
  `as_template` tinyint(1) NOT NULL,
  `content` longtext NOT NULL,
  PRIMARY KEY (`id`),
  UNIQUE KEY `name` (`name`)
) ENGINE=InnoDB DEFAULT CHARSET=latin1;
/*!40101 SET character_set_client = @saved_cs_client */;

--
-- Dumping data for table `editables_editablerichtext`
--

LOCK TABLES `editables_editablerichtext` WRITE;
/*!40000 ALTER TABLE `editables_editablerichtext` DISABLE KEYS */;
/*!40000 ALTER TABLE `editables_editablerichtext` ENABLE KEYS */;
UNLOCK TABLES;

--
-- Table structure for table `filer_clipboard`
--

DROP TABLE IF EXISTS `filer_clipboard`;
/*!40101 SET @saved_cs_client     = @@character_set_client */;
/*!40101 SET character_set_client = utf8 */;
CREATE TABLE `filer_clipboard` (
  `id` int(11) NOT NULL AUTO_INCREMENT,
  `user_id` int(11) NOT NULL,
  PRIMARY KEY (`id`),
  KEY `filer_clipboard_e8701ad4` (`user_id`),
  CONSTRAINT `filer_clipboard_user_id_2b30c76f2cd235df_fk_auth_user_id` FOREIGN KEY (`user_id`) REFERENCES `auth_user` (`id`)
) ENGINE=InnoDB AUTO_INCREMENT=2 DEFAULT CHARSET=latin1;
/*!40101 SET character_set_client = @saved_cs_client */;

--
-- Dumping data for table `filer_clipboard`
--

LOCK TABLES `filer_clipboard` WRITE;
/*!40000 ALTER TABLE `filer_clipboard` DISABLE KEYS */;
INSERT INTO `filer_clipboard` VALUES (1,1);
/*!40000 ALTER TABLE `filer_clipboard` ENABLE KEYS */;
UNLOCK TABLES;

--
-- Table structure for table `filer_clipboarditem`
--

DROP TABLE IF EXISTS `filer_clipboarditem`;
/*!40101 SET @saved_cs_client     = @@character_set_client */;
/*!40101 SET character_set_client = utf8 */;
CREATE TABLE `filer_clipboarditem` (
  `id` int(11) NOT NULL AUTO_INCREMENT,
  `clipboard_id` int(11) NOT NULL,
  `file_id` int(11) NOT NULL,
  PRIMARY KEY (`id`),
  KEY `filer_clipbo_clipboard_id_335d159e1aea2cdc_fk_filer_clipboard_id` (`clipboard_id`),
  KEY `filer_clipboarditem_814552b9` (`file_id`),
  CONSTRAINT `filer_clipboarditem_file_id_7b1b6a14b5a3f2b1_fk_filer_file_id` FOREIGN KEY (`file_id`) REFERENCES `filer_file` (`id`),
  CONSTRAINT `filer_clipbo_clipboard_id_335d159e1aea2cdc_fk_filer_clipboard_id` FOREIGN KEY (`clipboard_id`) REFERENCES `filer_clipboard` (`id`)
) ENGINE=InnoDB AUTO_INCREMENT=3 DEFAULT CHARSET=latin1;
/*!40101 SET character_set_client = @saved_cs_client */;

--
-- Dumping data for table `filer_clipboarditem`
--

LOCK TABLES `filer_clipboarditem` WRITE;
/*!40000 ALTER TABLE `filer_clipboarditem` DISABLE KEYS */;
/*!40000 ALTER TABLE `filer_clipboarditem` ENABLE KEYS */;
UNLOCK TABLES;

--
-- Table structure for table `filer_file`
--

DROP TABLE IF EXISTS `filer_file`;
/*!40101 SET @saved_cs_client     = @@character_set_client */;
/*!40101 SET character_set_client = utf8 */;
CREATE TABLE `filer_file` (
  `id` int(11) NOT NULL AUTO_INCREMENT,
  `file` varchar(255) DEFAULT NULL,
  `_file_size` int(11) DEFAULT NULL,
  `sha1` varchar(40) NOT NULL,
  `has_all_mandatory_data` tinyint(1) NOT NULL,
  `original_filename` varchar(255) DEFAULT NULL,
  `name` varchar(255) NOT NULL,
  `description` longtext,
  `uploaded_at` datetime NOT NULL,
  `modified_at` datetime NOT NULL,
  `is_public` tinyint(1) NOT NULL,
  `folder_id` int(11) DEFAULT NULL,
  `owner_id` int(11) DEFAULT NULL,
  `polymorphic_ctype_id` int(11) DEFAULT NULL,
  PRIMARY KEY (`id`),
  KEY `filer_file_a8a44dbb` (`folder_id`),
  KEY `filer_file_5e7b1936` (`owner_id`),
  KEY `filer_file_d3e32c49` (`polymorphic_ctype_id`),
  CONSTRAINT `filer_file_owner_id_b9e32671_fk_auth_user_id` FOREIGN KEY (`owner_id`) REFERENCES `auth_user` (`id`),
  CONSTRAINT `filer_file_folder_id_24318dda71f59785_fk_filer_folder_id` FOREIGN KEY (`folder_id`) REFERENCES `filer_folder` (`id`),
  CONSTRAINT `polymorphic_ctype_id_37b6c9e9cb7a323a_fk_django_content_type_id` FOREIGN KEY (`polymorphic_ctype_id`) REFERENCES `django_content_type` (`id`)
) ENGINE=InnoDB AUTO_INCREMENT=3 DEFAULT CHARSET=latin1;
/*!40101 SET character_set_client = @saved_cs_client */;

--
-- Dumping data for table `filer_file`
--

LOCK TABLES `filer_file` WRITE;
/*!40000 ALTER TABLE `filer_file` DISABLE KEYS */;
INSERT INTO `filer_file` VALUES (1,'filer_public/93/c2/93c20f42-cd62-49d0-b25e-9ab5a3699e3b/testbild.jpg',74102,'e4154c316ef1fb4cea6e817e9037c2c177936841',1,'testbild.jpg','Testbild 1',NULL,'2016-05-30 15:11:42','2016-05-30 15:14:27',1,3,1,29),(2,'filer_public/42/5c/425cefc3-bc14-49c2-8bf8-48c53675b124/testbild2.jpg',59752,'013ccf12bdd7a1a98d6d667973c53edde2571f7a',1,'Testbild2.jpg','Testbild 2',NULL,'2016-05-30 15:14:32','2016-05-30 15:14:40',1,3,1,29);
/*!40000 ALTER TABLE `filer_file` ENABLE KEYS */;
UNLOCK TABLES;

--
-- Table structure for table `filer_folder`
--

DROP TABLE IF EXISTS `filer_folder`;
/*!40101 SET @saved_cs_client     = @@character_set_client */;
/*!40101 SET character_set_client = utf8 */;
CREATE TABLE `filer_folder` (
  `id` int(11) NOT NULL AUTO_INCREMENT,
  `name` varchar(255) NOT NULL,
  `uploaded_at` datetime NOT NULL,
  `created_at` datetime NOT NULL,
  `modified_at` datetime NOT NULL,
  `lft` int(10) unsigned NOT NULL,
  `rght` int(10) unsigned NOT NULL,
  `tree_id` int(10) unsigned NOT NULL,
  `level` int(10) unsigned NOT NULL,
  `owner_id` int(11) DEFAULT NULL,
  `parent_id` int(11) DEFAULT NULL,
  PRIMARY KEY (`id`),
  UNIQUE KEY `filer_folder_parent_id_30ad83e34d901e49_uniq` (`parent_id`,`name`),
  KEY `filer_folder_owner_id_6527f5f13a76f3ed_fk_auth_user_id` (`owner_id`),
  KEY `filer_folder_caf7cc51` (`lft`),
  KEY `filer_folder_3cfbd988` (`rght`),
  KEY `filer_folder_656442a0` (`tree_id`),
  KEY `filer_folder_c9e9a848` (`level`),
  CONSTRAINT `filer_folder_owner_id_be530fb4_fk_auth_user_id` FOREIGN KEY (`owner_id`) REFERENCES `auth_user` (`id`),
  CONSTRAINT `filer_folder_parent_id_4170098ac31c2cbf_fk_filer_folder_id` FOREIGN KEY (`parent_id`) REFERENCES `filer_folder` (`id`)
) ENGINE=InnoDB AUTO_INCREMENT=4 DEFAULT CHARSET=latin1;
/*!40101 SET character_set_client = @saved_cs_client */;

--
-- Dumping data for table `filer_folder`
--

LOCK TABLES `filer_folder` WRITE;
/*!40000 ALTER TABLE `filer_folder` DISABLE KEYS */;
INSERT INTO `filer_folder` VALUES (1,'Bilder','2016-05-17 16:14:38','2016-05-17 16:14:38','2016-05-17 16:14:38',1,4,1,0,1,NULL),(2,'Downloads','2016-05-17 16:14:46','2016-05-17 16:14:46','2016-05-17 16:14:46',1,2,2,0,1,NULL),(3,'Testbilder','2016-05-30 15:14:07','2016-05-30 15:14:07','2016-05-30 15:14:07',2,3,1,1,1,1);
/*!40000 ALTER TABLE `filer_folder` ENABLE KEYS */;
UNLOCK TABLES;

--
-- Table structure for table `filer_folderpermission`
--

DROP TABLE IF EXISTS `filer_folderpermission`;
/*!40101 SET @saved_cs_client     = @@character_set_client */;
/*!40101 SET character_set_client = utf8 */;
CREATE TABLE `filer_folderpermission` (
  `id` int(11) NOT NULL AUTO_INCREMENT,
  `type` smallint(6) NOT NULL,
  `everybody` tinyint(1) NOT NULL,
  `can_edit` smallint(6) DEFAULT NULL,
  `can_read` smallint(6) DEFAULT NULL,
  `can_add_children` smallint(6) DEFAULT NULL,
  `folder_id` int(11) DEFAULT NULL,
  `group_id` int(11) DEFAULT NULL,
  `user_id` int(11) DEFAULT NULL,
  PRIMARY KEY (`id`),
  KEY `filer_folderpermis_folder_id_442a5347ee209a98_fk_filer_folder_id` (`folder_id`),
  KEY `filer_folderpermissio_group_id_7c2389ac07ebbde2_fk_auth_group_id` (`group_id`),
  KEY `filer_folderpermission_user_id_7c6e1a7187a0f15b_fk_auth_user_id` (`user_id`),
  CONSTRAINT `filer_folderpermission_user_id_7673d4b6_fk_auth_user_id` FOREIGN KEY (`user_id`) REFERENCES `auth_user` (`id`),
  CONSTRAINT `filer_folderpermissio_group_id_7c2389ac07ebbde2_fk_auth_group_id` FOREIGN KEY (`group_id`) REFERENCES `auth_group` (`id`),
  CONSTRAINT `filer_folderpermis_folder_id_442a5347ee209a98_fk_filer_folder_id` FOREIGN KEY (`folder_id`) REFERENCES `filer_folder` (`id`)
) ENGINE=InnoDB DEFAULT CHARSET=latin1;
/*!40101 SET character_set_client = @saved_cs_client */;

--
-- Dumping data for table `filer_folderpermission`
--

LOCK TABLES `filer_folderpermission` WRITE;
/*!40000 ALTER TABLE `filer_folderpermission` DISABLE KEYS */;
/*!40000 ALTER TABLE `filer_folderpermission` ENABLE KEYS */;
UNLOCK TABLES;

--
-- Table structure for table `filer_image`
--

DROP TABLE IF EXISTS `filer_image`;
/*!40101 SET @saved_cs_client     = @@character_set_client */;
/*!40101 SET character_set_client = utf8 */;
CREATE TABLE `filer_image` (
  `file_ptr_id` int(11) NOT NULL,
  `_height` int(11) DEFAULT NULL,
  `_width` int(11) DEFAULT NULL,
  `date_taken` datetime DEFAULT NULL,
  `default_alt_text` varchar(255) DEFAULT NULL,
  `default_caption` varchar(255) DEFAULT NULL,
  `author` varchar(255) DEFAULT NULL,
  `must_always_publish_author_credit` tinyint(1) NOT NULL,
  `must_always_publish_copyright` tinyint(1) NOT NULL,
  `subject_location` varchar(64) NOT NULL,
  PRIMARY KEY (`file_ptr_id`),
  CONSTRAINT `filer_image_file_ptr_id_3e21d4f0_fk_filer_file_id` FOREIGN KEY (`file_ptr_id`) REFERENCES `filer_file` (`id`)
) ENGINE=InnoDB DEFAULT CHARSET=latin1;
/*!40101 SET character_set_client = @saved_cs_client */;

--
-- Dumping data for table `filer_image`
--

LOCK TABLES `filer_image` WRITE;
/*!40000 ALTER TABLE `filer_image` DISABLE KEYS */;
INSERT INTO `filer_image` VALUES (1,800,1280,'2016-05-30 15:11:42','','',NULL,0,0,''),(2,800,1280,'2016-05-30 15:14:32','','',NULL,0,0,'');
/*!40000 ALTER TABLE `filer_image` ENABLE KEYS */;
UNLOCK TABLES;

--
-- Table structure for table `filer_thumbnailoption`
--

DROP TABLE IF EXISTS `filer_thumbnailoption`;
/*!40101 SET @saved_cs_client     = @@character_set_client */;
/*!40101 SET character_set_client = utf8 */;
CREATE TABLE `filer_thumbnailoption` (
  `id` int(11) NOT NULL AUTO_INCREMENT,
  `name` varchar(100) NOT NULL,
  `width` int(11) NOT NULL,
  `height` int(11) NOT NULL,
  `crop` tinyint(1) NOT NULL,
  `upscale` tinyint(1) NOT NULL,
  PRIMARY KEY (`id`)
) ENGINE=InnoDB AUTO_INCREMENT=2 DEFAULT CHARSET=latin1;
/*!40101 SET character_set_client = @saved_cs_client */;

--
-- Dumping data for table `filer_thumbnailoption`
--

LOCK TABLES `filer_thumbnailoption` WRITE;
/*!40000 ALTER TABLE `filer_thumbnailoption` DISABLE KEYS */;
INSERT INTO `filer_thumbnailoption` VALUES (1,'admin',100,100,1,1);
/*!40000 ALTER TABLE `filer_thumbnailoption` ENABLE KEYS */;
UNLOCK TABLES;

--
-- Table structure for table `filerpool_photopool`
--

DROP TABLE IF EXISTS `filerpool_photopool`;
/*!40101 SET @saved_cs_client     = @@character_set_client */;
/*!40101 SET character_set_client = utf8 */;
CREATE TABLE `filerpool_photopool` (
  `id` int(11) NOT NULL AUTO_INCREMENT,
  `parent_id` int(10) unsigned DEFAULT NULL,
  `type` varchar(255) DEFAULT NULL,
  `config` longtext NOT NULL,
  `pool` longtext,
  `parent_type_id` int(11) DEFAULT NULL,
  PRIMARY KEY (`id`),
  KEY `filerp_parent_type_id_480c242e1b96e744_fk_django_content_type_id` (`parent_type_id`),
  CONSTRAINT `filerp_parent_type_id_480c242e1b96e744_fk_django_content_type_id` FOREIGN KEY (`parent_type_id`) REFERENCES `django_content_type` (`id`)
) ENGINE=InnoDB DEFAULT CHARSET=latin1;
/*!40101 SET character_set_client = @saved_cs_client */;

--
-- Dumping data for table `filerpool_photopool`
--

LOCK TABLES `filerpool_photopool` WRITE;
/*!40000 ALTER TABLE `filerpool_photopool` DISABLE KEYS */;
/*!40000 ALTER TABLE `filerpool_photopool` ENABLE KEYS */;
UNLOCK TABLES;

--
-- Table structure for table `filerpool_remotefilerimage`
--

DROP TABLE IF EXISTS `filerpool_remotefilerimage`;
/*!40101 SET @saved_cs_client     = @@character_set_client */;
/*!40101 SET character_set_client = utf8 */;
CREATE TABLE `filerpool_remotefilerimage` (
  `id` int(11) NOT NULL AUTO_INCREMENT,
  `url` varchar(200) NOT NULL,
  `image_id` int(11) NOT NULL,
  PRIMARY KEY (`id`),
  UNIQUE KEY `image_id` (`image_id`),
  CONSTRAINT `filerpool_r_image_id_22631e5fb27ab48e_fk_filer_image_file_ptr_id` FOREIGN KEY (`image_id`) REFERENCES `filer_image` (`file_ptr_id`)
) ENGINE=InnoDB DEFAULT CHARSET=latin1;
/*!40101 SET character_set_client = @saved_cs_client */;

--
-- Dumping data for table `filerpool_remotefilerimage`
--

LOCK TABLES `filerpool_remotefilerimage` WRITE;
/*!40000 ALTER TABLE `filerpool_remotefilerimage` DISABLE KEYS */;
/*!40000 ALTER TABLE `filerpool_remotefilerimage` ENABLE KEYS */;
UNLOCK TABLES;

--
-- Table structure for table `flex_flexcode`
--

DROP TABLE IF EXISTS `flex_flexcode`;
/*!40101 SET @saved_cs_client     = @@character_set_client */;
/*!40101 SET character_set_client = utf8 */;
CREATE TABLE `flex_flexcode` (
  `cmsplugin_ptr_id` int(11) NOT NULL,
  `title` varchar(255) DEFAULT NULL,
  `code` longtext NOT NULL,
  `subtitle` varchar(255) DEFAULT NULL,
  PRIMARY KEY (`cmsplugin_ptr_id`),
  CONSTRAINT `flex_flexc_cmsplugin_ptr_id_5f9b5c9660e19b91_fk_cms_cmsplugin_id` FOREIGN KEY (`cmsplugin_ptr_id`) REFERENCES `cms_cmsplugin` (`id`)
) ENGINE=InnoDB DEFAULT CHARSET=latin1;
/*!40101 SET character_set_client = @saved_cs_client */;

--
-- Dumping data for table `flex_flexcode`
--

LOCK TABLES `flex_flexcode` WRITE;
/*!40000 ALTER TABLE `flex_flexcode` DISABLE KEYS */;
INSERT INTO `flex_flexcode` VALUES (10,'Quellcode','<pre>Quellcode</pre>','Untertitel'),(108,'Quellcode','<pre>Quellcode</pre>','Untertitel');
/*!40000 ALTER TABLE `flex_flexcode` ENABLE KEYS */;
UNLOCK TABLES;

--
-- Table structure for table `flex_flexfile`
--

DROP TABLE IF EXISTS `flex_flexfile`;
/*!40101 SET @saved_cs_client     = @@character_set_client */;
/*!40101 SET character_set_client = utf8 */;
CREATE TABLE `flex_flexfile` (
  `cmsplugin_ptr_id` int(11) NOT NULL,
  `title` varchar(255) DEFAULT NULL,
  `subtitle` varchar(255) DEFAULT NULL,
  `body` longtext,
  `image` longtext NOT NULL,
  `file_id` int(11) NOT NULL,
  PRIMARY KEY (`cmsplugin_ptr_id`),
  KEY `flex_flexfile_814552b9` (`file_id`),
  CONSTRAINT `flex_flexfile_file_id_18f2ff608cc38f82_fk_filer_file_id` FOREIGN KEY (`file_id`) REFERENCES `filer_file` (`id`),
  CONSTRAINT `flex_flexf_cmsplugin_ptr_id_38bd348c74b7a8a0_fk_cms_cmsplugin_id` FOREIGN KEY (`cmsplugin_ptr_id`) REFERENCES `cms_cmsplugin` (`id`)
) ENGINE=InnoDB DEFAULT CHARSET=latin1;
/*!40101 SET character_set_client = @saved_cs_client */;

--
-- Dumping data for table `flex_flexfile`
--

LOCK TABLES `flex_flexfile` WRITE;
/*!40000 ALTER TABLE `flex_flexfile` DISABLE KEYS */;
/*!40000 ALTER TABLE `flex_flexfile` ENABLE KEYS */;
UNLOCK TABLES;

--
-- Table structure for table `flex_fleximage`
--

DROP TABLE IF EXISTS `flex_fleximage`;
/*!40101 SET @saved_cs_client     = @@character_set_client */;
/*!40101 SET character_set_client = utf8 */;
CREATE TABLE `flex_fleximage` (
  `cmsplugin_ptr_id` int(11) NOT NULL,
  `title` varchar(255) DEFAULT NULL,
  `caption` varchar(255) DEFAULT NULL,
  `images` longtext NOT NULL,
  `link` varchar(255) DEFAULT NULL,
  `display` varchar(255) DEFAULT NULL,
  `subtitle` varchar(255) DEFAULT NULL,
  `ratio` varchar(10) DEFAULT NULL,
  PRIMARY KEY (`cmsplugin_ptr_id`),
  CONSTRAINT `flex_flexim_cmsplugin_ptr_id_4272a10dfecc96c_fk_cms_cmsplugin_id` FOREIGN KEY (`cmsplugin_ptr_id`) REFERENCES `cms_cmsplugin` (`id`)
) ENGINE=InnoDB DEFAULT CHARSET=latin1;
/*!40101 SET character_set_client = @saved_cs_client */;

--
-- Dumping data for table `flex_fleximage`
--

LOCK TABLES `flex_fleximage` WRITE;
/*!40000 ALTER TABLE `flex_fleximage` DISABLE KEYS */;
INSERT INTO `flex_fleximage` VALUES (4,'','','(lp1\n(dp2\nVid\np3\nV1\nsa(dp4\nVid\np5\nV2\nsa.','',NULL,'',NULL),(7,NULL,NULL,'(lp1\n(dp2\nS\'id\'\np3\nI1\nsa.',NULL,NULL,NULL,NULL),(8,NULL,NULL,'(lp1\n(dp2\nS\'id\'\np3\nI1\nsa.',NULL,NULL,NULL,NULL),(9,NULL,NULL,'(lp1\n(dp2\nS\'id\'\np3\nI1\nsa.',NULL,NULL,NULL,NULL),(38,'','','(lp1\n(dp2\nVid\np3\nV1\nsa(dp4\nVid\np5\nV2\nsa.','',NULL,'',NULL),(53,'Willkommen','','(lp1\n(dp2\nVcaption\np3\nV\nsVid\np4\nV1\nsa(dp5\nVcaption\np6\nV\nsVid\np7\nV2\nsa.','',NULL,NULL,NULL),(62,'','','(lp1\n(dp2\nVcaption\np3\nV\nsVid\np4\nV2\nsa.','/',NULL,NULL,NULL),(83,'','','(lp1\n(dp2\nVcaption\np3\nV\nsVid\np4\nV2\nsa.','/',NULL,NULL,NULL),(102,'','','(lp1\n(dp2\nVid\np3\nV1\nsa(dp4\nVid\np5\nV2\nsa.','',NULL,'',NULL),(104,NULL,NULL,'(lp1\n(dp2\nS\'id\'\np3\nI1\nsa.',NULL,NULL,NULL,NULL),(105,NULL,NULL,'(lp1\n(dp2\nS\'id\'\np3\nI1\nsa.',NULL,NULL,NULL,NULL),(106,NULL,NULL,'(lp1\n(dp2\nS\'id\'\np3\nI1\nsa.',NULL,NULL,NULL,NULL),(110,'','','(lp1\n(dp2\nVid\np3\nV1\nsa(dp4\nVid\np5\nV2\nsa.','',NULL,'',NULL),(112,'Willkommen','','(lp1\n(dp2\nVcaption\np3\nV\nsVid\np4\nV1\nsa(dp5\nVcaption\np6\nV\nsVid\np7\nV2\nsa.','',NULL,NULL,NULL);
/*!40000 ALTER TABLE `flex_fleximage` ENABLE KEYS */;
UNLOCK TABLES;

--
-- Table structure for table `flex_flexlayout`
--

DROP TABLE IF EXISTS `flex_flexlayout`;
/*!40101 SET @saved_cs_client     = @@character_set_client */;
/*!40101 SET character_set_client = utf8 */;
CREATE TABLE `flex_flexlayout` (
  `id` int(11) NOT NULL AUTO_INCREMENT,
  `parent_id` int(10) unsigned DEFAULT NULL,
  `borderless` tinyint(1) NOT NULL,
  `marginless` tinyint(1) NOT NULL,
  `fullwidth` tinyint(1) NOT NULL,
  `seperated` tinyint(1) NOT NULL,
  `display` varchar(255) DEFAULT NULL,
  `parent_type_id` int(11) DEFAULT NULL,
  `cols` int(11) NOT NULL,
  PRIMARY KEY (`id`),
  UNIQUE KEY `flex_flexlayout_parent_type_id_4e27391c50e54d0_uniq` (`parent_type_id`,`parent_id`),
  CONSTRAINT `flex_f_parent_type_id_5101f657b44e96ce_fk_django_content_type_id` FOREIGN KEY (`parent_type_id`) REFERENCES `django_content_type` (`id`)
) ENGINE=InnoDB AUTO_INCREMENT=20 DEFAULT CHARSET=latin1;
/*!40101 SET character_set_client = @saved_cs_client */;

--
-- Dumping data for table `flex_flexlayout`
--

LOCK TABLES `flex_flexlayout` WRITE;
/*!40000 ALTER TABLE `flex_flexlayout` DISABLE KEYS */;
INSERT INTO `flex_flexlayout` VALUES (1,4,0,0,1,0,NULL,46,12),(3,6,0,0,0,0,NULL,50,12),(10,53,0,0,1,0,'',46,12),(17,102,0,0,1,0,NULL,46,12),(18,103,0,0,0,0,NULL,50,12),(19,112,0,0,1,0,'',46,12);
/*!40000 ALTER TABLE `flex_flexlayout` ENABLE KEYS */;
UNLOCK TABLES;

--
-- Table structure for table `flex_flexsection`
--

DROP TABLE IF EXISTS `flex_flexsection`;
/*!40101 SET @saved_cs_client     = @@character_set_client */;
/*!40101 SET character_set_client = utf8 */;
CREATE TABLE `flex_flexsection` (
  `cmsplugin_ptr_id` int(11) NOT NULL,
  `title` varchar(255) DEFAULT NULL,
  `division` varchar(255) DEFAULT NULL,
  `subtitle` varchar(255) DEFAULT NULL,
  `display` varchar(255) DEFAULT NULL,
  PRIMARY KEY (`cmsplugin_ptr_id`),
  CONSTRAINT `flex_flexse_cmsplugin_ptr_id_e1eb6709f27f308_fk_cms_cmsplugin_id` FOREIGN KEY (`cmsplugin_ptr_id`) REFERENCES `cms_cmsplugin` (`id`)
) ENGINE=InnoDB DEFAULT CHARSET=latin1;
/*!40101 SET character_set_client = @saved_cs_client */;

--
-- Dumping data for table `flex_flexsection`
--

LOCK TABLES `flex_flexsection` WRITE;
/*!40000 ALTER TABLE `flex_flexsection` DISABLE KEYS */;
INSERT INTO `flex_flexsection` VALUES (6,'Mehrspalter',NULL,'Untertitel',NULL),(37,'Mehrspalter 66% zu 33%','broad-left','Untertitel',NULL),(54,'',NULL,NULL,NULL),(59,'',NULL,NULL,NULL),(80,'',NULL,NULL,NULL),(103,'Mehrspalter',NULL,'Untertitel',NULL),(109,'Mehrspalter 66% zu 33%','broad-left','Untertitel',NULL),(113,'',NULL,NULL,NULL);
/*!40000 ALTER TABLE `flex_flexsection` ENABLE KEYS */;
UNLOCK TABLES;

--
-- Table structure for table `flex_flextext`
--

DROP TABLE IF EXISTS `flex_flextext`;
/*!40101 SET @saved_cs_client     = @@character_set_client */;
/*!40101 SET character_set_client = utf8 */;
CREATE TABLE `flex_flextext` (
  `cmsplugin_ptr_id` int(11) NOT NULL,
  `title` varchar(255) DEFAULT NULL,
  `abstract` longtext,
  `body` longtext,
  `display` varchar(255) DEFAULT NULL,
  `subtitle` varchar(255) DEFAULT NULL,
  `columns` int(11) NOT NULL,
  PRIMARY KEY (`cmsplugin_ptr_id`),
  CONSTRAINT `flex_flext_cmsplugin_ptr_id_171cfc950bf0017f_fk_cms_cmsplugin_id` FOREIGN KEY (`cmsplugin_ptr_id`) REFERENCES `cms_cmsplugin` (`id`)
) ENGINE=InnoDB DEFAULT CHARSET=latin1;
/*!40101 SET character_set_client = @saved_cs_client */;

--
-- Dumping data for table `flex_flextext`
--

LOCK TABLES `flex_flextext` WRITE;
/*!40000 ALTER TABLE `flex_flextext` DISABLE KEYS */;
INSERT INTO `flex_flextext` VALUES (1,'Text mit 2 Spalten',NULL,'<p>Lorem ipsum dolor sit amet, consetetur sadipscing elitr, sed diam nonumy eirmod tempor invidunt ut labore et dolore magna aliquyam erat, sed diam voluptua. At vero eos et accusam et justo duo dolores et ea rebum. Stet clita kasd gubergren, no sea takimata sanctus est Lorem ipsum dolor sit amet. Lorem ipsum dolor sit amet, consetetur sadipscing elitr, sed diam nonumy eirmod tempor invidunt ut labore et dolore magna aliquyam erat, sed diam voluptua. At vero eos et accusam et justo duo dolores et ea rebum. Stet clita kasd gubergren, no sea takimata sanctus est Lorem ipsum dolor sit amet. Lorem ipsum dolor sit amet, consetetur sadipscing elitr, sed diam nonumy eirmod tempor invidunt ut labore et dolore magna aliquyam erat, sed diam voluptua. At vero eos et accusam et justo duo dolores et ea rebum. Stet clita kasd gubergren, no sea takimata sanctus est Lorem ipsum dolor sit amet. &nbsp;&nbsp;</p>\r\n\r\n<p>Duis autem vel eum iriure dolor in hendrerit in vulputate velit esse molestie consequat, vel illum dolore eu feugiat nulla facilisis at vero eros et accumsan et iusto odio dignissim qui blandit praesent luptatum zzril delenit augue duis dolore te feugait nulla facilisi. Lorem ipsum dolor sit amet,</p>\r\n',NULL,'Untertitel',2),(39,'Titel',NULL,'<p>Inhaltstext, Inhaltstext, Inhaltstext</p>\r\n',NULL,'Untertitel',1),(51,'Informationen zur Verwendung von Cookies',NULL,'<p><strong>Verwendung von Cookies</strong></p>\r\n\r\n<p>Diese Webseite verwendet Cookies.<br />\r\nDas vorliegende Dokument informiert &uuml;ber die Verwendung und Verwaltung der Cookies.<br />\r\nMit der Nutzung dieser Webseite, erkl&auml;ren Sie sich mit der Verwendung der Cookies, wie in den folgenden Punkten beschrieben, einverstanden.</p>\r\n\r\n<p>&nbsp;</p>\r\n\r\n<p><strong>Informationen &uuml;ber Cookies&nbsp;</strong></p>\r\n\r\n<p>Cookies sind Textdateien, die auf Ihrem Computer gespeichert werden, wenn Sie eine Webseite besuchen. Kehren Sie auf die gleiche Webseite zur&uuml;ck, werden diese Cookies wieder an die Webseite geschickt.</p>\r\n\r\n<p>Die &quot;technischen Cookies&quot; werden u.a. f&uuml;r informatische Authentifizierungen, Aufzeichnung von Sitzungen und Speicherung von Informationen auf der Webseite verwendet (ohne die Verwendung von &quot;technischen Cookies&quot; w&auml;ren bestimmte Vorg&auml;nge auf der Webseite nicht m&ouml;glich).</p>\r\n\r\n<p>Die &quot;Tracking-Cookies&quot; (oder &quot;Profilierungs-Cookies&quot;) erlauben hingegen die Identifizierung von User-Profilen und werden verwendet um personalisierte Werbung zu schalten.</p>\r\n\r\n<p>Die Cookies k&ouml;nnen zudem in &quot;dauerhafte&quot; und &quot;Sitzungs-Cookies&quot; unterteilt werden. Die Sitzungs-Cookies werden automatisch von Ihrem Computer entfernt, sobald Sie den Browser schlie&szlig;en. Die dauerhaften Cookies bleiben auf Ihrem Computer gespeichert und werden erst entfernt, wenn sie ihr Ablaufdatum erreicht haben oder manuell gel&ouml;scht werden. Einige Cookies, die auf der Webseite verwendet werden, stammen von Drittanbietern.</p>\r\n\r\n<p>Um eine optimale Web-Navigation zu bieten, k&ouml;nnte die besuchte Webseite von allen oder von einem Teil der folgenden, eigenen und/oder von Dritten stammenden, Cookies Gebrauch machen:</p>\r\n\r\n<p>&nbsp;</p>\r\n\r\n<p><strong>Sitzungs-Cookie (lokal)</strong><br />\r\nEs handelt sich um einen technischen Cookie mit einer Speicherfunktion der Handlungen des Benutzers innerhalb einer Webseite. Dieser wird beim Verlassen der Webseite gel&ouml;scht. Sollte es sich um eine E-Commerce-Webseite handeln, wird dieser Cookie auch dazu verwendet, die in den Warenkorb gelegten Produkte zu speichern.</p>\r\n\r\n<p><strong>Google Analytics (von Dritten)</strong><br />\r\n&Uuml;berwachende Cookies f&uuml;r die Entwicklung von Statistiken der Webseitenverwendung; Google Analytics verwendet Cookies, die keine personenbezogenen Daten speichern und die auf dem PC des Benutzers abgelegt werden, um dem Anbieter der Webseite die M&ouml;glichkeit zu geben, Analysen zu erstellen, wie die gleichen Benutzer die Webseite benutzen. Um die Speicherung der hier vorher genannten Cookies zu verhindern, muss der Benutzer dem Vorgang in diesem Link folgen: http://www.google.com/intl/de_ALL/analytics/learn/privacy.html</p>\r\n\r\n<p><strong>Facebook (von Dritten)</strong><br />\r\nDiese Cookies werden verwendet, um die Werbung zu erarbeiten und zu verbessern d.h. mit Marketingstrategien, um dem Benutzer Nachrichten im Sinne seines Interesses zusenden zu k&ouml;nnen. Zus&auml;tzliche Informationen, auch in Bezug mit der Modalit&auml;t, mit der diese oben genannten Cookies deaktiviert werden k&ouml;nnen, sind im folgenden Link herunterladbar: https://www.facebook.com/help/cookies/ Um die Cookies anzuhaken/abzuhaken hier klicken: http://www.youronlinechoices.com/de/praferenzmanagement/</p>\r\n\r\n<p><strong>Adwords (von Dritten)</strong><br />\r\nDiese Cookies werden verwendet, um die Werbung zu erarbeiten und zu verbessern d.h. mit Marketingstrategien, um dem Benutzer Nachrichten im Sinne seines Interesses zusenden zu k&ouml;nnen. Zus&auml;tzliche Informationen, auch in Bezug mit der Modalit&auml;t, mit der diese oben genannten Cookies deaktiviert werden k&ouml;nnen, sind im folgenden Link herunterladbar: https://support.google.com/adwords/answer/2407785?hl=de um die Cookies anzuhaken/abzuhaken hier klicken: http://www.google.com/settings/ads</p>\r\n\r\n<p>&nbsp;</p>\r\n\r\n<p><strong>Wie k&ouml;nnen Cookies deaktiviert, gel&ouml;scht oder blockiert werden.</strong></p>\r\n\r\n<p>Diese von Ihnen besuchte Webseite erm&ouml;glicht die einzelnen Cookies, mit den hier folgend illustrierten Modalit&auml;ten anzuhaken/abzuhaken, jedoch mit dem Hinweis, dass im Falle einer Deaktivierung, die vollst&auml;ndige Nutzung der Webseite nicht mehr garantiert werden kann.</p>\r\n\r\n<p><strong>Firefox:</strong>&nbsp;</p>\r\n\r\n<p>&Ouml;ffnen Sie den Firefox Browser.<br />\r\nDr&uuml;cken Sie die &bdquo;Alt&ldquo; Taste auf Ihrer Tastatur.<br />\r\nW&auml;hlen Sie &bdquo;Men&uuml;&ldquo; und dann &bdquo;Optionen&ldquo; in Ihrer Funktionsleiste.<br />\r\nW&auml;hlen Sie den Reiter &bdquo;Privatsph&auml;re&ldquo; aus.<br />\r\nW&auml;hlen Sie f&uuml;r &bdquo;Firefox wird eine Chronik:&ldquo; &bdquo;nach benutzerdefinierten Einstellungen anlegen&ldquo; aus.<br />\r\nEntfernen Sie die Markierung &bdquo;Cookies akzeptieren&ldquo; und speichern Sie Ihre Einstellungen.</p>\r\n\r\n<p><strong>Internet Explorer:</strong><br />\r\n&Ouml;ffnen Sie den Internet Explorer.<br />\r\nKlicken Sie auf die Schaltfl&auml;che &bdquo;Extras&ldquo; und dann auf &bdquo;Internetoptionen&ldquo;.<br />\r\nKlicken Sie auf die Registerkarte &bdquo;Datenschutz&ldquo;.<br />\r\nIm Reiter &bdquo;Cookies&ldquo; k&ouml;nnen Sie die Markierung entfernen und Ihre Einstellungen speichern.</p>\r\n\r\n<p><strong>Google Chrome:&nbsp;</strong><br />\r\n&Ouml;ffnen Sie Google Chrome.<br />\r\nW&auml;hlen Sie &ldquo;Einstellungen&rdquo; aus.<br />\r\nKlicken Sie auf &ldquo;Erweiterte Einstellungen anzeigen&rdquo;.<br />\r\nKlicken Sie im Reiter &bdquo;Datenschutz&ldquo; auf &bdquo;Inhaltseinstellungen&ldquo;.<br />\r\nIm Abschnitt &bdquo;Cookies&ldquo; k&ouml;nnen Sie diese deaktivieren und Ihre Einstellungen speichern.</p>\r\n\r\n<p><strong>Safari:&nbsp;</strong><br />\r\n&Ouml;ffnen Sie Safari.<br />\r\nW&auml;hlen Sie &bdquo;Einstellungen&ldquo; in der Funktionsliste (graues Zahnrad in der oberen, rechten Ecke) und klicken Sie auf &bdquo;Privatsph&auml;re&ldquo;.<br />\r\nUnter &bdquo;Cookies akzeptieren&ldquo; k&ouml;nnen Sie spezifizieren ob und wann Safari Cookies von Websites akzeptieren soll. F&uuml;r mehr Informationen klicken Sie auf Hilfe (?).<br />\r\nWenn Sie mehr &uuml;ber die Cookies erfahren m&ouml;chten, die auf Ihrem Computer gespeichert werden, dann klicken Sie auf &bdquo;Cookies anzeigen&ldquo;.</p>\r\n',NULL,NULL,2),(52,'Informationen zur Verwendung von Cookies',NULL,'<p><strong>Verwendung von Cookies</strong></p>\r\n\r\n<p>Diese Webseite verwendet Cookies.<br />\r\nDas vorliegende Dokument informiert &uuml;ber die Verwendung und Verwaltung der Cookies.<br />\r\nMit der Nutzung dieser Webseite, erkl&auml;ren Sie sich mit der Verwendung der Cookies, wie in den folgenden Punkten beschrieben, einverstanden.</p>\r\n\r\n<p>&nbsp;</p>\r\n\r\n<p><strong>Informationen &uuml;ber Cookies&nbsp;</strong></p>\r\n\r\n<p>Cookies sind Textdateien, die auf Ihrem Computer gespeichert werden, wenn Sie eine Webseite besuchen. Kehren Sie auf die gleiche Webseite zur&uuml;ck, werden diese Cookies wieder an die Webseite geschickt.</p>\r\n\r\n<p>Die &quot;technischen Cookies&quot; werden u.a. f&uuml;r informatische Authentifizierungen, Aufzeichnung von Sitzungen und Speicherung von Informationen auf der Webseite verwendet (ohne die Verwendung von &quot;technischen Cookies&quot; w&auml;ren bestimmte Vorg&auml;nge auf der Webseite nicht m&ouml;glich).</p>\r\n\r\n<p>Die &quot;Tracking-Cookies&quot; (oder &quot;Profilierungs-Cookies&quot;) erlauben hingegen die Identifizierung von User-Profilen und werden verwendet um personalisierte Werbung zu schalten.</p>\r\n\r\n<p>Die Cookies k&ouml;nnen zudem in &quot;dauerhafte&quot; und &quot;Sitzungs-Cookies&quot; unterteilt werden. Die Sitzungs-Cookies werden automatisch von Ihrem Computer entfernt, sobald Sie den Browser schlie&szlig;en. Die dauerhaften Cookies bleiben auf Ihrem Computer gespeichert und werden erst entfernt, wenn sie ihr Ablaufdatum erreicht haben oder manuell gel&ouml;scht werden. Einige Cookies, die auf der Webseite verwendet werden, stammen von Drittanbietern.</p>\r\n\r\n<p>Um eine optimale Web-Navigation zu bieten, k&ouml;nnte die besuchte Webseite von allen oder von einem Teil der folgenden, eigenen und/oder von Dritten stammenden, Cookies Gebrauch machen:</p>\r\n\r\n<p>&nbsp;</p>\r\n\r\n<p><strong>Sitzungs-Cookie (lokal)</strong><br />\r\nEs handelt sich um einen technischen Cookie mit einer Speicherfunktion der Handlungen des Benutzers innerhalb einer Webseite. Dieser wird beim Verlassen der Webseite gel&ouml;scht. Sollte es sich um eine E-Commerce-Webseite handeln, wird dieser Cookie auch dazu verwendet, die in den Warenkorb gelegten Produkte zu speichern.</p>\r\n\r\n<p><strong>Google Analytics (von Dritten)</strong><br />\r\n&Uuml;berwachende Cookies f&uuml;r die Entwicklung von Statistiken der Webseitenverwendung; Google Analytics verwendet Cookies, die keine personenbezogenen Daten speichern und die auf dem PC des Benutzers abgelegt werden, um dem Anbieter der Webseite die M&ouml;glichkeit zu geben, Analysen zu erstellen, wie die gleichen Benutzer die Webseite benutzen. Um die Speicherung der hier vorher genannten Cookies zu verhindern, muss der Benutzer dem Vorgang in diesem Link folgen: http://www.google.com/intl/de_ALL/analytics/learn/privacy.html</p>\r\n\r\n<p><strong>Facebook (von Dritten)</strong><br />\r\nDiese Cookies werden verwendet, um die Werbung zu erarbeiten und zu verbessern d.h. mit Marketingstrategien, um dem Benutzer Nachrichten im Sinne seines Interesses zusenden zu k&ouml;nnen. Zus&auml;tzliche Informationen, auch in Bezug mit der Modalit&auml;t, mit der diese oben genannten Cookies deaktiviert werden k&ouml;nnen, sind im folgenden Link herunterladbar: https://www.facebook.com/help/cookies/ Um die Cookies anzuhaken/abzuhaken hier klicken: http://www.youronlinechoices.com/de/praferenzmanagement/</p>\r\n\r\n<p><strong>Adwords (von Dritten)</strong><br />\r\nDiese Cookies werden verwendet, um die Werbung zu erarbeiten und zu verbessern d.h. mit Marketingstrategien, um dem Benutzer Nachrichten im Sinne seines Interesses zusenden zu k&ouml;nnen. Zus&auml;tzliche Informationen, auch in Bezug mit der Modalit&auml;t, mit der diese oben genannten Cookies deaktiviert werden k&ouml;nnen, sind im folgenden Link herunterladbar: https://support.google.com/adwords/answer/2407785?hl=de um die Cookies anzuhaken/abzuhaken hier klicken: http://www.google.com/settings/ads</p>\r\n\r\n<p>&nbsp;</p>\r\n\r\n<p><strong>Wie k&ouml;nnen Cookies deaktiviert, gel&ouml;scht oder blockiert werden.</strong></p>\r\n\r\n<p>Diese von Ihnen besuchte Webseite erm&ouml;glicht die einzelnen Cookies, mit den hier folgend illustrierten Modalit&auml;ten anzuhaken/abzuhaken, jedoch mit dem Hinweis, dass im Falle einer Deaktivierung, die vollst&auml;ndige Nutzung der Webseite nicht mehr garantiert werden kann.</p>\r\n\r\n<p><strong>Firefox:</strong>&nbsp;</p>\r\n\r\n<p>&Ouml;ffnen Sie den Firefox Browser.<br />\r\nDr&uuml;cken Sie die &bdquo;Alt&ldquo; Taste auf Ihrer Tastatur.<br />\r\nW&auml;hlen Sie &bdquo;Men&uuml;&ldquo; und dann &bdquo;Optionen&ldquo; in Ihrer Funktionsleiste.<br />\r\nW&auml;hlen Sie den Reiter &bdquo;Privatsph&auml;re&ldquo; aus.<br />\r\nW&auml;hlen Sie f&uuml;r &bdquo;Firefox wird eine Chronik:&ldquo; &bdquo;nach benutzerdefinierten Einstellungen anlegen&ldquo; aus.<br />\r\nEntfernen Sie die Markierung &bdquo;Cookies akzeptieren&ldquo; und speichern Sie Ihre Einstellungen.</p>\r\n\r\n<p><strong>Internet Explorer:</strong><br />\r\n&Ouml;ffnen Sie den Internet Explorer.<br />\r\nKlicken Sie auf die Schaltfl&auml;che &bdquo;Extras&ldquo; und dann auf &bdquo;Internetoptionen&ldquo;.<br />\r\nKlicken Sie auf die Registerkarte &bdquo;Datenschutz&ldquo;.<br />\r\nIm Reiter &bdquo;Cookies&ldquo; k&ouml;nnen Sie die Markierung entfernen und Ihre Einstellungen speichern.</p>\r\n\r\n<p><strong>Google Chrome:&nbsp;</strong><br />\r\n&Ouml;ffnen Sie Google Chrome.<br />\r\nW&auml;hlen Sie &ldquo;Einstellungen&rdquo; aus.<br />\r\nKlicken Sie auf &ldquo;Erweiterte Einstellungen anzeigen&rdquo;.<br />\r\nKlicken Sie im Reiter &bdquo;Datenschutz&ldquo; auf &bdquo;Inhaltseinstellungen&ldquo;.<br />\r\nIm Abschnitt &bdquo;Cookies&ldquo; k&ouml;nnen Sie diese deaktivieren und Ihre Einstellungen speichern.</p>\r\n\r\n<p><strong>Safari:&nbsp;</strong><br />\r\n&Ouml;ffnen Sie Safari.<br />\r\nW&auml;hlen Sie &bdquo;Einstellungen&ldquo; in der Funktionsliste (graues Zahnrad in der oberen, rechten Ecke) und klicken Sie auf &bdquo;Privatsph&auml;re&ldquo;.<br />\r\nUnter &bdquo;Cookies akzeptieren&ldquo; k&ouml;nnen Sie spezifizieren ob und wann Safari Cookies von Websites akzeptieren soll. F&uuml;r mehr Informationen klicken Sie auf Hilfe (?).<br />\r\nWenn Sie mehr &uuml;ber die Cookies erfahren m&ouml;chten, die auf Ihrem Computer gespeichert werden, dann klicken Sie auf &bdquo;Cookies anzeigen&ldquo;.</p>\r\n',NULL,NULL,2),(58,'Willkommen',NULL,'<p>Hallo und willkommen auf unserer Website.</p>\r\n\r\n<p><a href=\"internal://page/7/de\">Mehr</a></p>\r\n',NULL,NULL,1),(60,NULL,NULL,'<p>Inhaltstext, Inhaltstext, Inhaltstext</p>',NULL,NULL,1),(61,NULL,NULL,'<p>Inhaltstext, Inhaltstext, Inhaltstext</p>',NULL,NULL,1),(81,NULL,NULL,'<p>Inhaltstext, Inhaltstext, Inhaltstext</p>',NULL,NULL,1),(82,NULL,NULL,'<p>Inhaltstext, Inhaltstext, Inhaltstext</p>',NULL,NULL,1),(101,'Text mit 2 Spalten',NULL,'<p>Lorem ipsum dolor sit amet, consetetur sadipscing elitr, sed diam nonumy eirmod tempor invidunt ut labore et dolore magna aliquyam erat, sed diam voluptua. At vero eos et accusam et justo duo dolores et ea rebum. Stet clita kasd gubergren, no sea takimata sanctus est Lorem ipsum dolor sit amet. Lorem ipsum dolor sit amet, consetetur sadipscing elitr, sed diam nonumy eirmod tempor invidunt ut labore et dolore magna aliquyam erat, sed diam voluptua. At vero eos et accusam et justo duo dolores et ea rebum. Stet clita kasd gubergren, no sea takimata sanctus est Lorem ipsum dolor sit amet. Lorem ipsum dolor sit amet, consetetur sadipscing elitr, sed diam nonumy eirmod tempor invidunt ut labore et dolore magna aliquyam erat, sed diam voluptua. At vero eos et accusam et justo duo dolores et ea rebum. Stet clita kasd gubergren, no sea takimata sanctus est Lorem ipsum dolor sit amet. &nbsp;&nbsp;</p>\r\n\r\n<p>Duis autem vel eum iriure dolor in hendrerit in vulputate velit esse molestie consequat, vel illum dolore eu feugiat nulla facilisis at vero eros et accumsan et iusto odio dignissim qui blandit praesent luptatum zzril delenit augue duis dolore te feugait nulla facilisi. Lorem ipsum dolor sit amet,</p>\r\n',NULL,'Untertitel',2),(111,'Titel',NULL,'<p>Inhaltstext, Inhaltstext, Inhaltstext</p>\r\n',NULL,'Untertitel',1),(117,'Willkommen',NULL,'<p>Hallo und willkommen auf unserer Website.</p>\r\n\r\n<p><a href=\"internal://page/7/de\">Mehr</a></p>\r\n',NULL,NULL,1);
/*!40000 ALTER TABLE `flex_flextext` ENABLE KEYS */;
UNLOCK TABLES;

--
-- Table structure for table `flex_flextextimage`
--

DROP TABLE IF EXISTS `flex_flextextimage`;
/*!40101 SET @saved_cs_client     = @@character_set_client */;
/*!40101 SET character_set_client = utf8 */;
CREATE TABLE `flex_flextextimage` (
  `cmsplugin_ptr_id` int(11) NOT NULL,
  `title` varchar(255) DEFAULT NULL,
  `subtitle` varchar(255) DEFAULT NULL,
  `body` longtext,
  `images` longtext NOT NULL,
  `caption` varchar(255) DEFAULT NULL,
  `link` varchar(255) DEFAULT NULL,
  `display` varchar(255) DEFAULT NULL,
  `columns` int(11) NOT NULL,
  `ratio` varchar(10) DEFAULT NULL,
  PRIMARY KEY (`cmsplugin_ptr_id`),
  CONSTRAINT `flex_flext_cmsplugin_ptr_id_39259a758fe09c31_fk_cms_cmsplugin_id` FOREIGN KEY (`cmsplugin_ptr_id`) REFERENCES `cms_cmsplugin` (`id`)
) ENGINE=InnoDB DEFAULT CHARSET=latin1;
/*!40101 SET character_set_client = @saved_cs_client */;

--
-- Dumping data for table `flex_flextextimage`
--

LOCK TABLES `flex_flextextimage` WRITE;
/*!40000 ALTER TABLE `flex_flextextimage` DISABLE KEYS */;
INSERT INTO `flex_flextextimage` VALUES (55,'Teaser 1',NULL,'<p>Inhaltstext, Inhaltstext, Inhaltstext, Inhaltstext</p>','(lp1\n(dp2\nVcaption\np3\nV\nsVid\np4\nV1\nsa(dp5\nVcaption\np6\nV\nsVid\np7\nV2\nsa.','','internal://page/9/de',NULL,1,NULL),(56,'Teaser 2',NULL,'<p>Inhaltstext, Inhaltstext, Inhaltstext</p>','(lp1\n(dp2\nVid\np3\nI1\nsa.','','',NULL,1,NULL),(57,'Teaser 3',NULL,'<p>Inhaltstext, Inhaltstext, Inhaltstext</p>\r\n','(lp1\n(dp2\nVid\np3\nI1\nsa.',NULL,'internal://page/8/de',NULL,1,NULL),(114,'Teaser 1',NULL,'<p>Inhaltstext, Inhaltstext, Inhaltstext, Inhaltstext</p>','(lp1\n(dp2\nVcaption\np3\nV\nsVid\np4\nV1\nsa(dp5\nVcaption\np6\nV\nsVid\np7\nV2\nsa.','','internal://page/9/de',NULL,1,NULL),(115,'Teaser 2',NULL,'<p>Inhaltstext, Inhaltstext, Inhaltstext</p>','(lp1\n(dp2\nVid\np3\nI1\nsa.','','',NULL,1,NULL),(116,'Teaser 3',NULL,'<p>Inhaltstext, Inhaltstext, Inhaltstext</p>\r\n','(lp1\n(dp2\nVid\np3\nI1\nsa.',NULL,'internal://page/8/de',NULL,1,NULL);
/*!40000 ALTER TABLE `flex_flextextimage` ENABLE KEYS */;
UNLOCK TABLES;

--
-- Table structure for table `flex_flexvideo`
--

DROP TABLE IF EXISTS `flex_flexvideo`;
/*!40101 SET @saved_cs_client     = @@character_set_client */;
/*!40101 SET character_set_client = utf8 */;
CREATE TABLE `flex_flexvideo` (
  `cmsplugin_ptr_id` int(11) NOT NULL,
  `title` varchar(255) DEFAULT NULL,
  `subtitle` varchar(255) DEFAULT NULL,
  `mp4_url` varchar(255) DEFAULT NULL,
  `webm_url` varchar(255) DEFAULT NULL,
  `ogv_url` varchar(255) DEFAULT NULL,
  `image` longtext NOT NULL,
  `width` smallint(5) unsigned NOT NULL,
  `height` smallint(5) unsigned NOT NULL,
  `auto_play` tinyint(1) NOT NULL,
  `auto_hide` tinyint(1) NOT NULL,
  `fullscreen` tinyint(1) NOT NULL,
  `loop` tinyint(1) NOT NULL,
  `mp4_file_id` int(11) DEFAULT NULL,
  `ogv_file_id` int(11) DEFAULT NULL,
  `webm_file_id` int(11) DEFAULT NULL,
  PRIMARY KEY (`cmsplugin_ptr_id`),
  KEY `flex_flexvideo_a1a7a16c` (`mp4_file_id`),
  KEY `flex_flexvideo_e73e8b30` (`ogv_file_id`),
  KEY `flex_flexvideo_9bacf5c2` (`webm_file_id`),
  CONSTRAINT `flex_flexv_cmsplugin_ptr_id_1798512686e08eee_fk_cms_cmsplugin_id` FOREIGN KEY (`cmsplugin_ptr_id`) REFERENCES `cms_cmsplugin` (`id`),
  CONSTRAINT `flex_flexvideo_mp4_file_id_319bec6d8bc9b274_fk_filer_file_id` FOREIGN KEY (`mp4_file_id`) REFERENCES `filer_file` (`id`),
  CONSTRAINT `flex_flexvideo_ogv_file_id_3dff472231e9dddd_fk_filer_file_id` FOREIGN KEY (`ogv_file_id`) REFERENCES `filer_file` (`id`),
  CONSTRAINT `flex_flexvideo_webm_file_id_1a0169134a9f0a43_fk_filer_file_id` FOREIGN KEY (`webm_file_id`) REFERENCES `filer_file` (`id`)
) ENGINE=InnoDB DEFAULT CHARSET=latin1;
/*!40101 SET character_set_client = @saved_cs_client */;

--
-- Dumping data for table `flex_flexvideo`
--

LOCK TABLES `flex_flexvideo` WRITE;
/*!40000 ALTER TABLE `flex_flexvideo` DISABLE KEYS */;
INSERT INTO `flex_flexvideo` VALUES (11,'HTML5 Video','Untertitel','http://techslides.com/demos/sample-videos/small.mp4','','','(lp1\n(dp2\nVid\np3\nV1\nsa.',800,600,0,0,1,0,NULL,NULL,NULL),(107,'HTML5 Video','Untertitel','http://techslides.com/demos/sample-videos/small.mp4','','','(lp1\n(dp2\nVid\np3\nV1\nsa.',800,600,0,0,1,0,NULL,NULL,NULL);
/*!40000 ALTER TABLE `flex_flexvideo` ENABLE KEYS */;
UNLOCK TABLES;

--
-- Table structure for table `menus_cachekey`
--

DROP TABLE IF EXISTS `menus_cachekey`;
/*!40101 SET @saved_cs_client     = @@character_set_client */;
/*!40101 SET character_set_client = utf8 */;
CREATE TABLE `menus_cachekey` (
  `id` int(11) NOT NULL AUTO_INCREMENT,
  `language` varchar(255) NOT NULL,
  `site` int(10) unsigned NOT NULL,
  `key` varchar(255) NOT NULL,
  PRIMARY KEY (`id`)
) ENGINE=InnoDB AUTO_INCREMENT=96 DEFAULT CHARSET=latin1;
/*!40101 SET character_set_client = @saved_cs_client */;

--
-- Dumping data for table `menus_cachekey`
--

LOCK TABLES `menus_cachekey` WRITE;
/*!40000 ALTER TABLE `menus_cachekey` DISABLE KEYS */;
INSERT INTO `menus_cachekey` VALUES (95,'de',1,'menu_cache_menu_nodes_de_1_1_user:public');
/*!40000 ALTER TABLE `menus_cachekey` ENABLE KEYS */;
UNLOCK TABLES;

--
-- Table structure for table `reversion_revision`
--

DROP TABLE IF EXISTS `reversion_revision`;
/*!40101 SET @saved_cs_client     = @@character_set_client */;
/*!40101 SET character_set_client = utf8 */;
CREATE TABLE `reversion_revision` (
  `id` int(11) NOT NULL AUTO_INCREMENT,
  `date_created` datetime NOT NULL,
  `comment` longtext NOT NULL,
  `user_id` int(11) DEFAULT NULL,
  PRIMARY KEY (`id`),
  KEY `reversion_revision_user_id_53d027e45b2ec55e_fk_auth_user_id` (`user_id`),
  KEY `reversion_revision_c69e55a4` (`date_created`),
  CONSTRAINT `reversion_revision_user_id_53d027e45b2ec55e_fk_auth_user_id` FOREIGN KEY (`user_id`) REFERENCES `auth_user` (`id`)
) ENGINE=InnoDB AUTO_INCREMENT=83 DEFAULT CHARSET=latin1;
/*!40101 SET character_set_client = @saved_cs_client */;

--
-- Dumping data for table `reversion_revision`
--

LOCK TABLES `reversion_revision` WRITE;
/*!40000 ALTER TABLE `reversion_revision` DISABLE KEYS */;
INSERT INTO `reversion_revision` VALUES (1,'2016-05-17 16:12:09','Initial version.',1),(2,'2016-05-17 16:12:32','Initial version.',1),(3,'2016-05-17 16:12:42','Initial version.',1),(4,'2016-05-17 16:12:57','Initial version.',1),(5,'2016-05-17 16:13:07','Initial version.',1),(6,'2016-05-17 16:13:16','Initial version.',1),(7,'2016-05-30 14:29:16','Publish',1),(8,'2016-05-30 14:42:43','Publish',1),(9,'2016-05-30 14:42:48','Publish',1),(10,'2016-05-30 14:42:51','Publish',1),(11,'2016-05-30 14:42:56','Publish',1),(12,'2016-05-30 14:43:01','Publish',1),(13,'2016-05-30 14:52:42','Publish',1),(16,'2016-05-30 15:06:37','Publish',1),(20,'2016-05-30 15:09:14','Publish',1),(42,'2016-05-30 15:44:49','Publish',1),(55,'2016-05-30 15:57:01','Publish',1),(61,'2016-05-30 16:00:24','Publish',1),(62,'2016-05-30 16:00:45','Mehrspalter-Plugin wurde in main eingefgt.',1),(63,'2016-05-30 16:01:28','Mehrspalter-Plugin auf der 8 Position in main wurde gendert.',1),(64,'2016-05-30 16:01:45','Bild / Galerie-Plugin auf der 0 Position in main wurde gendert.',1),(65,'2016-05-30 16:01:58','Text-Plugin auf der 1 Position in main wurde gendert.',1),(66,'2016-05-30 16:03:30','Mehrspalter-Plugin auf der 8 Position in main wurde gendert.',1),(67,'2016-05-30 16:03:40','Publish',1),(68,'2016-11-04 09:35:58','Initial version.',1),(69,'2016-11-04 09:36:08','Publish',1),(70,'2016-11-04 09:56:05','Text-Plugin wurde in content eingefgt.',1),(71,'2016-11-04 09:56:22','Text-Plugin auf der 0 Position in content wurde gendert.',1),(72,'2016-11-04 09:58:18','Publish',1),(73,'2016-11-04 10:21:06','Bild / Galerie-Plugin wurde in content eingefgt.',1),(74,'2016-11-04 10:21:38','Mehrspalter-Plugin wurde in content eingefgt.',1),(75,'2016-11-04 10:22:28','Bild / Galerie mit Text-Plugin auf der 0 Position in content wurde gendert.',1),(76,'2016-11-04 10:22:42','Bild / Galerie mit Text-Plugin auf der 1 Position in content wurde gendert.',1),(77,'2016-11-04 10:22:55','Bild / Galerie mit Text-Plugin auf der 2 Position in content wurde gendert.',1),(78,'2016-11-04 10:24:12','Text-Plugin wurde in content eingefgt.',1),(79,'2016-11-04 10:26:16','Text-Plugin auf der 2 Position in content wurde gendert.',1),(80,'2016-11-04 10:26:22','Plugins wurden nach content kopiert.',1),(81,'2016-11-04 10:35:52','Bild / Galerie-Plugin auf der 0 Position in content wurde gendert.',1),(82,'2016-11-04 10:47:58','Publish',1);
/*!40000 ALTER TABLE `reversion_revision` ENABLE KEYS */;
UNLOCK TABLES;

--
-- Table structure for table `reversion_version`
--

DROP TABLE IF EXISTS `reversion_version`;
/*!40101 SET @saved_cs_client     = @@character_set_client */;
/*!40101 SET character_set_client = utf8 */;
CREATE TABLE `reversion_version` (
  `id` int(11) NOT NULL AUTO_INCREMENT,
  `object_id` varchar(191) NOT NULL,
  `format` varchar(255) NOT NULL,
  `serialized_data` longtext NOT NULL,
  `object_repr` longtext NOT NULL,
  `content_type_id` int(11) NOT NULL,
  `revision_id` int(11) NOT NULL,
  `db` varchar(191) NOT NULL,
  PRIMARY KEY (`id`),
  UNIQUE KEY `reversion_version_db_content_type_id_objec_b2c54f65_uniq` (`db`,`content_type_id`,`object_id`,`revision_id`),
  KEY `revers_content_type_id_c01a11926d4c4a9_fk_django_content_type_id` (`content_type_id`),
  KEY `reversion_v_revision_id_48ec3744916a950_fk_reversion_revision_id` (`revision_id`),
  CONSTRAINT `reversion_v_revision_id_48ec3744916a950_fk_reversion_revision_id` FOREIGN KEY (`revision_id`) REFERENCES `reversion_revision` (`id`),
  CONSTRAINT `revers_content_type_id_c01a11926d4c4a9_fk_django_content_type_id` FOREIGN KEY (`content_type_id`) REFERENCES `django_content_type` (`id`)
) ENGINE=InnoDB AUTO_INCREMENT=1234 DEFAULT CHARSET=latin1;
/*!40101 SET character_set_client = @saved_cs_client */;

--
-- Dumping data for table `reversion_version`
--

LOCK TABLES `reversion_version` WRITE;
/*!40000 ALTER TABLE `reversion_version` DISABLE KEYS */;
INSERT INTO `reversion_version` VALUES (1,'1','json','[{\"fields\": {\"navigation_extenders\": null, \"site\": 1, \"application_namespace\": null, \"path\": \"0001\", \"in_navigation\": true, \"reverse_id\": null, \"login_required\": false, \"created_by\": \"script\", \"languages\": \"de\", \"publication_end_date\": null, \"template\": \"INHERIT\", \"placeholders\": [], \"changed_date\": \"2016-05-17T16:12:09Z\", \"limit_visibility_in_menu\": null, \"parent\": null, \"numchild\": 0, \"soft_root\": false, \"is_home\": true, \"publication_date\": null, \"creation_date\": \"2016-05-17T16:12:09Z\", \"application_urls\": null, \"changed_by\": \"script\", \"xframe_options\": 0, \"depth\": 1, \"revision_id\": 0}, \"model\": \"cms.page\", \"pk\": 1}]','Startseite',2,1,'default'),(2,'1','json','[{\"fields\": {\"menu_title\": null, \"meta_description\": null, \"page_title\": null, \"language\": \"de\", \"title\": \"Startseite\", \"has_url_overwrite\": false, \"redirect\": null, \"page\": 1, \"published\": false, \"path\": \"\", \"creation_date\": \"2016-05-17T16:12:09Z\", \"slug\": \"startseite\"}, \"model\": \"cms.title\", \"pk\": 1}]','Startseite (startseite, de)',16,1,'default'),(3,'2','json','[{\"fields\": {\"navigation_extenders\": null, \"site\": 1, \"application_namespace\": null, \"path\": \"0002\", \"in_navigation\": true, \"reverse_id\": null, \"login_required\": false, \"created_by\": \"script\", \"languages\": \"de\", \"publication_end_date\": null, \"template\": \"INHERIT\", \"placeholders\": [], \"changed_date\": \"2016-05-17T16:12:32Z\", \"limit_visibility_in_menu\": null, \"parent\": null, \"numchild\": 0, \"soft_root\": false, \"is_home\": true, \"publication_date\": null, \"creation_date\": \"2016-05-17T16:12:32Z\", \"application_urls\": null, \"changed_by\": \"script\", \"xframe_options\": 0, \"depth\": 1, \"revision_id\": 0}, \"model\": \"cms.page\", \"pk\": 2}]','Seite 2',2,2,'default'),(4,'2','json','[{\"fields\": {\"menu_title\": null, \"meta_description\": null, \"page_title\": null, \"language\": \"de\", \"title\": \"Seite 2\", \"has_url_overwrite\": false, \"redirect\": null, \"page\": 2, \"published\": false, \"path\": \"\", \"creation_date\": \"2016-05-17T16:12:32Z\", \"slug\": \"seite-2\"}, \"model\": \"cms.title\", \"pk\": 2}]','Seite 2 (seite-2, de)',16,2,'default'),(5,'3','json','[{\"fields\": {\"menu_title\": null, \"meta_description\": null, \"page_title\": null, \"language\": \"de\", \"title\": \"Seite 3\", \"has_url_overwrite\": false, \"redirect\": null, \"page\": 3, \"published\": false, \"path\": \"\", \"creation_date\": \"2016-05-17T16:12:42Z\", \"slug\": \"seite-3\"}, \"model\": \"cms.title\", \"pk\": 3}]','Seite 3 (seite-3, de)',16,3,'default'),(6,'3','json','[{\"fields\": {\"navigation_extenders\": null, \"site\": 1, \"application_namespace\": null, \"path\": \"0003\", \"in_navigation\": true, \"reverse_id\": null, \"login_required\": false, \"created_by\": \"script\", \"languages\": \"de\", \"publication_end_date\": null, \"template\": \"INHERIT\", \"placeholders\": [], \"changed_date\": \"2016-05-17T16:12:42Z\", \"limit_visibility_in_menu\": null, \"parent\": null, \"numchild\": 0, \"soft_root\": false, \"is_home\": true, \"publication_date\": null, \"creation_date\": \"2016-05-17T16:12:42Z\", \"application_urls\": null, \"changed_by\": \"script\", \"xframe_options\": 0, \"depth\": 1, \"revision_id\": 0}, \"model\": \"cms.page\", \"pk\": 3}]','Seite 3',2,3,'default'),(7,'4','json','[{\"fields\": {\"menu_title\": \"\", \"meta_description\": \"\", \"page_title\": \"\", \"language\": \"de\", \"title\": \"Impressum\", \"has_url_overwrite\": false, \"redirect\": null, \"page\": 4, \"published\": false, \"path\": \"\", \"creation_date\": \"2016-05-17T16:12:57Z\", \"slug\": \"impressum\"}, \"model\": \"cms.title\", \"pk\": 4}]','Impressum (impressum, de)',16,4,'default'),(8,'4','json','[{\"fields\": {\"navigation_extenders\": null, \"site\": 1, \"application_namespace\": null, \"path\": \"0004\", \"in_navigation\": true, \"reverse_id\": null, \"login_required\": false, \"created_by\": \"maisengasse\", \"languages\": \"de\", \"publication_end_date\": null, \"template\": \"INHERIT\", \"placeholders\": [], \"changed_date\": \"2016-05-17T16:12:57.482Z\", \"limit_visibility_in_menu\": null, \"parent\": null, \"numchild\": 0, \"soft_root\": false, \"is_home\": true, \"publication_date\": null, \"creation_date\": \"2016-05-17T16:12:57.397Z\", \"application_urls\": null, \"changed_by\": \"maisengasse\", \"xframe_options\": 0, \"depth\": 1, \"revision_id\": 0}, \"model\": \"cms.page\", \"pk\": 4}]','Impressum',2,4,'default'),(9,'5','json','[{\"fields\": {\"navigation_extenders\": null, \"site\": 1, \"application_namespace\": null, \"path\": \"00020001\", \"in_navigation\": true, \"reverse_id\": null, \"login_required\": false, \"created_by\": \"maisengasse\", \"languages\": null, \"publication_end_date\": null, \"template\": \"INHERIT\", \"placeholders\": [], \"changed_date\": \"2016-05-17T16:13:07.529Z\", \"limit_visibility_in_menu\": null, \"parent\": 2, \"numchild\": 0, \"soft_root\": false, \"is_home\": false, \"publication_date\": null, \"creation_date\": \"2016-05-17T16:13:07.500Z\", \"application_urls\": null, \"changed_by\": \"maisengasse\", \"xframe_options\": 0, \"depth\": 2, \"revision_id\": 0}, \"model\": \"cms.page\", \"pk\": 5}]','Unterseite 2',2,5,'default'),(10,'5','json','[{\"fields\": {\"menu_title\": \"\", \"meta_description\": \"\", \"page_title\": \"\", \"language\": \"de\", \"title\": \"Unterseite 2\", \"has_url_overwrite\": false, \"redirect\": null, \"page\": 5, \"published\": false, \"path\": \"seite-2/unterseite-2\", \"creation_date\": \"2016-05-17T16:13:07Z\", \"slug\": \"unterseite-2\"}, \"model\": \"cms.title\", \"pk\": 5}]','Unterseite 2 (unterseite-2, de)',16,5,'default'),(11,'6','json','[{\"fields\": {\"menu_title\": \"\", \"meta_description\": \"\", \"page_title\": \"\", \"language\": \"de\", \"title\": \"Unterseite 3\", \"has_url_overwrite\": false, \"redirect\": null, \"page\": 6, \"published\": false, \"path\": \"seite-2/unterseite-3\", \"creation_date\": \"2016-05-17T16:13:16Z\", \"slug\": \"unterseite-3\"}, \"model\": \"cms.title\", \"pk\": 6}]','Unterseite 3 (unterseite-3, de)',16,6,'default'),(12,'6','json','[{\"fields\": {\"navigation_extenders\": null, \"site\": 1, \"application_namespace\": null, \"path\": \"00020002\", \"in_navigation\": true, \"reverse_id\": null, \"login_required\": false, \"created_by\": \"maisengasse\", \"languages\": null, \"publication_end_date\": null, \"template\": \"INHERIT\", \"placeholders\": [], \"changed_date\": \"2016-05-17T16:13:16.036Z\", \"limit_visibility_in_menu\": null, \"parent\": 2, \"numchild\": 0, \"soft_root\": false, \"is_home\": false, \"publication_date\": null, \"creation_date\": \"2016-05-17T16:13:16.007Z\", \"application_urls\": null, \"changed_by\": \"maisengasse\", \"xframe_options\": 0, \"depth\": 2, \"revision_id\": 0}, \"model\": \"cms.page\", \"pk\": 6}]','Unterseite 3',2,6,'default'),(13,'4','json','[{\"fields\": {\"menu_title\": \"\", \"meta_description\": \"\", \"page_title\": \"\", \"language\": \"de\", \"title\": \"Impressum\", \"has_url_overwrite\": false, \"redirect\": null, \"page\": 4, \"published\": true, \"path\": \"\", \"creation_date\": \"2016-05-17T16:12:57Z\", \"slug\": \"impressum\"}, \"model\": \"cms.title\", \"pk\": 4}]','Impressum (impressum, de)',16,7,'default'),(14,'4','json','[{\"fields\": {\"navigation_extenders\": null, \"site\": 1, \"application_namespace\": null, \"path\": \"0004\", \"in_navigation\": true, \"reverse_id\": null, \"login_required\": false, \"created_by\": \"maisengasse\", \"languages\": \"de\", \"publication_end_date\": null, \"template\": \"INHERIT\", \"placeholders\": [], \"changed_date\": \"2016-05-30T14:29:16.829Z\", \"limit_visibility_in_menu\": null, \"parent\": null, \"numchild\": 0, \"soft_root\": false, \"is_home\": true, \"publication_date\": \"2016-05-30T14:29:16.695Z\", \"creation_date\": \"2016-05-17T16:12:57Z\", \"application_urls\": null, \"changed_by\": \"maisengasse\", \"xframe_options\": 0, \"depth\": 1, \"revision_id\": 0}, \"model\": \"cms.page\", \"pk\": 4}]','Impressum',2,7,'default'),(15,'3','json','[{\"fields\": {\"menu_title\": null, \"meta_description\": null, \"page_title\": null, \"language\": \"de\", \"title\": \"Seite 3\", \"has_url_overwrite\": false, \"redirect\": null, \"page\": 3, \"published\": true, \"path\": \"\", \"creation_date\": \"2016-05-17T16:12:42Z\", \"slug\": \"seite-3\"}, \"model\": \"cms.title\", \"pk\": 3}]','Seite 3 (seite-3, de)',16,8,'default'),(16,'3','json','[{\"fields\": {\"navigation_extenders\": null, \"site\": 1, \"application_namespace\": null, \"path\": \"0003\", \"in_navigation\": true, \"reverse_id\": null, \"login_required\": false, \"created_by\": \"script\", \"languages\": \"de\", \"publication_end_date\": null, \"template\": \"INHERIT\", \"placeholders\": [], \"changed_date\": \"2016-05-30T14:42:43.465Z\", \"limit_visibility_in_menu\": null, \"parent\": null, \"numchild\": 0, \"soft_root\": false, \"is_home\": true, \"publication_date\": \"2016-05-30T14:42:43.212Z\", \"creation_date\": \"2016-05-17T16:12:42Z\", \"application_urls\": null, \"changed_by\": \"maisengasse\", \"xframe_options\": 0, \"depth\": 1, \"revision_id\": 0}, \"model\": \"cms.page\", \"pk\": 3}]','Seite 3',2,8,'default'),(17,'2','json','[{\"fields\": {\"navigation_extenders\": null, \"site\": 1, \"application_namespace\": null, \"path\": \"0002\", \"in_navigation\": true, \"reverse_id\": null, \"login_required\": false, \"created_by\": \"script\", \"languages\": \"de\", \"publication_end_date\": null, \"template\": \"INHERIT\", \"placeholders\": [], \"changed_date\": \"2016-05-30T14:42:47.860Z\", \"limit_visibility_in_menu\": null, \"parent\": null, \"numchild\": 2, \"soft_root\": false, \"is_home\": true, \"publication_date\": \"2016-05-30T14:42:47.635Z\", \"creation_date\": \"2016-05-17T16:12:32Z\", \"application_urls\": null, \"changed_by\": \"maisengasse\", \"xframe_options\": 0, \"depth\": 1, \"revision_id\": 0}, \"model\": \"cms.page\", \"pk\": 2}]','Seite 2',2,9,'default'),(18,'2','json','[{\"fields\": {\"menu_title\": null, \"meta_description\": null, \"page_title\": null, \"language\": \"de\", \"title\": \"Seite 2\", \"has_url_overwrite\": false, \"redirect\": null, \"page\": 2, \"published\": true, \"path\": \"\", \"creation_date\": \"2016-05-17T16:12:32Z\", \"slug\": \"seite-2\"}, \"model\": \"cms.title\", \"pk\": 2}]','Seite 2 (seite-2, de)',16,9,'default'),(19,'1','json','[{\"fields\": {\"navigation_extenders\": null, \"site\": 1, \"application_namespace\": null, \"path\": \"0001\", \"in_navigation\": true, \"reverse_id\": null, \"login_required\": false, \"created_by\": \"script\", \"languages\": \"de\", \"publication_end_date\": null, \"template\": \"INHERIT\", \"placeholders\": [], \"changed_date\": \"2016-05-30T14:42:51.220Z\", \"limit_visibility_in_menu\": null, \"parent\": null, \"numchild\": 0, \"soft_root\": false, \"is_home\": true, \"publication_date\": \"2016-05-30T14:42:50.984Z\", \"creation_date\": \"2016-05-17T16:12:09Z\", \"application_urls\": null, \"changed_by\": \"maisengasse\", \"xframe_options\": 0, \"depth\": 1, \"revision_id\": 0}, \"model\": \"cms.page\", \"pk\": 1}]','Startseite',2,10,'default'),(20,'1','json','[{\"fields\": {\"menu_title\": null, \"meta_description\": null, \"page_title\": null, \"language\": \"de\", \"title\": \"Startseite\", \"has_url_overwrite\": false, \"redirect\": null, \"page\": 1, \"published\": true, \"path\": \"\", \"creation_date\": \"2016-05-17T16:12:09Z\", \"slug\": \"startseite\"}, \"model\": \"cms.title\", \"pk\": 1}]','Startseite (startseite, de)',16,10,'default'),(21,'5','json','[{\"fields\": {\"navigation_extenders\": null, \"site\": 1, \"application_namespace\": null, \"path\": \"00030001\", \"in_navigation\": true, \"reverse_id\": null, \"login_required\": false, \"created_by\": \"maisengasse\", \"languages\": \"de\", \"publication_end_date\": null, \"template\": \"INHERIT\", \"placeholders\": [], \"changed_date\": \"2016-05-30T14:42:56.800Z\", \"limit_visibility_in_menu\": null, \"parent\": 2, \"numchild\": 0, \"soft_root\": false, \"is_home\": false, \"publication_date\": \"2016-05-30T14:42:56.684Z\", \"creation_date\": \"2016-05-17T16:13:07Z\", \"application_urls\": null, \"changed_by\": \"maisengasse\", \"xframe_options\": 0, \"depth\": 2, \"revision_id\": 0}, \"model\": \"cms.page\", \"pk\": 5}]','Unterseite 2',2,11,'default'),(22,'5','json','[{\"fields\": {\"menu_title\": \"\", \"meta_description\": \"\", \"page_title\": \"\", \"language\": \"de\", \"title\": \"Unterseite 2\", \"has_url_overwrite\": false, \"redirect\": null, \"page\": 5, \"published\": true, \"path\": \"seite-2/unterseite-2\", \"creation_date\": \"2016-05-17T16:13:07Z\", \"slug\": \"unterseite-2\"}, \"model\": \"cms.title\", \"pk\": 5}]','Unterseite 2 (unterseite-2, de)',16,11,'default'),(23,'6','json','[{\"fields\": {\"menu_title\": \"\", \"meta_description\": \"\", \"page_title\": \"\", \"language\": \"de\", \"title\": \"Unterseite 3\", \"has_url_overwrite\": false, \"redirect\": null, \"page\": 6, \"published\": true, \"path\": \"seite-2/unterseite-3\", \"creation_date\": \"2016-05-17T16:13:16Z\", \"slug\": \"unterseite-3\"}, \"model\": \"cms.title\", \"pk\": 6}]','Unterseite 3 (unterseite-3, de)',16,12,'default'),(24,'6','json','[{\"fields\": {\"navigation_extenders\": null, \"site\": 1, \"application_namespace\": null, \"path\": \"00030002\", \"in_navigation\": true, \"reverse_id\": null, \"login_required\": false, \"created_by\": \"maisengasse\", \"languages\": \"de\", \"publication_end_date\": null, \"template\": \"INHERIT\", \"placeholders\": [], \"changed_date\": \"2016-05-30T14:43:01.025Z\", \"limit_visibility_in_menu\": null, \"parent\": 2, \"numchild\": 0, \"soft_root\": false, \"is_home\": false, \"publication_date\": \"2016-05-30T14:43:00.905Z\", \"creation_date\": \"2016-05-17T16:13:16Z\", \"application_urls\": null, \"changed_by\": \"maisengasse\", \"xframe_options\": 0, \"depth\": 2, \"revision_id\": 0}, \"model\": \"cms.page\", \"pk\": 6}]','Unterseite 3',2,12,'default'),(25,'1','json','[{\"fields\": {\"navigation_extenders\": null, \"site\": 1, \"application_namespace\": null, \"path\": \"0001\", \"in_navigation\": false, \"reverse_id\": null, \"login_required\": false, \"created_by\": \"script\", \"languages\": \"de\", \"publication_end_date\": null, \"template\": \"INHERIT\", \"placeholders\": [], \"changed_date\": \"2016-05-30T14:52:42.794Z\", \"limit_visibility_in_menu\": null, \"parent\": null, \"numchild\": 0, \"soft_root\": false, \"is_home\": true, \"publication_date\": \"2016-05-30T14:42:50Z\", \"creation_date\": \"2016-05-17T16:12:09Z\", \"application_urls\": null, \"changed_by\": \"maisengasse\", \"xframe_options\": 0, \"depth\": 1, \"revision_id\": 0}, \"model\": \"cms.page\", \"pk\": 1}]','Startseite',2,13,'default'),(26,'1','json','[{\"fields\": {\"menu_title\": null, \"meta_description\": null, \"page_title\": null, \"language\": \"de\", \"title\": \"Startseite\", \"has_url_overwrite\": false, \"redirect\": null, \"page\": 1, \"published\": true, \"path\": \"\", \"creation_date\": \"2016-05-17T16:12:09Z\", \"slug\": \"startseite\"}, \"model\": \"cms.title\", \"pk\": 1}]','Startseite (startseite, de)',16,13,'default'),(36,'1','json','[{\"fields\": {\"navigation_extenders\": null, \"site\": 1, \"application_namespace\": null, \"path\": \"0001\", \"in_navigation\": false, \"reverse_id\": null, \"login_required\": false, \"created_by\": \"script\", \"languages\": \"de\", \"publication_end_date\": null, \"template\": \"INHERIT\", \"placeholders\": [3], \"changed_date\": \"2016-05-30T15:06:37.255Z\", \"limit_visibility_in_menu\": null, \"parent\": null, \"numchild\": 0, \"soft_root\": false, \"is_home\": true, \"publication_date\": \"2016-05-30T14:42:50Z\", \"creation_date\": \"2016-05-17T16:12:09Z\", \"application_urls\": null, \"changed_by\": \"maisengasse\", \"xframe_options\": 0, \"depth\": 1, \"revision_id\": 0}, \"model\": \"cms.page\", \"pk\": 1}]','Startseite',2,16,'default'),(37,'3','json','[{\"fields\": {\"slot\": \"main\", \"default_width\": null}, \"model\": \"cms.placeholder\", \"pk\": 3}]','main',1,16,'default'),(38,'1','json','[{\"fields\": {\"body\": \"<p>Lorem ipsum dolor sit amet, consetetur sadipscing elitr, sed diam nonumy eirmod tempor invidunt ut labore et dolore magna aliquyam erat, sed diam voluptua. At vero eos et accusam et justo duo dolores et ea rebum. Stet clita kasd gubergren, no sea takimata sanctus est Lorem ipsum dolor sit amet. Lorem ipsum dolor sit amet, consetetur sadipscing elitr, sed diam nonumy eirmod tempor invidunt ut labore et dolore magna aliquyam erat, sed diam voluptua. At vero eos et accusam et justo duo dolores et ea rebum. Stet clita kasd gubergren, no sea takimata sanctus est Lorem ipsum dolor sit amet. Lorem ipsum dolor sit amet, consetetur sadipscing elitr, sed diam nonumy eirmod tempor invidunt ut labore et dolore magna aliquyam erat, sed diam voluptua. At vero eos et accusam et justo duo dolores et ea rebum. Stet clita kasd gubergren, no sea takimata sanctus est Lorem ipsum dolor sit amet. &nbsp;&nbsp;</p>\\r\\n\\r\\n<p>Duis autem vel eum iriure dolor in hendrerit in vulputate velit esse molestie consequat, vel illum dolore eu feugiat nulla facilisis at vero eros et accumsan et iusto odio dignissim qui blandit praesent luptatum zzril delenit augue duis dolore te feugait nulla facilisi. Lorem ipsum dolor sit amet,</p>\\r\\n\", \"subtitle\": \"Untertitel\", \"title\": \"Text mit 2 Spalten\", \"abstract\": null, \"display\": null, \"columns\": 2}, \"model\": \"flex.flextext\", \"pk\": 1}]','Text mit 2 Spalten',45,16,'default'),(39,'1','json','[{\"fields\": {\"menu_title\": null, \"meta_description\": null, \"page_title\": null, \"language\": \"de\", \"title\": \"Startseite\", \"has_url_overwrite\": false, \"redirect\": null, \"page\": 1, \"published\": true, \"path\": \"\", \"creation_date\": \"2016-05-17T16:12:09Z\", \"slug\": \"startseite\"}, \"model\": \"cms.title\", \"pk\": 1}]','Startseite (startseite, de)',16,16,'default'),(40,'1','json','[{\"fields\": {\"changed_date\": \"2016-05-30T15:02:45Z\", \"language\": \"de\", \"parent\": null, \"numchild\": 0, \"creation_date\": \"2016-05-30T15:02:09Z\", \"depth\": 1, \"position\": 0, \"path\": \"0001\", \"placeholder\": 3, \"plugin_type\": \"FlexTextPlugin\"}, \"model\": \"cms.cmsplugin\", \"pk\": 1}]','1',15,16,'default'),(56,'1','json','[{\"fields\": {\"navigation_extenders\": null, \"site\": 1, \"application_namespace\": null, \"path\": \"0001\", \"in_navigation\": false, \"reverse_id\": null, \"login_required\": false, \"created_by\": \"script\", \"languages\": \"de\", \"publication_end_date\": null, \"template\": \"INHERIT\", \"placeholders\": [3], \"changed_date\": \"2016-05-30T15:09:14.020Z\", \"limit_visibility_in_menu\": null, \"parent\": null, \"numchild\": 0, \"soft_root\": false, \"is_home\": true, \"publication_date\": \"2016-05-30T14:42:50Z\", \"creation_date\": \"2016-05-17T16:12:09Z\", \"application_urls\": null, \"changed_by\": \"maisengasse\", \"xframe_options\": 0, \"depth\": 1, \"revision_id\": 0}, \"model\": \"cms.page\", \"pk\": 1}]','Startseite',2,20,'default'),(57,'3','json','[{\"fields\": {\"slot\": \"main\", \"default_width\": null}, \"model\": \"cms.placeholder\", \"pk\": 3}]','main',1,20,'default'),(58,'1','json','[{\"fields\": {\"body\": \"<p>Lorem ipsum dolor sit amet, consetetur sadipscing elitr, sed diam nonumy eirmod tempor invidunt ut labore et dolore magna aliquyam erat, sed diam voluptua. At vero eos et accusam et justo duo dolores et ea rebum. Stet clita kasd gubergren, no sea takimata sanctus est Lorem ipsum dolor sit amet. Lorem ipsum dolor sit amet, consetetur sadipscing elitr, sed diam nonumy eirmod tempor invidunt ut labore et dolore magna aliquyam erat, sed diam voluptua. At vero eos et accusam et justo duo dolores et ea rebum. Stet clita kasd gubergren, no sea takimata sanctus est Lorem ipsum dolor sit amet. Lorem ipsum dolor sit amet, consetetur sadipscing elitr, sed diam nonumy eirmod tempor invidunt ut labore et dolore magna aliquyam erat, sed diam voluptua. At vero eos et accusam et justo duo dolores et ea rebum. Stet clita kasd gubergren, no sea takimata sanctus est Lorem ipsum dolor sit amet. &nbsp;&nbsp;</p>\\r\\n\\r\\n<p>Duis autem vel eum iriure dolor in hendrerit in vulputate velit esse molestie consequat, vel illum dolore eu feugiat nulla facilisis at vero eros et accumsan et iusto odio dignissim qui blandit praesent luptatum zzril delenit augue duis dolore te feugait nulla facilisi. Lorem ipsum dolor sit amet,</p>\\r\\n\", \"subtitle\": \"Untertitel\", \"title\": \"Text mit 2 Spalten\", \"abstract\": null, \"display\": null, \"columns\": 2}, \"model\": \"flex.flextext\", \"pk\": 1}]','Text mit 2 Spalten',45,20,'default'),(59,'1','json','[{\"fields\": {\"menu_title\": null, \"meta_description\": null, \"page_title\": null, \"language\": \"de\", \"title\": \"Startseite\", \"has_url_overwrite\": false, \"redirect\": null, \"page\": 1, \"published\": true, \"path\": \"\", \"creation_date\": \"2016-05-17T16:12:09Z\", \"slug\": \"startseite\"}, \"model\": \"cms.title\", \"pk\": 1}]','Startseite (startseite, de)',16,20,'default'),(60,'1','json','[{\"fields\": {\"changed_date\": \"2016-05-30T15:09:09Z\", \"language\": \"de\", \"parent\": null, \"numchild\": 0, \"creation_date\": \"2016-05-30T15:02:09Z\", \"depth\": 1, \"position\": 0, \"path\": \"0001\", \"placeholder\": 3, \"plugin_type\": \"FlexTextPlugin\"}, \"model\": \"cms.cmsplugin\", \"pk\": 1}]','1',15,20,'default'),(328,'1','json','[{\"fields\": {\"navigation_extenders\": null, \"site\": 1, \"application_namespace\": null, \"path\": \"0001\", \"in_navigation\": false, \"reverse_id\": null, \"login_required\": false, \"created_by\": \"script\", \"languages\": \"de\", \"publication_end_date\": null, \"template\": \"INHERIT\", \"placeholders\": [3], \"changed_date\": \"2016-05-30T15:44:49.815Z\", \"limit_visibility_in_menu\": null, \"parent\": null, \"numchild\": 0, \"soft_root\": false, \"is_home\": true, \"publication_date\": \"2016-05-30T14:42:50Z\", \"creation_date\": \"2016-05-17T16:12:09Z\", \"application_urls\": null, \"changed_by\": \"maisengasse\", \"xframe_options\": 0, \"depth\": 1, \"revision_id\": 0}, \"model\": \"cms.page\", \"pk\": 1}]','Startseite',2,42,'default'),(329,'3','json','[{\"fields\": {\"slot\": \"main\", \"default_width\": null}, \"model\": \"cms.placeholder\", \"pk\": 3}]','main',1,42,'default'),(330,'4','json','[{\"fields\": {\"changed_date\": \"2016-05-30T15:44:41Z\", \"language\": \"de\", \"parent\": null, \"numchild\": 0, \"creation_date\": \"2016-05-30T15:09:24Z\", \"depth\": 1, \"position\": 0, \"path\": \"0003\", \"placeholder\": 3, \"plugin_type\": \"FlexImagePlugin\"}, \"model\": \"cms.cmsplugin\", \"pk\": 4}]','4',15,42,'default'),(331,'6','json','[{\"fields\": {\"changed_date\": \"2016-05-30T15:38:36Z\", \"language\": \"de\", \"parent\": null, \"numchild\": 3, \"creation_date\": \"2016-05-30T15:33:13Z\", \"depth\": 1, \"position\": 2, \"path\": \"0004\", \"placeholder\": 3, \"plugin_type\": \"FlexSectionPlugin\"}, \"model\": \"cms.cmsplugin\", \"pk\": 6}]','6',15,42,'default'),(332,'6','json','[{\"fields\": {\"division\": null, \"subtitle\": \"Untertitel\", \"title\": \"Mehrspalter\"}, \"model\": \"flex.flexsection\", \"pk\": 6}]','Mehrspalter (3 Spalten): 7, 8, 9',50,42,'default'),(333,'1','json','[{\"fields\": {\"changed_date\": \"2016-05-30T15:29:55Z\", \"language\": \"de\", \"parent\": null, \"numchild\": 0, \"creation_date\": \"2016-05-30T15:02:09Z\", \"depth\": 1, \"position\": 1, \"path\": \"0001\", \"placeholder\": 3, \"plugin_type\": \"FlexTextPlugin\"}, \"model\": \"cms.cmsplugin\", \"pk\": 1}]','1',15,42,'default'),(334,'8','json','[{\"fields\": {\"subtitle\": null, \"title\": null, \"caption\": null, \"link\": null, \"images\": \"[{\'id\': 1}]\", \"ratio\": null, \"display\": null}, \"model\": \"flex.fleximage\", \"pk\": 8}]','8',46,42,'default'),(335,'9','json','[{\"fields\": {\"subtitle\": null, \"title\": null, \"caption\": null, \"link\": null, \"images\": \"[{\'id\': 1}]\", \"ratio\": null, \"display\": null}, \"model\": \"flex.fleximage\", \"pk\": 9}]','9',46,42,'default'),(336,'10','json','[{\"fields\": {\"code\": \"<pre>Quellcode</pre>\", \"subtitle\": \"Untertitel\", \"title\": \"Quellcode\"}, \"model\": \"flex.flexcode\", \"pk\": 10}]','Quellcode',48,42,'default'),(337,'7','json','[{\"fields\": {\"subtitle\": null, \"title\": null, \"caption\": null, \"link\": null, \"images\": \"[{\'id\': 1}]\", \"ratio\": null, \"display\": null}, \"model\": \"flex.fleximage\", \"pk\": 7}]','7',46,42,'default'),(338,'11','json','[{\"fields\": {\"fullscreen\": true, \"subtitle\": \"Untertitel\", \"title\": \"HTML5 Video\", \"mp4_url\": \"http://techslides.com/demos/sample-videos/small.mp4\", \"image\": \"[{u\'id\': u\'1\'}]\", \"auto_play\": false, \"mp4_file\": null, \"webm_file\": null, \"width\": 800, \"auto_hide\": false, \"ogv_file\": null, \"webm_url\": \"\", \"height\": 600, \"ogv_url\": \"\", \"loop\": false}, \"model\": \"flex.flexvideo\", \"pk\": 11}]','HTML5 Video',49,42,'default'),(339,'8','json','[{\"fields\": {\"changed_date\": \"2016-05-30T15:35:09Z\", \"language\": \"de\", \"parent\": 6, \"numchild\": 0, \"creation_date\": \"2016-05-30T15:35:09Z\", \"depth\": 2, \"position\": 1, \"path\": \"00040002\", \"placeholder\": 3, \"plugin_type\": \"FlexImagePlugin\"}, \"model\": \"cms.cmsplugin\", \"pk\": 8}]','8',15,42,'default'),(340,'1','json','[{\"fields\": {\"menu_title\": null, \"meta_description\": null, \"page_title\": null, \"language\": \"de\", \"title\": \"Startseite\", \"has_url_overwrite\": false, \"redirect\": null, \"page\": 1, \"published\": true, \"path\": \"\", \"creation_date\": \"2016-05-17T16:12:09Z\", \"slug\": \"startseite\"}, \"model\": \"cms.title\", \"pk\": 1}]','Startseite (startseite, de)',16,42,'default'),(341,'1','json','[{\"fields\": {\"body\": \"<p>Lorem ipsum dolor sit amet, consetetur sadipscing elitr, sed diam nonumy eirmod tempor invidunt ut labore et dolore magna aliquyam erat, sed diam voluptua. At vero eos et accusam et justo duo dolores et ea rebum. Stet clita kasd gubergren, no sea takimata sanctus est Lorem ipsum dolor sit amet. Lorem ipsum dolor sit amet, consetetur sadipscing elitr, sed diam nonumy eirmod tempor invidunt ut labore et dolore magna aliquyam erat, sed diam voluptua. At vero eos et accusam et justo duo dolores et ea rebum. Stet clita kasd gubergren, no sea takimata sanctus est Lorem ipsum dolor sit amet. Lorem ipsum dolor sit amet, consetetur sadipscing elitr, sed diam nonumy eirmod tempor invidunt ut labore et dolore magna aliquyam erat, sed diam voluptua. At vero eos et accusam et justo duo dolores et ea rebum. Stet clita kasd gubergren, no sea takimata sanctus est Lorem ipsum dolor sit amet. &nbsp;&nbsp;</p>\\r\\n\\r\\n<p>Duis autem vel eum iriure dolor in hendrerit in vulputate velit esse molestie consequat, vel illum dolore eu feugiat nulla facilisis at vero eros et accumsan et iusto odio dignissim qui blandit praesent luptatum zzril delenit augue duis dolore te feugait nulla facilisi. Lorem ipsum dolor sit amet,</p>\\r\\n\", \"subtitle\": \"Untertitel\", \"title\": \"Text mit 2 Spalten\", \"abstract\": null, \"display\": null, \"columns\": 2}, \"model\": \"flex.flextext\", \"pk\": 1}]','Text mit 2 Spalten',45,42,'default'),(342,'11','json','[{\"fields\": {\"changed_date\": \"2016-05-30T15:44:31Z\", \"language\": \"de\", \"parent\": null, \"numchild\": 0, \"creation_date\": \"2016-05-30T15:40:25Z\", \"depth\": 1, \"position\": 4, \"path\": \"0006\", \"placeholder\": 3, \"plugin_type\": \"FlexVideoPlugin\"}, \"model\": \"cms.cmsplugin\", \"pk\": 11}]','11',15,42,'default'),(343,'9','json','[{\"fields\": {\"changed_date\": \"2016-05-30T15:35:09Z\", \"language\": \"de\", \"parent\": 6, \"numchild\": 0, \"creation_date\": \"2016-05-30T15:35:09Z\", \"depth\": 2, \"position\": 2, \"path\": \"00040003\", \"placeholder\": 3, \"plugin_type\": \"FlexImagePlugin\"}, \"model\": \"cms.cmsplugin\", \"pk\": 9}]','9',15,42,'default'),(344,'7','json','[{\"fields\": {\"changed_date\": \"2016-05-30T15:35:09Z\", \"language\": \"de\", \"parent\": 6, \"numchild\": 0, \"creation_date\": \"2016-05-30T15:35:09Z\", \"depth\": 2, \"position\": 0, \"path\": \"00040001\", \"placeholder\": 3, \"plugin_type\": \"FlexImagePlugin\"}, \"model\": \"cms.cmsplugin\", \"pk\": 7}]','7',15,42,'default'),(345,'4','json','[{\"fields\": {\"subtitle\": \"\", \"title\": \"\", \"caption\": \"\", \"link\": \"\", \"images\": \"[{u\'id\': u\'1\'}, {u\'id\': u\'2\'}]\", \"ratio\": null, \"display\": null}, \"model\": \"flex.fleximage\", \"pk\": 4}]','4',46,42,'default'),(346,'10','json','[{\"fields\": {\"changed_date\": \"2016-05-30T15:44:31Z\", \"language\": \"de\", \"parent\": null, \"numchild\": 0, \"creation_date\": \"2016-05-30T15:39:12Z\", \"depth\": 1, \"position\": 3, \"path\": \"0005\", \"placeholder\": 3, \"plugin_type\": \"FlexCodePlugin\"}, \"model\": \"cms.cmsplugin\", \"pk\": 10}]','10',15,42,'default'),(575,'1','json','[{\"fields\": {\"navigation_extenders\": null, \"site\": 1, \"application_namespace\": null, \"path\": \"0001\", \"in_navigation\": false, \"reverse_id\": null, \"login_required\": false, \"created_by\": \"script\", \"languages\": \"de\", \"publication_end_date\": null, \"template\": \"INHERIT\", \"placeholders\": [3], \"changed_date\": \"2016-05-30T15:57:01.436Z\", \"limit_visibility_in_menu\": null, \"parent\": null, \"numchild\": 0, \"soft_root\": false, \"is_home\": true, \"publication_date\": \"2016-05-30T14:42:50Z\", \"creation_date\": \"2016-05-17T16:12:09Z\", \"application_urls\": null, \"changed_by\": \"maisengasse\", \"xframe_options\": 0, \"depth\": 1, \"revision_id\": 0}, \"model\": \"cms.page\", \"pk\": 1}]','Startseite',2,55,'default'),(576,'3','json','[{\"fields\": {\"slot\": \"main\", \"default_width\": null}, \"model\": \"cms.placeholder\", \"pk\": 3}]','main',1,55,'default'),(577,'4','json','[{\"fields\": {\"changed_date\": \"2016-05-30T15:55:26Z\", \"language\": \"de\", \"parent\": null, \"numchild\": 0, \"creation_date\": \"2016-05-30T15:09:24Z\", \"depth\": 1, \"position\": 0, \"path\": \"0003\", \"placeholder\": 3, \"plugin_type\": \"FlexImagePlugin\"}, \"model\": \"cms.cmsplugin\", \"pk\": 4}]','4',15,55,'default'),(578,'6','json','[{\"fields\": {\"changed_date\": \"2016-05-30T15:56:10Z\", \"language\": \"de\", \"parent\": null, \"numchild\": 3, \"creation_date\": \"2016-05-30T15:33:13Z\", \"depth\": 1, \"position\": 3, \"path\": \"0004\", \"placeholder\": 3, \"plugin_type\": \"FlexSectionPlugin\"}, \"model\": \"cms.cmsplugin\", \"pk\": 6}]','6',15,55,'default'),(579,'6','json','[{\"fields\": {\"division\": null, \"subtitle\": \"Untertitel\", \"title\": \"Mehrspalter\"}, \"model\": \"flex.flexsection\", \"pk\": 6}]','Mehrspalter (3 Spalten): 7, 9, 8',50,55,'default'),(580,'1','json','[{\"fields\": {\"changed_date\": \"2016-05-30T15:55:26Z\", \"language\": \"de\", \"parent\": null, \"numchild\": 0, \"creation_date\": \"2016-05-30T15:02:09Z\", \"depth\": 1, \"position\": 1, \"path\": \"0001\", \"placeholder\": 3, \"plugin_type\": \"FlexTextPlugin\"}, \"model\": \"cms.cmsplugin\", \"pk\": 1}]','1',15,55,'default'),(581,'8','json','[{\"fields\": {\"subtitle\": null, \"title\": null, \"caption\": null, \"link\": null, \"images\": \"[{\'id\': 1}]\", \"ratio\": null, \"display\": null}, \"model\": \"flex.fleximage\", \"pk\": 8}]','8',46,55,'default'),(582,'9','json','[{\"fields\": {\"subtitle\": null, \"title\": null, \"caption\": null, \"link\": null, \"images\": \"[{\'id\': 1}]\", \"ratio\": null, \"display\": null}, \"model\": \"flex.fleximage\", \"pk\": 9}]','9',46,55,'default'),(583,'10','json','[{\"fields\": {\"code\": \"<pre>Quellcode</pre>\", \"subtitle\": \"Untertitel\", \"title\": \"Quellcode\"}, \"model\": \"flex.flexcode\", \"pk\": 10}]','Quellcode',48,55,'default'),(584,'7','json','[{\"fields\": {\"subtitle\": null, \"title\": null, \"caption\": null, \"link\": null, \"images\": \"[{\'id\': 1}]\", \"ratio\": null, \"display\": null}, \"model\": \"flex.fleximage\", \"pk\": 7}]','7',46,55,'default'),(585,'11','json','[{\"fields\": {\"fullscreen\": true, \"subtitle\": \"Untertitel\", \"title\": \"HTML5 Video\", \"mp4_url\": \"http://techslides.com/demos/sample-videos/small.mp4\", \"image\": \"[{u\'id\': u\'1\'}]\", \"auto_play\": false, \"mp4_file\": null, \"webm_file\": null, \"width\": 800, \"auto_hide\": false, \"ogv_file\": null, \"webm_url\": \"\", \"height\": 600, \"ogv_url\": \"\", \"loop\": false}, \"model\": \"flex.flexvideo\", \"pk\": 11}]','HTML5 Video',49,55,'default'),(586,'8','json','[{\"fields\": {\"changed_date\": \"2016-05-30T15:55:22Z\", \"language\": \"de\", \"parent\": 6, \"numchild\": 0, \"creation_date\": \"2016-05-30T15:35:09Z\", \"depth\": 2, \"position\": 3, \"path\": \"00040002\", \"placeholder\": 3, \"plugin_type\": \"FlexImagePlugin\"}, \"model\": \"cms.cmsplugin\", \"pk\": 8}]','8',15,55,'default'),(587,'1','json','[{\"fields\": {\"menu_title\": null, \"meta_description\": null, \"page_title\": null, \"language\": \"de\", \"title\": \"Startseite\", \"has_url_overwrite\": false, \"redirect\": null, \"page\": 1, \"published\": true, \"path\": \"\", \"creation_date\": \"2016-05-17T16:12:09Z\", \"slug\": \"startseite\"}, \"model\": \"cms.title\", \"pk\": 1}]','Startseite (startseite, de)',16,55,'default'),(588,'1','json','[{\"fields\": {\"body\": \"<p>Lorem ipsum dolor sit amet, consetetur sadipscing elitr, sed diam nonumy eirmod tempor invidunt ut labore et dolore magna aliquyam erat, sed diam voluptua. At vero eos et accusam et justo duo dolores et ea rebum. Stet clita kasd gubergren, no sea takimata sanctus est Lorem ipsum dolor sit amet. Lorem ipsum dolor sit amet, consetetur sadipscing elitr, sed diam nonumy eirmod tempor invidunt ut labore et dolore magna aliquyam erat, sed diam voluptua. At vero eos et accusam et justo duo dolores et ea rebum. Stet clita kasd gubergren, no sea takimata sanctus est Lorem ipsum dolor sit amet. Lorem ipsum dolor sit amet, consetetur sadipscing elitr, sed diam nonumy eirmod tempor invidunt ut labore et dolore magna aliquyam erat, sed diam voluptua. At vero eos et accusam et justo duo dolores et ea rebum. Stet clita kasd gubergren, no sea takimata sanctus est Lorem ipsum dolor sit amet. &nbsp;&nbsp;</p>\\r\\n\\r\\n<p>Duis autem vel eum iriure dolor in hendrerit in vulputate velit esse molestie consequat, vel illum dolore eu feugiat nulla facilisis at vero eros et accumsan et iusto odio dignissim qui blandit praesent luptatum zzril delenit augue duis dolore te feugait nulla facilisi. Lorem ipsum dolor sit amet,</p>\\r\\n\", \"subtitle\": \"Untertitel\", \"title\": \"Text mit 2 Spalten\", \"abstract\": null, \"display\": null, \"columns\": 2}, \"model\": \"flex.flextext\", \"pk\": 1}]','Text mit 2 Spalten',45,55,'default'),(589,'11','json','[{\"fields\": {\"changed_date\": \"2016-05-30T15:55:26Z\", \"language\": \"de\", \"parent\": null, \"numchild\": 0, \"creation_date\": \"2016-05-30T15:40:25Z\", \"depth\": 1, \"position\": 4, \"path\": \"0006\", \"placeholder\": 3, \"plugin_type\": \"FlexVideoPlugin\"}, \"model\": \"cms.cmsplugin\", \"pk\": 11}]','11',15,55,'default'),(590,'9','json','[{\"fields\": {\"changed_date\": \"2016-05-30T15:55:22Z\", \"language\": \"de\", \"parent\": 6, \"numchild\": 0, \"creation_date\": \"2016-05-30T15:35:09Z\", \"depth\": 2, \"position\": 1, \"path\": \"00040004\", \"placeholder\": 3, \"plugin_type\": \"FlexImagePlugin\"}, \"model\": \"cms.cmsplugin\", \"pk\": 9}]','9',15,55,'default'),(591,'7','json','[{\"fields\": {\"changed_date\": \"2016-05-30T15:55:22Z\", \"language\": \"de\", \"parent\": 6, \"numchild\": 0, \"creation_date\": \"2016-05-30T15:35:09Z\", \"depth\": 2, \"position\": 0, \"path\": \"00040001\", \"placeholder\": 3, \"plugin_type\": \"FlexImagePlugin\"}, \"model\": \"cms.cmsplugin\", \"pk\": 7}]','7',15,55,'default'),(592,'4','json','[{\"fields\": {\"subtitle\": \"\", \"title\": \"\", \"caption\": \"\", \"link\": \"\", \"images\": \"[{u\'id\': u\'1\'}, {u\'id\': u\'2\'}]\", \"ratio\": null, \"display\": null}, \"model\": \"flex.fleximage\", \"pk\": 4}]','4',46,55,'default'),(593,'10','json','[{\"fields\": {\"changed_date\": \"2016-05-30T15:55:26Z\", \"language\": \"de\", \"parent\": null, \"numchild\": 0, \"creation_date\": \"2016-05-30T15:39:12Z\", \"depth\": 1, \"position\": 2, \"path\": \"000C\", \"placeholder\": 3, \"plugin_type\": \"FlexCodePlugin\"}, \"model\": \"cms.cmsplugin\", \"pk\": 10}]','10',15,55,'default'),(689,'1','json','[{\"fields\": {\"navigation_extenders\": null, \"site\": 1, \"application_namespace\": null, \"path\": \"0001\", \"in_navigation\": false, \"reverse_id\": null, \"login_required\": false, \"created_by\": \"script\", \"languages\": \"de\", \"publication_end_date\": null, \"template\": \"default.html\", \"placeholders\": [3], \"changed_date\": \"2016-05-30T16:00:24.487Z\", \"limit_visibility_in_menu\": null, \"parent\": null, \"numchild\": 0, \"soft_root\": false, \"is_home\": true, \"publication_date\": \"2016-05-30T14:42:50Z\", \"creation_date\": \"2016-05-17T16:12:09Z\", \"application_urls\": null, \"changed_by\": \"maisengasse\", \"xframe_options\": 0, \"depth\": 1, \"revision_id\": 0}, \"model\": \"cms.page\", \"pk\": 1}]','Startseite',2,61,'default'),(690,'3','json','[{\"fields\": {\"slot\": \"main\", \"default_width\": null}, \"model\": \"cms.placeholder\", \"pk\": 3}]','main',1,61,'default'),(691,'4','json','[{\"fields\": {\"changed_date\": \"2016-05-30T15:55:26Z\", \"language\": \"de\", \"parent\": null, \"numchild\": 0, \"creation_date\": \"2016-05-30T15:09:24Z\", \"depth\": 1, \"position\": 0, \"path\": \"0003\", \"placeholder\": 3, \"plugin_type\": \"FlexImagePlugin\"}, \"model\": \"cms.cmsplugin\", \"pk\": 4}]','4',15,61,'default'),(692,'6','json','[{\"fields\": {\"changed_date\": \"2016-05-30T15:58:16Z\", \"language\": \"de\", \"parent\": null, \"numchild\": 3, \"creation_date\": \"2016-05-30T15:33:13Z\", \"depth\": 1, \"position\": 3, \"path\": \"0004\", \"placeholder\": 3, \"plugin_type\": \"FlexSectionPlugin\"}, \"model\": \"cms.cmsplugin\", \"pk\": 6}]','6',15,61,'default'),(693,'6','json','[{\"fields\": {\"division\": null, \"subtitle\": \"Untertitel\", \"title\": \"Mehrspalter\"}, \"model\": \"flex.flexsection\", \"pk\": 6}]','Mehrspalter (3 Spalten): 7, 9, 8',50,61,'default'),(694,'1','json','[{\"fields\": {\"changed_date\": \"2016-05-30T15:55:26Z\", \"language\": \"de\", \"parent\": null, \"numchild\": 0, \"creation_date\": \"2016-05-30T15:02:09Z\", \"depth\": 1, \"position\": 1, \"path\": \"0001\", \"placeholder\": 3, \"plugin_type\": \"FlexTextPlugin\"}, \"model\": \"cms.cmsplugin\", \"pk\": 1}]','1',15,61,'default'),(695,'8','json','[{\"fields\": {\"subtitle\": null, \"title\": null, \"caption\": null, \"link\": null, \"images\": \"[{\'id\': 1}]\", \"ratio\": null, \"display\": null}, \"model\": \"flex.fleximage\", \"pk\": 8}]','8',46,61,'default'),(696,'9','json','[{\"fields\": {\"subtitle\": null, \"title\": null, \"caption\": null, \"link\": null, \"images\": \"[{\'id\': 1}]\", \"ratio\": null, \"display\": null}, \"model\": \"flex.fleximage\", \"pk\": 9}]','9',46,61,'default'),(697,'10','json','[{\"fields\": {\"code\": \"<pre>Quellcode</pre>\", \"subtitle\": \"Untertitel\", \"title\": \"Quellcode\"}, \"model\": \"flex.flexcode\", \"pk\": 10}]','Quellcode',48,61,'default'),(698,'7','json','[{\"fields\": {\"subtitle\": null, \"title\": null, \"caption\": null, \"link\": null, \"images\": \"[{\'id\': 1}]\", \"ratio\": null, \"display\": null}, \"model\": \"flex.fleximage\", \"pk\": 7}]','7',46,61,'default'),(699,'11','json','[{\"fields\": {\"fullscreen\": true, \"subtitle\": \"Untertitel\", \"title\": \"HTML5 Video\", \"mp4_url\": \"http://techslides.com/demos/sample-videos/small.mp4\", \"image\": \"[{u\'id\': u\'1\'}]\", \"auto_play\": false, \"mp4_file\": null, \"webm_file\": null, \"width\": 800, \"auto_hide\": false, \"ogv_file\": null, \"webm_url\": \"\", \"height\": 600, \"ogv_url\": \"\", \"loop\": false}, \"model\": \"flex.flexvideo\", \"pk\": 11}]','HTML5 Video',49,61,'default'),(700,'8','json','[{\"fields\": {\"changed_date\": \"2016-05-30T15:55:22Z\", \"language\": \"de\", \"parent\": 6, \"numchild\": 0, \"creation_date\": \"2016-05-30T15:35:09Z\", \"depth\": 2, \"position\": 3, \"path\": \"00040002\", \"placeholder\": 3, \"plugin_type\": \"FlexImagePlugin\"}, \"model\": \"cms.cmsplugin\", \"pk\": 8}]','8',15,61,'default'),(701,'1','json','[{\"fields\": {\"menu_title\": null, \"meta_description\": null, \"page_title\": null, \"language\": \"de\", \"title\": \"Startseite\", \"has_url_overwrite\": false, \"redirect\": null, \"page\": 1, \"published\": true, \"path\": \"\", \"creation_date\": \"2016-05-17T16:12:09Z\", \"slug\": \"startseite\"}, \"model\": \"cms.title\", \"pk\": 1}]','Startseite (startseite, de)',16,61,'default'),(702,'1','json','[{\"fields\": {\"body\": \"<p>Lorem ipsum dolor sit amet, consetetur sadipscing elitr, sed diam nonumy eirmod tempor invidunt ut labore et dolore magna aliquyam erat, sed diam voluptua. At vero eos et accusam et justo duo dolores et ea rebum. Stet clita kasd gubergren, no sea takimata sanctus est Lorem ipsum dolor sit amet. Lorem ipsum dolor sit amet, consetetur sadipscing elitr, sed diam nonumy eirmod tempor invidunt ut labore et dolore magna aliquyam erat, sed diam voluptua. At vero eos et accusam et justo duo dolores et ea rebum. Stet clita kasd gubergren, no sea takimata sanctus est Lorem ipsum dolor sit amet. Lorem ipsum dolor sit amet, consetetur sadipscing elitr, sed diam nonumy eirmod tempor invidunt ut labore et dolore magna aliquyam erat, sed diam voluptua. At vero eos et accusam et justo duo dolores et ea rebum. Stet clita kasd gubergren, no sea takimata sanctus est Lorem ipsum dolor sit amet. &nbsp;&nbsp;</p>\\r\\n\\r\\n<p>Duis autem vel eum iriure dolor in hendrerit in vulputate velit esse molestie consequat, vel illum dolore eu feugiat nulla facilisis at vero eros et accumsan et iusto odio dignissim qui blandit praesent luptatum zzril delenit augue duis dolore te feugait nulla facilisi. Lorem ipsum dolor sit amet,</p>\\r\\n\", \"subtitle\": \"Untertitel\", \"title\": \"Text mit 2 Spalten\", \"abstract\": null, \"display\": null, \"columns\": 2}, \"model\": \"flex.flextext\", \"pk\": 1}]','Text mit 2 Spalten',45,61,'default'),(703,'11','json','[{\"fields\": {\"changed_date\": \"2016-05-30T15:55:26Z\", \"language\": \"de\", \"parent\": null, \"numchild\": 0, \"creation_date\": \"2016-05-30T15:40:25Z\", \"depth\": 1, \"position\": 4, \"path\": \"0006\", \"placeholder\": 3, \"plugin_type\": \"FlexVideoPlugin\"}, \"model\": \"cms.cmsplugin\", \"pk\": 11}]','11',15,61,'default'),(704,'9','json','[{\"fields\": {\"changed_date\": \"2016-05-30T15:55:22Z\", \"language\": \"de\", \"parent\": 6, \"numchild\": 0, \"creation_date\": \"2016-05-30T15:35:09Z\", \"depth\": 2, \"position\": 1, \"path\": \"00040004\", \"placeholder\": 3, \"plugin_type\": \"FlexImagePlugin\"}, \"model\": \"cms.cmsplugin\", \"pk\": 9}]','9',15,61,'default'),(705,'7','json','[{\"fields\": {\"changed_date\": \"2016-05-30T15:55:22Z\", \"language\": \"de\", \"parent\": 6, \"numchild\": 0, \"creation_date\": \"2016-05-30T15:35:09Z\", \"depth\": 2, \"position\": 0, \"path\": \"00040001\", \"placeholder\": 3, \"plugin_type\": \"FlexImagePlugin\"}, \"model\": \"cms.cmsplugin\", \"pk\": 7}]','7',15,61,'default'),(706,'4','json','[{\"fields\": {\"subtitle\": \"\", \"title\": \"\", \"caption\": \"\", \"link\": \"\", \"images\": \"[{u\'id\': u\'1\'}, {u\'id\': u\'2\'}]\", \"ratio\": null, \"display\": null}, \"model\": \"flex.fleximage\", \"pk\": 4}]','4',46,61,'default'),(707,'10','json','[{\"fields\": {\"changed_date\": \"2016-05-30T15:55:26Z\", \"language\": \"de\", \"parent\": null, \"numchild\": 0, \"creation_date\": \"2016-05-30T15:39:12Z\", \"depth\": 1, \"position\": 2, \"path\": \"000C\", \"placeholder\": 3, \"plugin_type\": \"FlexCodePlugin\"}, \"model\": \"cms.cmsplugin\", \"pk\": 10}]','10',15,61,'default'),(708,'1','json','[{\"fields\": {\"navigation_extenders\": null, \"site\": 1, \"application_namespace\": null, \"path\": \"0001\", \"in_navigation\": false, \"reverse_id\": null, \"login_required\": false, \"created_by\": \"script\", \"languages\": \"de\", \"publication_end_date\": null, \"template\": \"default.html\", \"placeholders\": [3], \"changed_date\": \"2016-05-30T16:00:24Z\", \"limit_visibility_in_menu\": null, \"parent\": null, \"numchild\": 0, \"soft_root\": false, \"is_home\": true, \"publication_date\": \"2016-05-30T14:42:50Z\", \"creation_date\": \"2016-05-17T16:12:09Z\", \"application_urls\": null, \"changed_by\": \"maisengasse\", \"xframe_options\": 0, \"depth\": 1, \"revision_id\": 0}, \"model\": \"cms.page\", \"pk\": 1}]','Startseite',2,62,'default'),(709,'3','json','[{\"fields\": {\"slot\": \"main\", \"default_width\": null}, \"model\": \"cms.placeholder\", \"pk\": 3}]','main',1,62,'default'),(710,'4','json','[{\"fields\": {\"changed_date\": \"2016-05-30T15:55:26Z\", \"language\": \"de\", \"parent\": null, \"numchild\": 0, \"creation_date\": \"2016-05-30T15:09:24Z\", \"depth\": 1, \"position\": 0, \"path\": \"0003\", \"placeholder\": 3, \"plugin_type\": \"FlexImagePlugin\"}, \"model\": \"cms.cmsplugin\", \"pk\": 4}]','4',15,62,'default'),(711,'6','json','[{\"fields\": {\"changed_date\": \"2016-05-30T15:58:16Z\", \"language\": \"de\", \"parent\": null, \"numchild\": 3, \"creation_date\": \"2016-05-30T15:33:13Z\", \"depth\": 1, \"position\": 3, \"path\": \"0004\", \"placeholder\": 3, \"plugin_type\": \"FlexSectionPlugin\"}, \"model\": \"cms.cmsplugin\", \"pk\": 6}]','6',15,62,'default'),(712,'6','json','[{\"fields\": {\"division\": null, \"subtitle\": \"Untertitel\", \"title\": \"Mehrspalter\"}, \"model\": \"flex.flexsection\", \"pk\": 6}]','Mehrspalter (3 Spalten): 7, 9, 8',50,62,'default'),(713,'1','json','[{\"fields\": {\"changed_date\": \"2016-05-30T15:55:26Z\", \"language\": \"de\", \"parent\": null, \"numchild\": 0, \"creation_date\": \"2016-05-30T15:02:09Z\", \"depth\": 1, \"position\": 1, \"path\": \"0001\", \"placeholder\": 3, \"plugin_type\": \"FlexTextPlugin\"}, \"model\": \"cms.cmsplugin\", \"pk\": 1}]','1',15,62,'default'),(714,'8','json','[{\"fields\": {\"subtitle\": null, \"title\": null, \"caption\": null, \"link\": null, \"images\": \"[{\'id\': 1}]\", \"ratio\": null, \"display\": null}, \"model\": \"flex.fleximage\", \"pk\": 8}]','8',46,62,'default'),(715,'9','json','[{\"fields\": {\"subtitle\": null, \"title\": null, \"caption\": null, \"link\": null, \"images\": \"[{\'id\': 1}]\", \"ratio\": null, \"display\": null}, \"model\": \"flex.fleximage\", \"pk\": 9}]','9',46,62,'default'),(716,'10','json','[{\"fields\": {\"code\": \"<pre>Quellcode</pre>\", \"subtitle\": \"Untertitel\", \"title\": \"Quellcode\"}, \"model\": \"flex.flexcode\", \"pk\": 10}]','Quellcode',48,62,'default'),(717,'7','json','[{\"fields\": {\"subtitle\": null, \"title\": null, \"caption\": null, \"link\": null, \"images\": \"[{\'id\': 1}]\", \"ratio\": null, \"display\": null}, \"model\": \"flex.fleximage\", \"pk\": 7}]','7',46,62,'default'),(718,'11','json','[{\"fields\": {\"fullscreen\": true, \"subtitle\": \"Untertitel\", \"title\": \"HTML5 Video\", \"mp4_url\": \"http://techslides.com/demos/sample-videos/small.mp4\", \"image\": \"[{u\'id\': u\'1\'}]\", \"auto_play\": false, \"mp4_file\": null, \"webm_file\": null, \"width\": 800, \"auto_hide\": false, \"ogv_file\": null, \"webm_url\": \"\", \"height\": 600, \"ogv_url\": \"\", \"loop\": false}, \"model\": \"flex.flexvideo\", \"pk\": 11}]','HTML5 Video',49,62,'default'),(719,'8','json','[{\"fields\": {\"changed_date\": \"2016-05-30T15:55:22Z\", \"language\": \"de\", \"parent\": 6, \"numchild\": 0, \"creation_date\": \"2016-05-30T15:35:09Z\", \"depth\": 2, \"position\": 3, \"path\": \"00040002\", \"placeholder\": 3, \"plugin_type\": \"FlexImagePlugin\"}, \"model\": \"cms.cmsplugin\", \"pk\": 8}]','8',15,62,'default'),(720,'1','json','[{\"fields\": {\"menu_title\": null, \"meta_description\": null, \"page_title\": null, \"language\": \"de\", \"title\": \"Startseite\", \"has_url_overwrite\": false, \"redirect\": null, \"page\": 1, \"published\": true, \"path\": \"\", \"creation_date\": \"2016-05-17T16:12:09Z\", \"slug\": \"startseite\"}, \"model\": \"cms.title\", \"pk\": 1}]','Startseite (startseite, de)',16,62,'default'),(721,'1','json','[{\"fields\": {\"body\": \"<p>Lorem ipsum dolor sit amet, consetetur sadipscing elitr, sed diam nonumy eirmod tempor invidunt ut labore et dolore magna aliquyam erat, sed diam voluptua. At vero eos et accusam et justo duo dolores et ea rebum. Stet clita kasd gubergren, no sea takimata sanctus est Lorem ipsum dolor sit amet. Lorem ipsum dolor sit amet, consetetur sadipscing elitr, sed diam nonumy eirmod tempor invidunt ut labore et dolore magna aliquyam erat, sed diam voluptua. At vero eos et accusam et justo duo dolores et ea rebum. Stet clita kasd gubergren, no sea takimata sanctus est Lorem ipsum dolor sit amet. Lorem ipsum dolor sit amet, consetetur sadipscing elitr, sed diam nonumy eirmod tempor invidunt ut labore et dolore magna aliquyam erat, sed diam voluptua. At vero eos et accusam et justo duo dolores et ea rebum. Stet clita kasd gubergren, no sea takimata sanctus est Lorem ipsum dolor sit amet. &nbsp;&nbsp;</p>\\r\\n\\r\\n<p>Duis autem vel eum iriure dolor in hendrerit in vulputate velit esse molestie consequat, vel illum dolore eu feugiat nulla facilisis at vero eros et accumsan et iusto odio dignissim qui blandit praesent luptatum zzril delenit augue duis dolore te feugait nulla facilisi. Lorem ipsum dolor sit amet,</p>\\r\\n\", \"subtitle\": \"Untertitel\", \"title\": \"Text mit 2 Spalten\", \"abstract\": null, \"display\": null, \"columns\": 2}, \"model\": \"flex.flextext\", \"pk\": 1}]','Text mit 2 Spalten',45,62,'default'),(722,'11','json','[{\"fields\": {\"changed_date\": \"2016-05-30T15:55:26Z\", \"language\": \"de\", \"parent\": null, \"numchild\": 0, \"creation_date\": \"2016-05-30T15:40:25Z\", \"depth\": 1, \"position\": 4, \"path\": \"0006\", \"placeholder\": 3, \"plugin_type\": \"FlexVideoPlugin\"}, \"model\": \"cms.cmsplugin\", \"pk\": 11}]','11',15,62,'default'),(723,'9','json','[{\"fields\": {\"changed_date\": \"2016-05-30T15:55:22Z\", \"language\": \"de\", \"parent\": 6, \"numchild\": 0, \"creation_date\": \"2016-05-30T15:35:09Z\", \"depth\": 2, \"position\": 1, \"path\": \"00040004\", \"placeholder\": 3, \"plugin_type\": \"FlexImagePlugin\"}, \"model\": \"cms.cmsplugin\", \"pk\": 9}]','9',15,62,'default'),(724,'7','json','[{\"fields\": {\"changed_date\": \"2016-05-30T15:55:22Z\", \"language\": \"de\", \"parent\": 6, \"numchild\": 0, \"creation_date\": \"2016-05-30T15:35:09Z\", \"depth\": 2, \"position\": 0, \"path\": \"00040001\", \"placeholder\": 3, \"plugin_type\": \"FlexImagePlugin\"}, \"model\": \"cms.cmsplugin\", \"pk\": 7}]','7',15,62,'default'),(725,'4','json','[{\"fields\": {\"subtitle\": \"\", \"title\": \"\", \"caption\": \"\", \"link\": \"\", \"images\": \"[{u\'id\': u\'1\'}, {u\'id\': u\'2\'}]\", \"ratio\": null, \"display\": null}, \"model\": \"flex.fleximage\", \"pk\": 4}]','4',46,62,'default'),(726,'10','json','[{\"fields\": {\"changed_date\": \"2016-05-30T15:55:26Z\", \"language\": \"de\", \"parent\": null, \"numchild\": 0, \"creation_date\": \"2016-05-30T15:39:12Z\", \"depth\": 1, \"position\": 2, \"path\": \"000C\", \"placeholder\": 3, \"plugin_type\": \"FlexCodePlugin\"}, \"model\": \"cms.cmsplugin\", \"pk\": 10}]','10',15,62,'default'),(727,'37','json','[{\"fields\": {\"changed_date\": \"2016-05-30T16:00:45Z\", \"language\": \"de\", \"parent\": null, \"numchild\": 0, \"creation_date\": \"2016-05-30T16:00:45Z\", \"depth\": 1, \"position\": 8, \"path\": \"000I\", \"placeholder\": 3, \"plugin_type\": \"FlexSectionPlugin\"}, \"model\": \"cms.cmsplugin\", \"pk\": 37}]','37',15,62,'default'),(728,'1','json','[{\"fields\": {\"navigation_extenders\": null, \"site\": 1, \"application_namespace\": null, \"path\": \"0001\", \"in_navigation\": false, \"reverse_id\": null, \"login_required\": false, \"created_by\": \"script\", \"languages\": \"de\", \"publication_end_date\": null, \"template\": \"default.html\", \"placeholders\": [3], \"changed_date\": \"2016-05-30T16:00:45Z\", \"limit_visibility_in_menu\": null, \"parent\": null, \"numchild\": 0, \"soft_root\": false, \"is_home\": true, \"publication_date\": \"2016-05-30T14:42:50Z\", \"creation_date\": \"2016-05-17T16:12:09Z\", \"application_urls\": null, \"changed_by\": \"maisengasse\", \"xframe_options\": 0, \"depth\": 1, \"revision_id\": 0}, \"model\": \"cms.page\", \"pk\": 1}]','Startseite',2,63,'default'),(729,'3','json','[{\"fields\": {\"slot\": \"main\", \"default_width\": null}, \"model\": \"cms.placeholder\", \"pk\": 3}]','main',1,63,'default'),(730,'4','json','[{\"fields\": {\"changed_date\": \"2016-05-30T15:55:26Z\", \"language\": \"de\", \"parent\": null, \"numchild\": 0, \"creation_date\": \"2016-05-30T15:09:24Z\", \"depth\": 1, \"position\": 0, \"path\": \"0003\", \"placeholder\": 3, \"plugin_type\": \"FlexImagePlugin\"}, \"model\": \"cms.cmsplugin\", \"pk\": 4}]','4',15,63,'default'),(731,'6','json','[{\"fields\": {\"division\": null, \"subtitle\": \"Untertitel\", \"title\": \"Mehrspalter\"}, \"model\": \"flex.flexsection\", \"pk\": 6}]','Mehrspalter (3 Spalten): 7, 9, 8',50,63,'default'),(732,'1','json','[{\"fields\": {\"changed_date\": \"2016-05-30T15:55:26Z\", \"language\": \"de\", \"parent\": null, \"numchild\": 0, \"creation_date\": \"2016-05-30T15:02:09Z\", \"depth\": 1, \"position\": 1, \"path\": \"0001\", \"placeholder\": 3, \"plugin_type\": \"FlexTextPlugin\"}, \"model\": \"cms.cmsplugin\", \"pk\": 1}]','1',15,63,'default'),(733,'8','json','[{\"fields\": {\"subtitle\": null, \"title\": null, \"caption\": null, \"link\": null, \"images\": \"[{\'id\': 1}]\", \"ratio\": null, \"display\": null}, \"model\": \"flex.fleximage\", \"pk\": 8}]','8',46,63,'default'),(734,'9','json','[{\"fields\": {\"subtitle\": null, \"title\": null, \"caption\": null, \"link\": null, \"images\": \"[{\'id\': 1}]\", \"ratio\": null, \"display\": null}, \"model\": \"flex.fleximage\", \"pk\": 9}]','9',46,63,'default'),(735,'10','json','[{\"fields\": {\"code\": \"<pre>Quellcode</pre>\", \"subtitle\": \"Untertitel\", \"title\": \"Quellcode\"}, \"model\": \"flex.flexcode\", \"pk\": 10}]','Quellcode',48,63,'default'),(736,'11','json','[{\"fields\": {\"fullscreen\": true, \"subtitle\": \"Untertitel\", \"title\": \"HTML5 Video\", \"mp4_url\": \"http://techslides.com/demos/sample-videos/small.mp4\", \"image\": \"[{u\'id\': u\'1\'}]\", \"auto_play\": false, \"mp4_file\": null, \"webm_file\": null, \"width\": 800, \"auto_hide\": false, \"ogv_file\": null, \"webm_url\": \"\", \"height\": 600, \"ogv_url\": \"\", \"loop\": false}, \"model\": \"flex.flexvideo\", \"pk\": 11}]','HTML5 Video',49,63,'default'),(737,'4','json','[{\"fields\": {\"subtitle\": \"\", \"title\": \"\", \"caption\": \"\", \"link\": \"\", \"images\": \"[{u\'id\': u\'1\'}, {u\'id\': u\'2\'}]\", \"ratio\": null, \"display\": null}, \"model\": \"flex.fleximage\", \"pk\": 4}]','4',46,63,'default'),(738,'1','json','[{\"fields\": {\"body\": \"<p>Lorem ipsum dolor sit amet, consetetur sadipscing elitr, sed diam nonumy eirmod tempor invidunt ut labore et dolore magna aliquyam erat, sed diam voluptua. At vero eos et accusam et justo duo dolores et ea rebum. Stet clita kasd gubergren, no sea takimata sanctus est Lorem ipsum dolor sit amet. Lorem ipsum dolor sit amet, consetetur sadipscing elitr, sed diam nonumy eirmod tempor invidunt ut labore et dolore magna aliquyam erat, sed diam voluptua. At vero eos et accusam et justo duo dolores et ea rebum. Stet clita kasd gubergren, no sea takimata sanctus est Lorem ipsum dolor sit amet. Lorem ipsum dolor sit amet, consetetur sadipscing elitr, sed diam nonumy eirmod tempor invidunt ut labore et dolore magna aliquyam erat, sed diam voluptua. At vero eos et accusam et justo duo dolores et ea rebum. Stet clita kasd gubergren, no sea takimata sanctus est Lorem ipsum dolor sit amet. &nbsp;&nbsp;</p>\\r\\n\\r\\n<p>Duis autem vel eum iriure dolor in hendrerit in vulputate velit esse molestie consequat, vel illum dolore eu feugiat nulla facilisis at vero eros et accumsan et iusto odio dignissim qui blandit praesent luptatum zzril delenit augue duis dolore te feugait nulla facilisi. Lorem ipsum dolor sit amet,</p>\\r\\n\", \"subtitle\": \"Untertitel\", \"title\": \"Text mit 2 Spalten\", \"abstract\": null, \"display\": null, \"columns\": 2}, \"model\": \"flex.flextext\", \"pk\": 1}]','Text mit 2 Spalten',45,63,'default'),(739,'6','json','[{\"fields\": {\"changed_date\": \"2016-05-30T15:58:16Z\", \"language\": \"de\", \"parent\": null, \"numchild\": 3, \"creation_date\": \"2016-05-30T15:33:13Z\", \"depth\": 1, \"position\": 3, \"path\": \"0004\", \"placeholder\": 3, \"plugin_type\": \"FlexSectionPlugin\"}, \"model\": \"cms.cmsplugin\", \"pk\": 6}]','6',15,63,'default'),(740,'38','json','[{\"fields\": {\"changed_date\": \"2016-05-30T16:01:28Z\", \"language\": \"de\", \"parent\": 37, \"numchild\": 0, \"creation_date\": \"2016-05-30T16:01:28Z\", \"depth\": 2, \"position\": 0, \"path\": \"000I0001\", \"placeholder\": 3, \"plugin_type\": \"FlexImagePlugin\"}, \"model\": \"cms.cmsplugin\", \"pk\": 38}]','38',15,63,'default'),(741,'39','json','[{\"fields\": {\"body\": \"<p>Inhaltstext, Inhaltstext, Inhaltstext</p>\", \"subtitle\": null, \"title\": null, \"abstract\": null, \"display\": null, \"columns\": 1}, \"model\": \"flex.flextext\", \"pk\": 39}]','Inhaltstext, Inhaltstext, Inhaltstext',45,63,'default'),(742,'7','json','[{\"fields\": {\"changed_date\": \"2016-05-30T15:55:22Z\", \"language\": \"de\", \"parent\": 6, \"numchild\": 0, \"creation_date\": \"2016-05-30T15:35:09Z\", \"depth\": 2, \"position\": 0, \"path\": \"00040001\", \"placeholder\": 3, \"plugin_type\": \"FlexImagePlugin\"}, \"model\": \"cms.cmsplugin\", \"pk\": 7}]','7',15,63,'default'),(743,'8','json','[{\"fields\": {\"changed_date\": \"2016-05-30T15:55:22Z\", \"language\": \"de\", \"parent\": 6, \"numchild\": 0, \"creation_date\": \"2016-05-30T15:35:09Z\", \"depth\": 2, \"position\": 3, \"path\": \"00040002\", \"placeholder\": 3, \"plugin_type\": \"FlexImagePlugin\"}, \"model\": \"cms.cmsplugin\", \"pk\": 8}]','8',15,63,'default'),(744,'1','json','[{\"fields\": {\"menu_title\": null, \"meta_description\": null, \"page_title\": null, \"language\": \"de\", \"title\": \"Startseite\", \"has_url_overwrite\": false, \"redirect\": null, \"page\": 1, \"published\": true, \"path\": \"\", \"creation_date\": \"2016-05-17T16:12:09Z\", \"slug\": \"startseite\"}, \"model\": \"cms.title\", \"pk\": 1}]','Startseite (startseite, de)',16,63,'default'),(745,'9','json','[{\"fields\": {\"changed_date\": \"2016-05-30T15:55:22Z\", \"language\": \"de\", \"parent\": 6, \"numchild\": 0, \"creation_date\": \"2016-05-30T15:35:09Z\", \"depth\": 2, \"position\": 1, \"path\": \"00040004\", \"placeholder\": 3, \"plugin_type\": \"FlexImagePlugin\"}, \"model\": \"cms.cmsplugin\", \"pk\": 9}]','9',15,63,'default'),(746,'10','json','[{\"fields\": {\"changed_date\": \"2016-05-30T15:55:26Z\", \"language\": \"de\", \"parent\": null, \"numchild\": 0, \"creation_date\": \"2016-05-30T15:39:12Z\", \"depth\": 1, \"position\": 2, \"path\": \"000C\", \"placeholder\": 3, \"plugin_type\": \"FlexCodePlugin\"}, \"model\": \"cms.cmsplugin\", \"pk\": 10}]','10',15,63,'default'),(747,'11','json','[{\"fields\": {\"changed_date\": \"2016-05-30T15:55:26Z\", \"language\": \"de\", \"parent\": null, \"numchild\": 0, \"creation_date\": \"2016-05-30T15:40:25Z\", \"depth\": 1, \"position\": 4, \"path\": \"0006\", \"placeholder\": 3, \"plugin_type\": \"FlexVideoPlugin\"}, \"model\": \"cms.cmsplugin\", \"pk\": 11}]','11',15,63,'default'),(748,'7','json','[{\"fields\": {\"subtitle\": null, \"title\": null, \"caption\": null, \"link\": null, \"images\": \"[{\'id\': 1}]\", \"ratio\": null, \"display\": null}, \"model\": \"flex.fleximage\", \"pk\": 7}]','7',46,63,'default'),(749,'37','json','[{\"fields\": {\"division\": \"broad-left\", \"subtitle\": \"\", \"title\": \"Mehrspalter 2/3 zu 1/3\"}, \"model\": \"flex.flexsection\", \"pk\": 37}]','Mehrspalter 2/3 zu 1/3 (2 Spalten): 38, Inhaltstext, Inhaltstext, Inhaltstext',50,63,'default'),(750,'37','json','[{\"fields\": {\"changed_date\": \"2016-05-30T16:01:28Z\", \"language\": \"de\", \"parent\": null, \"numchild\": 2, \"creation_date\": \"2016-05-30T16:00:45Z\", \"depth\": 1, \"position\": 8, \"path\": \"000I\", \"placeholder\": 3, \"plugin_type\": \"FlexSectionPlugin\"}, \"model\": \"cms.cmsplugin\", \"pk\": 37}]','37',15,63,'default'),(751,'38','json','[{\"fields\": {\"subtitle\": null, \"title\": null, \"caption\": null, \"link\": null, \"images\": \"[{\'id\': 1}]\", \"ratio\": null, \"display\": null}, \"model\": \"flex.fleximage\", \"pk\": 38}]','38',46,63,'default'),(752,'39','json','[{\"fields\": {\"changed_date\": \"2016-05-30T16:01:28Z\", \"language\": \"de\", \"parent\": 37, \"numchild\": 0, \"creation_date\": \"2016-05-30T16:01:28Z\", \"depth\": 2, \"position\": 1, \"path\": \"000I0002\", \"placeholder\": 3, \"plugin_type\": \"FlexTextPlugin\"}, \"model\": \"cms.cmsplugin\", \"pk\": 39}]','39',15,63,'default'),(753,'1','json','[{\"fields\": {\"navigation_extenders\": null, \"site\": 1, \"application_namespace\": null, \"path\": \"0001\", \"in_navigation\": false, \"reverse_id\": null, \"login_required\": false, \"created_by\": \"script\", \"languages\": \"de\", \"publication_end_date\": null, \"template\": \"default.html\", \"placeholders\": [3], \"changed_date\": \"2016-05-30T16:01:28Z\", \"limit_visibility_in_menu\": null, \"parent\": null, \"numchild\": 0, \"soft_root\": false, \"is_home\": true, \"publication_date\": \"2016-05-30T14:42:50Z\", \"creation_date\": \"2016-05-17T16:12:09Z\", \"application_urls\": null, \"changed_by\": \"maisengasse\", \"xframe_options\": 0, \"depth\": 1, \"revision_id\": 0}, \"model\": \"cms.page\", \"pk\": 1}]','Startseite',2,64,'default'),(754,'3','json','[{\"fields\": {\"slot\": \"main\", \"default_width\": null}, \"model\": \"cms.placeholder\", \"pk\": 3}]','main',1,64,'default'),(755,'4','json','[{\"fields\": {\"changed_date\": \"2016-05-30T15:55:26Z\", \"language\": \"de\", \"parent\": null, \"numchild\": 0, \"creation_date\": \"2016-05-30T15:09:24Z\", \"depth\": 1, \"position\": 0, \"path\": \"0003\", \"placeholder\": 3, \"plugin_type\": \"FlexImagePlugin\"}, \"model\": \"cms.cmsplugin\", \"pk\": 4}]','4',15,64,'default'),(756,'6','json','[{\"fields\": {\"division\": null, \"subtitle\": \"Untertitel\", \"title\": \"Mehrspalter\"}, \"model\": \"flex.flexsection\", \"pk\": 6}]','Mehrspalter (3 Spalten): 7, 9, 8',50,64,'default'),(757,'1','json','[{\"fields\": {\"changed_date\": \"2016-05-30T15:55:26Z\", \"language\": \"de\", \"parent\": null, \"numchild\": 0, \"creation_date\": \"2016-05-30T15:02:09Z\", \"depth\": 1, \"position\": 1, \"path\": \"0001\", \"placeholder\": 3, \"plugin_type\": \"FlexTextPlugin\"}, \"model\": \"cms.cmsplugin\", \"pk\": 1}]','1',15,64,'default'),(758,'8','json','[{\"fields\": {\"subtitle\": null, \"title\": null, \"caption\": null, \"link\": null, \"images\": \"[{\'id\': 1}]\", \"ratio\": null, \"display\": null}, \"model\": \"flex.fleximage\", \"pk\": 8}]','8',46,64,'default'),(759,'9','json','[{\"fields\": {\"subtitle\": null, \"title\": null, \"caption\": null, \"link\": null, \"images\": \"[{\'id\': 1}]\", \"ratio\": null, \"display\": null}, \"model\": \"flex.fleximage\", \"pk\": 9}]','9',46,64,'default'),(760,'10','json','[{\"fields\": {\"code\": \"<pre>Quellcode</pre>\", \"subtitle\": \"Untertitel\", \"title\": \"Quellcode\"}, \"model\": \"flex.flexcode\", \"pk\": 10}]','Quellcode',48,64,'default'),(761,'11','json','[{\"fields\": {\"fullscreen\": true, \"subtitle\": \"Untertitel\", \"title\": \"HTML5 Video\", \"mp4_url\": \"http://techslides.com/demos/sample-videos/small.mp4\", \"image\": \"[{u\'id\': u\'1\'}]\", \"auto_play\": false, \"mp4_file\": null, \"webm_file\": null, \"width\": 800, \"auto_hide\": false, \"ogv_file\": null, \"webm_url\": \"\", \"height\": 600, \"ogv_url\": \"\", \"loop\": false}, \"model\": \"flex.flexvideo\", \"pk\": 11}]','HTML5 Video',49,64,'default'),(762,'4','json','[{\"fields\": {\"subtitle\": \"\", \"title\": \"\", \"caption\": \"\", \"link\": \"\", \"images\": \"[{u\'id\': u\'1\'}, {u\'id\': u\'2\'}]\", \"ratio\": null, \"display\": null}, \"model\": \"flex.fleximage\", \"pk\": 4}]','4',46,64,'default'),(763,'1','json','[{\"fields\": {\"body\": \"<p>Lorem ipsum dolor sit amet, consetetur sadipscing elitr, sed diam nonumy eirmod tempor invidunt ut labore et dolore magna aliquyam erat, sed diam voluptua. At vero eos et accusam et justo duo dolores et ea rebum. Stet clita kasd gubergren, no sea takimata sanctus est Lorem ipsum dolor sit amet. Lorem ipsum dolor sit amet, consetetur sadipscing elitr, sed diam nonumy eirmod tempor invidunt ut labore et dolore magna aliquyam erat, sed diam voluptua. At vero eos et accusam et justo duo dolores et ea rebum. Stet clita kasd gubergren, no sea takimata sanctus est Lorem ipsum dolor sit amet. Lorem ipsum dolor sit amet, consetetur sadipscing elitr, sed diam nonumy eirmod tempor invidunt ut labore et dolore magna aliquyam erat, sed diam voluptua. At vero eos et accusam et justo duo dolores et ea rebum. Stet clita kasd gubergren, no sea takimata sanctus est Lorem ipsum dolor sit amet. &nbsp;&nbsp;</p>\\r\\n\\r\\n<p>Duis autem vel eum iriure dolor in hendrerit in vulputate velit esse molestie consequat, vel illum dolore eu feugiat nulla facilisis at vero eros et accumsan et iusto odio dignissim qui blandit praesent luptatum zzril delenit augue duis dolore te feugait nulla facilisi. Lorem ipsum dolor sit amet,</p>\\r\\n\", \"subtitle\": \"Untertitel\", \"title\": \"Text mit 2 Spalten\", \"abstract\": null, \"display\": null, \"columns\": 2}, \"model\": \"flex.flextext\", \"pk\": 1}]','Text mit 2 Spalten',45,64,'default'),(764,'6','json','[{\"fields\": {\"changed_date\": \"2016-05-30T15:58:16Z\", \"language\": \"de\", \"parent\": null, \"numchild\": 3, \"creation_date\": \"2016-05-30T15:33:13Z\", \"depth\": 1, \"position\": 3, \"path\": \"0004\", \"placeholder\": 3, \"plugin_type\": \"FlexSectionPlugin\"}, \"model\": \"cms.cmsplugin\", \"pk\": 6}]','6',15,64,'default'),(765,'38','json','[{\"fields\": {\"changed_date\": \"2016-05-30T16:01:45Z\", \"language\": \"de\", \"parent\": 37, \"numchild\": 0, \"creation_date\": \"2016-05-30T16:01:28Z\", \"depth\": 2, \"position\": 0, \"path\": \"000I0001\", \"placeholder\": 3, \"plugin_type\": \"FlexImagePlugin\"}, \"model\": \"cms.cmsplugin\", \"pk\": 38}]','38',15,64,'default'),(766,'39','json','[{\"fields\": {\"body\": \"<p>Inhaltstext, Inhaltstext, Inhaltstext</p>\", \"subtitle\": null, \"title\": null, \"abstract\": null, \"display\": null, \"columns\": 1}, \"model\": \"flex.flextext\", \"pk\": 39}]','Inhaltstext, Inhaltstext, Inhaltstext',45,64,'default'),(767,'7','json','[{\"fields\": {\"changed_date\": \"2016-05-30T15:55:22Z\", \"language\": \"de\", \"parent\": 6, \"numchild\": 0, \"creation_date\": \"2016-05-30T15:35:09Z\", \"depth\": 2, \"position\": 0, \"path\": \"00040001\", \"placeholder\": 3, \"plugin_type\": \"FlexImagePlugin\"}, \"model\": \"cms.cmsplugin\", \"pk\": 7}]','7',15,64,'default'),(768,'8','json','[{\"fields\": {\"changed_date\": \"2016-05-30T15:55:22Z\", \"language\": \"de\", \"parent\": 6, \"numchild\": 0, \"creation_date\": \"2016-05-30T15:35:09Z\", \"depth\": 2, \"position\": 3, \"path\": \"00040002\", \"placeholder\": 3, \"plugin_type\": \"FlexImagePlugin\"}, \"model\": \"cms.cmsplugin\", \"pk\": 8}]','8',15,64,'default'),(769,'1','json','[{\"fields\": {\"menu_title\": null, \"meta_description\": null, \"page_title\": null, \"language\": \"de\", \"title\": \"Startseite\", \"has_url_overwrite\": false, \"redirect\": null, \"page\": 1, \"published\": true, \"path\": \"\", \"creation_date\": \"2016-05-17T16:12:09Z\", \"slug\": \"startseite\"}, \"model\": \"cms.title\", \"pk\": 1}]','Startseite (startseite, de)',16,64,'default'),(770,'9','json','[{\"fields\": {\"changed_date\": \"2016-05-30T15:55:22Z\", \"language\": \"de\", \"parent\": 6, \"numchild\": 0, \"creation_date\": \"2016-05-30T15:35:09Z\", \"depth\": 2, \"position\": 1, \"path\": \"00040004\", \"placeholder\": 3, \"plugin_type\": \"FlexImagePlugin\"}, \"model\": \"cms.cmsplugin\", \"pk\": 9}]','9',15,64,'default'),(771,'10','json','[{\"fields\": {\"changed_date\": \"2016-05-30T15:55:26Z\", \"language\": \"de\", \"parent\": null, \"numchild\": 0, \"creation_date\": \"2016-05-30T15:39:12Z\", \"depth\": 1, \"position\": 2, \"path\": \"000C\", \"placeholder\": 3, \"plugin_type\": \"FlexCodePlugin\"}, \"model\": \"cms.cmsplugin\", \"pk\": 10}]','10',15,64,'default'),(772,'11','json','[{\"fields\": {\"changed_date\": \"2016-05-30T15:55:26Z\", \"language\": \"de\", \"parent\": null, \"numchild\": 0, \"creation_date\": \"2016-05-30T15:40:25Z\", \"depth\": 1, \"position\": 4, \"path\": \"0006\", \"placeholder\": 3, \"plugin_type\": \"FlexVideoPlugin\"}, \"model\": \"cms.cmsplugin\", \"pk\": 11}]','11',15,64,'default'),(773,'7','json','[{\"fields\": {\"subtitle\": null, \"title\": null, \"caption\": null, \"link\": null, \"images\": \"[{\'id\': 1}]\", \"ratio\": null, \"display\": null}, \"model\": \"flex.fleximage\", \"pk\": 7}]','7',46,64,'default'),(774,'37','json','[{\"fields\": {\"division\": \"broad-left\", \"subtitle\": \"\", \"title\": \"Mehrspalter 2/3 zu 1/3\"}, \"model\": \"flex.flexsection\", \"pk\": 37}]','Mehrspalter 2/3 zu 1/3 (2 Spalten): 38, Inhaltstext, Inhaltstext, Inhaltstext',50,64,'default'),(775,'37','json','[{\"fields\": {\"changed_date\": \"2016-05-30T16:01:28Z\", \"language\": \"de\", \"parent\": null, \"numchild\": 2, \"creation_date\": \"2016-05-30T16:00:45Z\", \"depth\": 1, \"position\": 8, \"path\": \"000I\", \"placeholder\": 3, \"plugin_type\": \"FlexSectionPlugin\"}, \"model\": \"cms.cmsplugin\", \"pk\": 37}]','37',15,64,'default'),(776,'38','json','[{\"fields\": {\"subtitle\": \"\", \"title\": \"\", \"caption\": \"\", \"link\": \"\", \"images\": \"[{u\'id\': u\'1\'}, {u\'id\': u\'2\'}]\", \"ratio\": null, \"display\": null}, \"model\": \"flex.fleximage\", \"pk\": 38}]','38',46,64,'default'),(777,'39','json','[{\"fields\": {\"changed_date\": \"2016-05-30T16:01:28Z\", \"language\": \"de\", \"parent\": 37, \"numchild\": 0, \"creation_date\": \"2016-05-30T16:01:28Z\", \"depth\": 2, \"position\": 1, \"path\": \"000I0002\", \"placeholder\": 3, \"plugin_type\": \"FlexTextPlugin\"}, \"model\": \"cms.cmsplugin\", \"pk\": 39}]','39',15,64,'default'),(778,'1','json','[{\"fields\": {\"navigation_extenders\": null, \"site\": 1, \"application_namespace\": null, \"path\": \"0001\", \"in_navigation\": false, \"reverse_id\": null, \"login_required\": false, \"created_by\": \"script\", \"languages\": \"de\", \"publication_end_date\": null, \"template\": \"default.html\", \"placeholders\": [3], \"changed_date\": \"2016-05-30T16:01:45Z\", \"limit_visibility_in_menu\": null, \"parent\": null, \"numchild\": 0, \"soft_root\": false, \"is_home\": true, \"publication_date\": \"2016-05-30T14:42:50Z\", \"creation_date\": \"2016-05-17T16:12:09Z\", \"application_urls\": null, \"changed_by\": \"maisengasse\", \"xframe_options\": 0, \"depth\": 1, \"revision_id\": 0}, \"model\": \"cms.page\", \"pk\": 1}]','Startseite',2,65,'default'),(779,'3','json','[{\"fields\": {\"slot\": \"main\", \"default_width\": null}, \"model\": \"cms.placeholder\", \"pk\": 3}]','main',1,65,'default'),(780,'4','json','[{\"fields\": {\"changed_date\": \"2016-05-30T15:55:26Z\", \"language\": \"de\", \"parent\": null, \"numchild\": 0, \"creation_date\": \"2016-05-30T15:09:24Z\", \"depth\": 1, \"position\": 0, \"path\": \"0003\", \"placeholder\": 3, \"plugin_type\": \"FlexImagePlugin\"}, \"model\": \"cms.cmsplugin\", \"pk\": 4}]','4',15,65,'default'),(781,'6','json','[{\"fields\": {\"division\": null, \"subtitle\": \"Untertitel\", \"title\": \"Mehrspalter\"}, \"model\": \"flex.flexsection\", \"pk\": 6}]','Mehrspalter (3 Spalten): 7, 9, 8',50,65,'default'),(782,'1','json','[{\"fields\": {\"changed_date\": \"2016-05-30T15:55:26Z\", \"language\": \"de\", \"parent\": null, \"numchild\": 0, \"creation_date\": \"2016-05-30T15:02:09Z\", \"depth\": 1, \"position\": 1, \"path\": \"0001\", \"placeholder\": 3, \"plugin_type\": \"FlexTextPlugin\"}, \"model\": \"cms.cmsplugin\", \"pk\": 1}]','1',15,65,'default'),(783,'8','json','[{\"fields\": {\"subtitle\": null, \"title\": null, \"caption\": null, \"link\": null, \"images\": \"[{\'id\': 1}]\", \"ratio\": null, \"display\": null}, \"model\": \"flex.fleximage\", \"pk\": 8}]','8',46,65,'default'),(784,'9','json','[{\"fields\": {\"subtitle\": null, \"title\": null, \"caption\": null, \"link\": null, \"images\": \"[{\'id\': 1}]\", \"ratio\": null, \"display\": null}, \"model\": \"flex.fleximage\", \"pk\": 9}]','9',46,65,'default'),(785,'10','json','[{\"fields\": {\"code\": \"<pre>Quellcode</pre>\", \"subtitle\": \"Untertitel\", \"title\": \"Quellcode\"}, \"model\": \"flex.flexcode\", \"pk\": 10}]','Quellcode',48,65,'default'),(786,'11','json','[{\"fields\": {\"fullscreen\": true, \"subtitle\": \"Untertitel\", \"title\": \"HTML5 Video\", \"mp4_url\": \"http://techslides.com/demos/sample-videos/small.mp4\", \"image\": \"[{u\'id\': u\'1\'}]\", \"auto_play\": false, \"mp4_file\": null, \"webm_file\": null, \"width\": 800, \"auto_hide\": false, \"ogv_file\": null, \"webm_url\": \"\", \"height\": 600, \"ogv_url\": \"\", \"loop\": false}, \"model\": \"flex.flexvideo\", \"pk\": 11}]','HTML5 Video',49,65,'default'),(787,'4','json','[{\"fields\": {\"subtitle\": \"\", \"title\": \"\", \"caption\": \"\", \"link\": \"\", \"images\": \"[{u\'id\': u\'1\'}, {u\'id\': u\'2\'}]\", \"ratio\": null, \"display\": null}, \"model\": \"flex.fleximage\", \"pk\": 4}]','4',46,65,'default'),(788,'1','json','[{\"fields\": {\"body\": \"<p>Lorem ipsum dolor sit amet, consetetur sadipscing elitr, sed diam nonumy eirmod tempor invidunt ut labore et dolore magna aliquyam erat, sed diam voluptua. At vero eos et accusam et justo duo dolores et ea rebum. Stet clita kasd gubergren, no sea takimata sanctus est Lorem ipsum dolor sit amet. Lorem ipsum dolor sit amet, consetetur sadipscing elitr, sed diam nonumy eirmod tempor invidunt ut labore et dolore magna aliquyam erat, sed diam voluptua. At vero eos et accusam et justo duo dolores et ea rebum. Stet clita kasd gubergren, no sea takimata sanctus est Lorem ipsum dolor sit amet. Lorem ipsum dolor sit amet, consetetur sadipscing elitr, sed diam nonumy eirmod tempor invidunt ut labore et dolore magna aliquyam erat, sed diam voluptua. At vero eos et accusam et justo duo dolores et ea rebum. Stet clita kasd gubergren, no sea takimata sanctus est Lorem ipsum dolor sit amet. &nbsp;&nbsp;</p>\\r\\n\\r\\n<p>Duis autem vel eum iriure dolor in hendrerit in vulputate velit esse molestie consequat, vel illum dolore eu feugiat nulla facilisis at vero eros et accumsan et iusto odio dignissim qui blandit praesent luptatum zzril delenit augue duis dolore te feugait nulla facilisi. Lorem ipsum dolor sit amet,</p>\\r\\n\", \"subtitle\": \"Untertitel\", \"title\": \"Text mit 2 Spalten\", \"abstract\": null, \"display\": null, \"columns\": 2}, \"model\": \"flex.flextext\", \"pk\": 1}]','Text mit 2 Spalten',45,65,'default'),(789,'6','json','[{\"fields\": {\"changed_date\": \"2016-05-30T15:58:16Z\", \"language\": \"de\", \"parent\": null, \"numchild\": 3, \"creation_date\": \"2016-05-30T15:33:13Z\", \"depth\": 1, \"position\": 3, \"path\": \"0004\", \"placeholder\": 3, \"plugin_type\": \"FlexSectionPlugin\"}, \"model\": \"cms.cmsplugin\", \"pk\": 6}]','6',15,65,'default'),(790,'38','json','[{\"fields\": {\"changed_date\": \"2016-05-30T16:01:45Z\", \"language\": \"de\", \"parent\": 37, \"numchild\": 0, \"creation_date\": \"2016-05-30T16:01:28Z\", \"depth\": 2, \"position\": 0, \"path\": \"000I0001\", \"placeholder\": 3, \"plugin_type\": \"FlexImagePlugin\"}, \"model\": \"cms.cmsplugin\", \"pk\": 38}]','38',15,65,'default'),(791,'39','json','[{\"fields\": {\"body\": \"<p>Inhaltstext, Inhaltstext, Inhaltstext</p>\\r\\n\", \"subtitle\": \"Untertitel\", \"title\": \"Titel\", \"abstract\": null, \"display\": null, \"columns\": 1}, \"model\": \"flex.flextext\", \"pk\": 39}]','Titel',45,65,'default'),(792,'7','json','[{\"fields\": {\"changed_date\": \"2016-05-30T15:55:22Z\", \"language\": \"de\", \"parent\": 6, \"numchild\": 0, \"creation_date\": \"2016-05-30T15:35:09Z\", \"depth\": 2, \"position\": 0, \"path\": \"00040001\", \"placeholder\": 3, \"plugin_type\": \"FlexImagePlugin\"}, \"model\": \"cms.cmsplugin\", \"pk\": 7}]','7',15,65,'default'),(793,'8','json','[{\"fields\": {\"changed_date\": \"2016-05-30T15:55:22Z\", \"language\": \"de\", \"parent\": 6, \"numchild\": 0, \"creation_date\": \"2016-05-30T15:35:09Z\", \"depth\": 2, \"position\": 3, \"path\": \"00040002\", \"placeholder\": 3, \"plugin_type\": \"FlexImagePlugin\"}, \"model\": \"cms.cmsplugin\", \"pk\": 8}]','8',15,65,'default'),(794,'1','json','[{\"fields\": {\"menu_title\": null, \"meta_description\": null, \"page_title\": null, \"language\": \"de\", \"title\": \"Startseite\", \"has_url_overwrite\": false, \"redirect\": null, \"page\": 1, \"published\": true, \"path\": \"\", \"creation_date\": \"2016-05-17T16:12:09Z\", \"slug\": \"startseite\"}, \"model\": \"cms.title\", \"pk\": 1}]','Startseite (startseite, de)',16,65,'default'),(795,'9','json','[{\"fields\": {\"changed_date\": \"2016-05-30T15:55:22Z\", \"language\": \"de\", \"parent\": 6, \"numchild\": 0, \"creation_date\": \"2016-05-30T15:35:09Z\", \"depth\": 2, \"position\": 1, \"path\": \"00040004\", \"placeholder\": 3, \"plugin_type\": \"FlexImagePlugin\"}, \"model\": \"cms.cmsplugin\", \"pk\": 9}]','9',15,65,'default'),(796,'10','json','[{\"fields\": {\"changed_date\": \"2016-05-30T15:55:26Z\", \"language\": \"de\", \"parent\": null, \"numchild\": 0, \"creation_date\": \"2016-05-30T15:39:12Z\", \"depth\": 1, \"position\": 2, \"path\": \"000C\", \"placeholder\": 3, \"plugin_type\": \"FlexCodePlugin\"}, \"model\": \"cms.cmsplugin\", \"pk\": 10}]','10',15,65,'default'),(797,'11','json','[{\"fields\": {\"changed_date\": \"2016-05-30T15:55:26Z\", \"language\": \"de\", \"parent\": null, \"numchild\": 0, \"creation_date\": \"2016-05-30T15:40:25Z\", \"depth\": 1, \"position\": 4, \"path\": \"0006\", \"placeholder\": 3, \"plugin_type\": \"FlexVideoPlugin\"}, \"model\": \"cms.cmsplugin\", \"pk\": 11}]','11',15,65,'default'),(798,'7','json','[{\"fields\": {\"subtitle\": null, \"title\": null, \"caption\": null, \"link\": null, \"images\": \"[{\'id\': 1}]\", \"ratio\": null, \"display\": null}, \"model\": \"flex.fleximage\", \"pk\": 7}]','7',46,65,'default'),(799,'37','json','[{\"fields\": {\"division\": \"broad-left\", \"subtitle\": \"\", \"title\": \"Mehrspalter 2/3 zu 1/3\"}, \"model\": \"flex.flexsection\", \"pk\": 37}]','Mehrspalter 2/3 zu 1/3 (2 Spalten): 38, Titel',50,65,'default'),(800,'37','json','[{\"fields\": {\"changed_date\": \"2016-05-30T16:01:28Z\", \"language\": \"de\", \"parent\": null, \"numchild\": 2, \"creation_date\": \"2016-05-30T16:00:45Z\", \"depth\": 1, \"position\": 8, \"path\": \"000I\", \"placeholder\": 3, \"plugin_type\": \"FlexSectionPlugin\"}, \"model\": \"cms.cmsplugin\", \"pk\": 37}]','37',15,65,'default'),(801,'38','json','[{\"fields\": {\"subtitle\": \"\", \"title\": \"\", \"caption\": \"\", \"link\": \"\", \"images\": \"[{u\'id\': u\'1\'}, {u\'id\': u\'2\'}]\", \"ratio\": null, \"display\": null}, \"model\": \"flex.fleximage\", \"pk\": 38}]','38',46,65,'default'),(802,'39','json','[{\"fields\": {\"changed_date\": \"2016-05-30T16:01:58Z\", \"language\": \"de\", \"parent\": 37, \"numchild\": 0, \"creation_date\": \"2016-05-30T16:01:28Z\", \"depth\": 2, \"position\": 1, \"path\": \"000I0002\", \"placeholder\": 3, \"plugin_type\": \"FlexTextPlugin\"}, \"model\": \"cms.cmsplugin\", \"pk\": 39}]','39',15,65,'default'),(803,'1','json','[{\"fields\": {\"navigation_extenders\": null, \"site\": 1, \"application_namespace\": null, \"path\": \"0001\", \"in_navigation\": false, \"reverse_id\": null, \"login_required\": false, \"created_by\": \"script\", \"languages\": \"de\", \"publication_end_date\": null, \"template\": \"default.html\", \"placeholders\": [3], \"changed_date\": \"2016-05-30T16:01:58Z\", \"limit_visibility_in_menu\": null, \"parent\": null, \"numchild\": 0, \"soft_root\": false, \"is_home\": true, \"publication_date\": \"2016-05-30T14:42:50Z\", \"creation_date\": \"2016-05-17T16:12:09Z\", \"application_urls\": null, \"changed_by\": \"maisengasse\", \"xframe_options\": 0, \"depth\": 1, \"revision_id\": 0}, \"model\": \"cms.page\", \"pk\": 1}]','Startseite',2,66,'default'),(804,'3','json','[{\"fields\": {\"slot\": \"main\", \"default_width\": null}, \"model\": \"cms.placeholder\", \"pk\": 3}]','main',1,66,'default'),(805,'4','json','[{\"fields\": {\"changed_date\": \"2016-05-30T15:55:26Z\", \"language\": \"de\", \"parent\": null, \"numchild\": 0, \"creation_date\": \"2016-05-30T15:09:24Z\", \"depth\": 1, \"position\": 0, \"path\": \"0003\", \"placeholder\": 3, \"plugin_type\": \"FlexImagePlugin\"}, \"model\": \"cms.cmsplugin\", \"pk\": 4}]','4',15,66,'default'),(806,'6','json','[{\"fields\": {\"division\": null, \"subtitle\": \"Untertitel\", \"title\": \"Mehrspalter\"}, \"model\": \"flex.flexsection\", \"pk\": 6}]','Mehrspalter (3 Spalten): 7, 9, 8',50,66,'default'),(807,'1','json','[{\"fields\": {\"changed_date\": \"2016-05-30T15:55:26Z\", \"language\": \"de\", \"parent\": null, \"numchild\": 0, \"creation_date\": \"2016-05-30T15:02:09Z\", \"depth\": 1, \"position\": 1, \"path\": \"0001\", \"placeholder\": 3, \"plugin_type\": \"FlexTextPlugin\"}, \"model\": \"cms.cmsplugin\", \"pk\": 1}]','1',15,66,'default'),(808,'8','json','[{\"fields\": {\"subtitle\": null, \"title\": null, \"caption\": null, \"link\": null, \"images\": \"[{\'id\': 1}]\", \"ratio\": null, \"display\": null}, \"model\": \"flex.fleximage\", \"pk\": 8}]','8',46,66,'default'),(809,'9','json','[{\"fields\": {\"subtitle\": null, \"title\": null, \"caption\": null, \"link\": null, \"images\": \"[{\'id\': 1}]\", \"ratio\": null, \"display\": null}, \"model\": \"flex.fleximage\", \"pk\": 9}]','9',46,66,'default'),(810,'10','json','[{\"fields\": {\"code\": \"<pre>Quellcode</pre>\", \"subtitle\": \"Untertitel\", \"title\": \"Quellcode\"}, \"model\": \"flex.flexcode\", \"pk\": 10}]','Quellcode',48,66,'default'),(811,'11','json','[{\"fields\": {\"fullscreen\": true, \"subtitle\": \"Untertitel\", \"title\": \"HTML5 Video\", \"mp4_url\": \"http://techslides.com/demos/sample-videos/small.mp4\", \"image\": \"[{u\'id\': u\'1\'}]\", \"auto_play\": false, \"mp4_file\": null, \"webm_file\": null, \"width\": 800, \"auto_hide\": false, \"ogv_file\": null, \"webm_url\": \"\", \"height\": 600, \"ogv_url\": \"\", \"loop\": false}, \"model\": \"flex.flexvideo\", \"pk\": 11}]','HTML5 Video',49,66,'default'),(812,'4','json','[{\"fields\": {\"subtitle\": \"\", \"title\": \"\", \"caption\": \"\", \"link\": \"\", \"images\": \"[{u\'id\': u\'1\'}, {u\'id\': u\'2\'}]\", \"ratio\": null, \"display\": null}, \"model\": \"flex.fleximage\", \"pk\": 4}]','4',46,66,'default'),(813,'1','json','[{\"fields\": {\"body\": \"<p>Lorem ipsum dolor sit amet, consetetur sadipscing elitr, sed diam nonumy eirmod tempor invidunt ut labore et dolore magna aliquyam erat, sed diam voluptua. At vero eos et accusam et justo duo dolores et ea rebum. Stet clita kasd gubergren, no sea takimata sanctus est Lorem ipsum dolor sit amet. Lorem ipsum dolor sit amet, consetetur sadipscing elitr, sed diam nonumy eirmod tempor invidunt ut labore et dolore magna aliquyam erat, sed diam voluptua. At vero eos et accusam et justo duo dolores et ea rebum. Stet clita kasd gubergren, no sea takimata sanctus est Lorem ipsum dolor sit amet. Lorem ipsum dolor sit amet, consetetur sadipscing elitr, sed diam nonumy eirmod tempor invidunt ut labore et dolore magna aliquyam erat, sed diam voluptua. At vero eos et accusam et justo duo dolores et ea rebum. Stet clita kasd gubergren, no sea takimata sanctus est Lorem ipsum dolor sit amet. &nbsp;&nbsp;</p>\\r\\n\\r\\n<p>Duis autem vel eum iriure dolor in hendrerit in vulputate velit esse molestie consequat, vel illum dolore eu feugiat nulla facilisis at vero eros et accumsan et iusto odio dignissim qui blandit praesent luptatum zzril delenit augue duis dolore te feugait nulla facilisi. Lorem ipsum dolor sit amet,</p>\\r\\n\", \"subtitle\": \"Untertitel\", \"title\": \"Text mit 2 Spalten\", \"abstract\": null, \"display\": null, \"columns\": 2}, \"model\": \"flex.flextext\", \"pk\": 1}]','Text mit 2 Spalten',45,66,'default'),(814,'6','json','[{\"fields\": {\"changed_date\": \"2016-05-30T15:58:16Z\", \"language\": \"de\", \"parent\": null, \"numchild\": 3, \"creation_date\": \"2016-05-30T15:33:13Z\", \"depth\": 1, \"position\": 3, \"path\": \"0004\", \"placeholder\": 3, \"plugin_type\": \"FlexSectionPlugin\"}, \"model\": \"cms.cmsplugin\", \"pk\": 6}]','6',15,66,'default'),(815,'38','json','[{\"fields\": {\"changed_date\": \"2016-05-30T16:01:45Z\", \"language\": \"de\", \"parent\": 37, \"numchild\": 0, \"creation_date\": \"2016-05-30T16:01:28Z\", \"depth\": 2, \"position\": 0, \"path\": \"000I0001\", \"placeholder\": 3, \"plugin_type\": \"FlexImagePlugin\"}, \"model\": \"cms.cmsplugin\", \"pk\": 38}]','38',15,66,'default'),(816,'39','json','[{\"fields\": {\"body\": \"<p>Inhaltstext, Inhaltstext, Inhaltstext</p>\\r\\n\", \"subtitle\": \"Untertitel\", \"title\": \"Titel\", \"abstract\": null, \"display\": null, \"columns\": 1}, \"model\": \"flex.flextext\", \"pk\": 39}]','Titel',45,66,'default'),(817,'7','json','[{\"fields\": {\"changed_date\": \"2016-05-30T15:55:22Z\", \"language\": \"de\", \"parent\": 6, \"numchild\": 0, \"creation_date\": \"2016-05-30T15:35:09Z\", \"depth\": 2, \"position\": 0, \"path\": \"00040001\", \"placeholder\": 3, \"plugin_type\": \"FlexImagePlugin\"}, \"model\": \"cms.cmsplugin\", \"pk\": 7}]','7',15,66,'default'),(818,'8','json','[{\"fields\": {\"changed_date\": \"2016-05-30T15:55:22Z\", \"language\": \"de\", \"parent\": 6, \"numchild\": 0, \"creation_date\": \"2016-05-30T15:35:09Z\", \"depth\": 2, \"position\": 3, \"path\": \"00040002\", \"placeholder\": 3, \"plugin_type\": \"FlexImagePlugin\"}, \"model\": \"cms.cmsplugin\", \"pk\": 8}]','8',15,66,'default'),(819,'1','json','[{\"fields\": {\"menu_title\": null, \"meta_description\": null, \"page_title\": null, \"language\": \"de\", \"title\": \"Startseite\", \"has_url_overwrite\": false, \"redirect\": null, \"page\": 1, \"published\": true, \"path\": \"\", \"creation_date\": \"2016-05-17T16:12:09Z\", \"slug\": \"startseite\"}, \"model\": \"cms.title\", \"pk\": 1}]','Startseite (startseite, de)',16,66,'default'),(820,'9','json','[{\"fields\": {\"changed_date\": \"2016-05-30T15:55:22Z\", \"language\": \"de\", \"parent\": 6, \"numchild\": 0, \"creation_date\": \"2016-05-30T15:35:09Z\", \"depth\": 2, \"position\": 1, \"path\": \"00040004\", \"placeholder\": 3, \"plugin_type\": \"FlexImagePlugin\"}, \"model\": \"cms.cmsplugin\", \"pk\": 9}]','9',15,66,'default'),(821,'10','json','[{\"fields\": {\"changed_date\": \"2016-05-30T15:55:26Z\", \"language\": \"de\", \"parent\": null, \"numchild\": 0, \"creation_date\": \"2016-05-30T15:39:12Z\", \"depth\": 1, \"position\": 2, \"path\": \"000C\", \"placeholder\": 3, \"plugin_type\": \"FlexCodePlugin\"}, \"model\": \"cms.cmsplugin\", \"pk\": 10}]','10',15,66,'default'),(822,'11','json','[{\"fields\": {\"changed_date\": \"2016-05-30T15:55:26Z\", \"language\": \"de\", \"parent\": null, \"numchild\": 0, \"creation_date\": \"2016-05-30T15:40:25Z\", \"depth\": 1, \"position\": 4, \"path\": \"0006\", \"placeholder\": 3, \"plugin_type\": \"FlexVideoPlugin\"}, \"model\": \"cms.cmsplugin\", \"pk\": 11}]','11',15,66,'default'),(823,'7','json','[{\"fields\": {\"subtitle\": null, \"title\": null, \"caption\": null, \"link\": null, \"images\": \"[{\'id\': 1}]\", \"ratio\": null, \"display\": null}, \"model\": \"flex.fleximage\", \"pk\": 7}]','7',46,66,'default'),(824,'37','json','[{\"fields\": {\"division\": \"broad-left\", \"subtitle\": \"Untertitel\", \"title\": \"Mehrspalter 66% zu 33%\"}, \"model\": \"flex.flexsection\", \"pk\": 37}]','Mehrspalter 66% zu 33% (2 Spalten): 38, Titel',50,66,'default'),(825,'37','json','[{\"fields\": {\"changed_date\": \"2016-05-30T16:03:30Z\", \"language\": \"de\", \"parent\": null, \"numchild\": 2, \"creation_date\": \"2016-05-30T16:00:45Z\", \"depth\": 1, \"position\": 8, \"path\": \"000I\", \"placeholder\": 3, \"plugin_type\": \"FlexSectionPlugin\"}, \"model\": \"cms.cmsplugin\", \"pk\": 37}]','37',15,66,'default'),(826,'38','json','[{\"fields\": {\"subtitle\": \"\", \"title\": \"\", \"caption\": \"\", \"link\": \"\", \"images\": \"[{u\'id\': u\'1\'}, {u\'id\': u\'2\'}]\", \"ratio\": null, \"display\": null}, \"model\": \"flex.fleximage\", \"pk\": 38}]','38',46,66,'default'),(827,'39','json','[{\"fields\": {\"changed_date\": \"2016-05-30T16:01:58Z\", \"language\": \"de\", \"parent\": 37, \"numchild\": 0, \"creation_date\": \"2016-05-30T16:01:28Z\", \"depth\": 2, \"position\": 1, \"path\": \"000I0002\", \"placeholder\": 3, \"plugin_type\": \"FlexTextPlugin\"}, \"model\": \"cms.cmsplugin\", \"pk\": 39}]','39',15,66,'default'),(828,'1','json','[{\"fields\": {\"navigation_extenders\": null, \"site\": 1, \"application_namespace\": null, \"path\": \"0001\", \"in_navigation\": false, \"reverse_id\": null, \"login_required\": false, \"created_by\": \"script\", \"languages\": \"de\", \"publication_end_date\": null, \"template\": \"default.html\", \"placeholders\": [3], \"changed_date\": \"2016-05-30T16:03:39.891Z\", \"limit_visibility_in_menu\": null, \"parent\": null, \"numchild\": 0, \"soft_root\": false, \"is_home\": true, \"publication_date\": \"2016-05-30T14:42:50Z\", \"creation_date\": \"2016-05-17T16:12:09Z\", \"application_urls\": null, \"changed_by\": \"maisengasse\", \"xframe_options\": 0, \"depth\": 1, \"revision_id\": 0}, \"model\": \"cms.page\", \"pk\": 1}]','Startseite',2,67,'default'),(829,'3','json','[{\"fields\": {\"slot\": \"main\", \"default_width\": null}, \"model\": \"cms.placeholder\", \"pk\": 3}]','main',1,67,'default'),(830,'4','json','[{\"fields\": {\"changed_date\": \"2016-05-30T15:55:26Z\", \"language\": \"de\", \"parent\": null, \"numchild\": 0, \"creation_date\": \"2016-05-30T15:09:24Z\", \"depth\": 1, \"position\": 0, \"path\": \"0003\", \"placeholder\": 3, \"plugin_type\": \"FlexImagePlugin\"}, \"model\": \"cms.cmsplugin\", \"pk\": 4}]','4',15,67,'default'),(831,'6','json','[{\"fields\": {\"division\": null, \"subtitle\": \"Untertitel\", \"title\": \"Mehrspalter\"}, \"model\": \"flex.flexsection\", \"pk\": 6}]','Mehrspalter (3 Spalten): 7, 9, 8',50,67,'default'),(832,'1','json','[{\"fields\": {\"changed_date\": \"2016-05-30T15:55:26Z\", \"language\": \"de\", \"parent\": null, \"numchild\": 0, \"creation_date\": \"2016-05-30T15:02:09Z\", \"depth\": 1, \"position\": 1, \"path\": \"0001\", \"placeholder\": 3, \"plugin_type\": \"FlexTextPlugin\"}, \"model\": \"cms.cmsplugin\", \"pk\": 1}]','1',15,67,'default'),(833,'8','json','[{\"fields\": {\"subtitle\": null, \"title\": null, \"caption\": null, \"link\": null, \"images\": \"[{\'id\': 1}]\", \"ratio\": null, \"display\": null}, \"model\": \"flex.fleximage\", \"pk\": 8}]','8',46,67,'default'),(834,'9','json','[{\"fields\": {\"subtitle\": null, \"title\": null, \"caption\": null, \"link\": null, \"images\": \"[{\'id\': 1}]\", \"ratio\": null, \"display\": null}, \"model\": \"flex.fleximage\", \"pk\": 9}]','9',46,67,'default'),(835,'10','json','[{\"fields\": {\"code\": \"<pre>Quellcode</pre>\", \"subtitle\": \"Untertitel\", \"title\": \"Quellcode\"}, \"model\": \"flex.flexcode\", \"pk\": 10}]','Quellcode',48,67,'default'),(836,'11','json','[{\"fields\": {\"fullscreen\": true, \"subtitle\": \"Untertitel\", \"title\": \"HTML5 Video\", \"mp4_url\": \"http://techslides.com/demos/sample-videos/small.mp4\", \"image\": \"[{u\'id\': u\'1\'}]\", \"auto_play\": false, \"mp4_file\": null, \"webm_file\": null, \"width\": 800, \"auto_hide\": false, \"ogv_file\": null, \"webm_url\": \"\", \"height\": 600, \"ogv_url\": \"\", \"loop\": false}, \"model\": \"flex.flexvideo\", \"pk\": 11}]','HTML5 Video',49,67,'default'),(837,'4','json','[{\"fields\": {\"subtitle\": \"\", \"title\": \"\", \"caption\": \"\", \"link\": \"\", \"images\": \"[{u\'id\': u\'1\'}, {u\'id\': u\'2\'}]\", \"ratio\": null, \"display\": null}, \"model\": \"flex.fleximage\", \"pk\": 4}]','4',46,67,'default'),(838,'1','json','[{\"fields\": {\"body\": \"<p>Lorem ipsum dolor sit amet, consetetur sadipscing elitr, sed diam nonumy eirmod tempor invidunt ut labore et dolore magna aliquyam erat, sed diam voluptua. At vero eos et accusam et justo duo dolores et ea rebum. Stet clita kasd gubergren, no sea takimata sanctus est Lorem ipsum dolor sit amet. Lorem ipsum dolor sit amet, consetetur sadipscing elitr, sed diam nonumy eirmod tempor invidunt ut labore et dolore magna aliquyam erat, sed diam voluptua. At vero eos et accusam et justo duo dolores et ea rebum. Stet clita kasd gubergren, no sea takimata sanctus est Lorem ipsum dolor sit amet. Lorem ipsum dolor sit amet, consetetur sadipscing elitr, sed diam nonumy eirmod tempor invidunt ut labore et dolore magna aliquyam erat, sed diam voluptua. At vero eos et accusam et justo duo dolores et ea rebum. Stet clita kasd gubergren, no sea takimata sanctus est Lorem ipsum dolor sit amet. &nbsp;&nbsp;</p>\\r\\n\\r\\n<p>Duis autem vel eum iriure dolor in hendrerit in vulputate velit esse molestie consequat, vel illum dolore eu feugiat nulla facilisis at vero eros et accumsan et iusto odio dignissim qui blandit praesent luptatum zzril delenit augue duis dolore te feugait nulla facilisi. Lorem ipsum dolor sit amet,</p>\\r\\n\", \"subtitle\": \"Untertitel\", \"title\": \"Text mit 2 Spalten\", \"abstract\": null, \"display\": null, \"columns\": 2}, \"model\": \"flex.flextext\", \"pk\": 1}]','Text mit 2 Spalten',45,67,'default'),(839,'6','json','[{\"fields\": {\"changed_date\": \"2016-05-30T15:58:16Z\", \"language\": \"de\", \"parent\": null, \"numchild\": 3, \"creation_date\": \"2016-05-30T15:33:13Z\", \"depth\": 1, \"position\": 3, \"path\": \"0004\", \"placeholder\": 3, \"plugin_type\": \"FlexSectionPlugin\"}, \"model\": \"cms.cmsplugin\", \"pk\": 6}]','6',15,67,'default'),(840,'38','json','[{\"fields\": {\"changed_date\": \"2016-05-30T16:01:45Z\", \"language\": \"de\", \"parent\": 37, \"numchild\": 0, \"creation_date\": \"2016-05-30T16:01:28Z\", \"depth\": 2, \"position\": 0, \"path\": \"000I0001\", \"placeholder\": 3, \"plugin_type\": \"FlexImagePlugin\"}, \"model\": \"cms.cmsplugin\", \"pk\": 38}]','38',15,67,'default'),(841,'39','json','[{\"fields\": {\"body\": \"<p>Inhaltstext, Inhaltstext, Inhaltstext</p>\\r\\n\", \"subtitle\": \"Untertitel\", \"title\": \"Titel\", \"abstract\": null, \"display\": null, \"columns\": 1}, \"model\": \"flex.flextext\", \"pk\": 39}]','Titel',45,67,'default'),(842,'7','json','[{\"fields\": {\"changed_date\": \"2016-05-30T15:55:22Z\", \"language\": \"de\", \"parent\": 6, \"numchild\": 0, \"creation_date\": \"2016-05-30T15:35:09Z\", \"depth\": 2, \"position\": 0, \"path\": \"00040001\", \"placeholder\": 3, \"plugin_type\": \"FlexImagePlugin\"}, \"model\": \"cms.cmsplugin\", \"pk\": 7}]','7',15,67,'default'),(843,'8','json','[{\"fields\": {\"changed_date\": \"2016-05-30T15:55:22Z\", \"language\": \"de\", \"parent\": 6, \"numchild\": 0, \"creation_date\": \"2016-05-30T15:35:09Z\", \"depth\": 2, \"position\": 3, \"path\": \"00040002\", \"placeholder\": 3, \"plugin_type\": \"FlexImagePlugin\"}, \"model\": \"cms.cmsplugin\", \"pk\": 8}]','8',15,67,'default'),(844,'1','json','[{\"fields\": {\"menu_title\": null, \"meta_description\": null, \"page_title\": null, \"language\": \"de\", \"title\": \"Startseite\", \"has_url_overwrite\": false, \"redirect\": null, \"page\": 1, \"published\": true, \"path\": \"\", \"creation_date\": \"2016-05-17T16:12:09Z\", \"slug\": \"startseite\"}, \"model\": \"cms.title\", \"pk\": 1}]','Startseite (startseite, de)',16,67,'default'),(845,'9','json','[{\"fields\": {\"changed_date\": \"2016-05-30T15:55:22Z\", \"language\": \"de\", \"parent\": 6, \"numchild\": 0, \"creation_date\": \"2016-05-30T15:35:09Z\", \"depth\": 2, \"position\": 1, \"path\": \"00040004\", \"placeholder\": 3, \"plugin_type\": \"FlexImagePlugin\"}, \"model\": \"cms.cmsplugin\", \"pk\": 9}]','9',15,67,'default'),(846,'10','json','[{\"fields\": {\"changed_date\": \"2016-05-30T15:55:26Z\", \"language\": \"de\", \"parent\": null, \"numchild\": 0, \"creation_date\": \"2016-05-30T15:39:12Z\", \"depth\": 1, \"position\": 2, \"path\": \"000C\", \"placeholder\": 3, \"plugin_type\": \"FlexCodePlugin\"}, \"model\": \"cms.cmsplugin\", \"pk\": 10}]','10',15,67,'default'),(847,'11','json','[{\"fields\": {\"changed_date\": \"2016-05-30T15:55:26Z\", \"language\": \"de\", \"parent\": null, \"numchild\": 0, \"creation_date\": \"2016-05-30T15:40:25Z\", \"depth\": 1, \"position\": 4, \"path\": \"0006\", \"placeholder\": 3, \"plugin_type\": \"FlexVideoPlugin\"}, \"model\": \"cms.cmsplugin\", \"pk\": 11}]','11',15,67,'default'),(848,'7','json','[{\"fields\": {\"subtitle\": null, \"title\": null, \"caption\": null, \"link\": null, \"images\": \"[{\'id\': 1}]\", \"ratio\": null, \"display\": null}, \"model\": \"flex.fleximage\", \"pk\": 7}]','7',46,67,'default'),(849,'37','json','[{\"fields\": {\"division\": \"broad-left\", \"subtitle\": \"Untertitel\", \"title\": \"Mehrspalter 66% zu 33%\"}, \"model\": \"flex.flexsection\", \"pk\": 37}]','Mehrspalter 66% zu 33% (2 Spalten): 38, Titel',50,67,'default'),(850,'37','json','[{\"fields\": {\"changed_date\": \"2016-05-30T16:03:30Z\", \"language\": \"de\", \"parent\": null, \"numchild\": 2, \"creation_date\": \"2016-05-30T16:00:45Z\", \"depth\": 1, \"position\": 8, \"path\": \"000I\", \"placeholder\": 3, \"plugin_type\": \"FlexSectionPlugin\"}, \"model\": \"cms.cmsplugin\", \"pk\": 37}]','37',15,67,'default'),(851,'38','json','[{\"fields\": {\"subtitle\": \"\", \"title\": \"\", \"caption\": \"\", \"link\": \"\", \"images\": \"[{u\'id\': u\'1\'}, {u\'id\': u\'2\'}]\", \"ratio\": null, \"display\": null}, \"model\": \"flex.fleximage\", \"pk\": 38}]','38',46,67,'default'),(852,'39','json','[{\"fields\": {\"changed_date\": \"2016-05-30T16:01:58Z\", \"language\": \"de\", \"parent\": 37, \"numchild\": 0, \"creation_date\": \"2016-05-30T16:01:28Z\", \"depth\": 2, \"position\": 1, \"path\": \"000I0002\", \"placeholder\": 3, \"plugin_type\": \"FlexTextPlugin\"}, \"model\": \"cms.cmsplugin\", \"pk\": 39}]','39',15,67,'default'),(853,'13','json','[{\"fields\": {\"navigation_extenders\": null, \"site\": 1, \"application_namespace\": null, \"path\": \"0009\", \"in_navigation\": true, \"reverse_id\": null, \"login_required\": false, \"created_by\": \"maisengasse\", \"languages\": \"de\", \"publication_end_date\": null, \"template\": \"INHERIT\", \"placeholders\": [], \"changed_date\": \"2016-11-04T09:35:58.142Z\", \"limit_visibility_in_menu\": null, \"parent\": null, \"numchild\": 0, \"soft_root\": false, \"is_home\": false, \"publication_date\": null, \"creation_date\": \"2016-11-04T09:35:58.083Z\", \"application_urls\": null, \"changed_by\": \"maisengasse\", \"xframe_options\": 0, \"depth\": 1, \"revision_id\": 0}, \"model\": \"cms.page\", \"pk\": 13}]','Cookie-Information',2,68,'default'),(854,'13','json','[{\"fields\": {\"menu_title\": \"\", \"meta_description\": \"\", \"page_title\": \"\", \"language\": \"de\", \"title\": \"Cookie-Information\", \"has_url_overwrite\": false, \"redirect\": null, \"page\": 13, \"published\": false, \"path\": \"cookies\", \"creation_date\": \"2016-11-04T09:35:58Z\", \"slug\": \"cookies\"}, \"model\": \"cms.title\", \"pk\": 13}]','Cookie-Information (cookies, de)',16,68,'default'),(855,'13','json','[{\"fields\": {\"navigation_extenders\": null, \"site\": 1, \"application_namespace\": null, \"path\": \"0009\", \"in_navigation\": false, \"reverse_id\": null, \"login_required\": false, \"created_by\": \"maisengasse\", \"languages\": \"de\", \"publication_end_date\": null, \"template\": \"INHERIT\", \"placeholders\": [], \"changed_date\": \"2016-11-04T09:36:08.885Z\", \"limit_visibility_in_menu\": null, \"parent\": null, \"numchild\": 0, \"soft_root\": false, \"is_home\": false, \"publication_date\": \"2016-11-04T09:36:08.691Z\", \"creation_date\": \"2016-11-04T09:35:58Z\", \"application_urls\": null, \"changed_by\": \"maisengasse\", \"xframe_options\": 0, \"depth\": 1, \"revision_id\": 0}, \"model\": \"cms.page\", \"pk\": 13}]','Cookie-Information',2,69,'default'),(856,'13','json','[{\"fields\": {\"menu_title\": \"\", \"meta_description\": \"\", \"page_title\": \"\", \"language\": \"de\", \"title\": \"Cookie-Information\", \"has_url_overwrite\": false, \"redirect\": null, \"page\": 13, \"published\": true, \"path\": \"cookies\", \"creation_date\": \"2016-11-04T09:35:58Z\", \"slug\": \"cookies\"}, \"model\": \"cms.title\", \"pk\": 13}]','Cookie-Information (cookies, de)',16,69,'default'),(857,'51','json','[{\"fields\": {\"body\": \"<p><strong>Verwendung von Cookies</strong></p>\\r\\n\\r\\n<p>Diese Webseite verwendet Cookies.<br />\\r\\nDas vorliegende Dokument informiert &uuml;ber die Verwendung und Verwaltung der Cookies.<br />\\r\\nMit der Nutzung dieser Webseite, erkl&auml;ren Sie sich mit der Verwendung der Cookies, wie in den folgenden Punkten beschrieben, einverstanden.</p>\\r\\n\\r\\n<p>&nbsp;</p>\\r\\n\\r\\n<p><strong>Informationen &uuml;ber Cookies&nbsp;</strong></p>\\r\\n\\r\\n<p>Cookies sind Textdateien, die auf Ihrem Computer gespeichert werden, wenn Sie eine Webseite besuchen. Kehren Sie auf die gleiche Webseite zur&uuml;ck, werden diese Cookies wieder an die Webseite geschickt.</p>\\r\\n\\r\\n<p>Die &quot;technischen Cookies&quot; werden u.a. f&uuml;r informatische Authentifizierungen, Aufzeichnung von Sitzungen und Speicherung von Informationen auf der Webseite verwendet (ohne die Verwendung von &quot;technischen Cookies&quot; w&auml;ren bestimmte Vorg&auml;nge auf der Webseite nicht m&ouml;glich).</p>\\r\\n\\r\\n<p>Die &quot;Tracking-Cookies&quot; (oder &quot;Profilierungs-Cookies&quot;) erlauben hingegen die Identifizierung von User-Profilen und werden verwendet um personalisierte Werbung zu schalten.</p>\\r\\n\\r\\n<p>Die Cookies k&ouml;nnen zudem in &quot;dauerhafte&quot; und &quot;Sitzungs-Cookies&quot; unterteilt werden. Die Sitzungs-Cookies werden automatisch von Ihrem Computer entfernt, sobald Sie den Browser schlie&szlig;en. Die dauerhaften Cookies bleiben auf Ihrem Computer gespeichert und werden erst entfernt, wenn sie ihr Ablaufdatum erreicht haben oder manuell gel&ouml;scht werden. Einige Cookies, die auf der Webseite verwendet werden, stammen von Drittanbietern.</p>\\r\\n\\r\\n<p>Um eine optimale Web-Navigation zu bieten, k&ouml;nnte die besuchte Webseite von allen oder von einem Teil der folgenden, eigenen und/oder von Dritten stammenden, Cookies Gebrauch machen:</p>\\r\\n\\r\\n<p>&nbsp;</p>\\r\\n\\r\\n<p><strong>Sitzungs-Cookie (lokal)</strong><br />\\r\\nEs handelt sich um einen technischen Cookie mit einer Speicherfunktion der Handlungen des Benutzers innerhalb einer Webseite. Dieser wird beim Verlassen der Webseite gel&ouml;scht. Sollte es sich um eine E-Commerce-Webseite handeln, wird dieser Cookie auch dazu verwendet, die in den Warenkorb gelegten Produkte zu speichern.</p>\\r\\n\\r\\n<p><strong>Google Analytics (von Dritten)</strong><br />\\r\\n&Uuml;berwachende Cookies f&uuml;r die Entwicklung von Statistiken der Webseitenverwendung; Google Analytics verwendet Cookies, die keine personenbezogenen Daten speichern und die auf dem PC des Benutzers abgelegt werden, um dem Anbieter der Webseite die M&ouml;glichkeit zu geben, Analysen zu erstellen, wie die gleichen Benutzer die Webseite benutzen. Um die Speicherung der hier vorher genannten Cookies zu verhindern, muss der Benutzer dem Vorgang in diesem Link folgen: http://www.google.com/intl/de_ALL/analytics/learn/privacy.html</p>\\r\\n\\r\\n<p><strong>Facebook (von Dritten)</strong><br />\\r\\nDiese Cookies werden verwendet, um die Werbung zu erarbeiten und zu verbessern d.h. mit Marketingstrategien, um dem Benutzer Nachrichten im Sinne seines Interesses zusenden zu k&ouml;nnen. Zus&auml;tzliche Informationen, auch in Bezug mit der Modalit&auml;t, mit der diese oben genannten Cookies deaktiviert werden k&ouml;nnen, sind im folgenden Link herunterladbar: https://www.facebook.com/help/cookies/ Um die Cookies anzuhaken/abzuhaken hier klicken: http://www.youronlinechoices.com/de/praferenzmanagement/</p>\\r\\n\\r\\n<p><strong>Adwords (von Dritten)</strong><br />\\r\\nDiese Cookies werden verwendet, um die Werbung zu erarbeiten und zu verbessern d.h. mit Marketingstrategien, um dem Benutzer Nachrichten im Sinne seines Interesses zusenden zu k&ouml;nnen. Zus&auml;tzliche Informationen, auch in Bezug mit der Modalit&auml;t, mit der diese oben genannten Cookies deaktiviert werden k&ouml;nnen, sind im folgenden Link herunterladbar: https://support.google.com/adwords/answer/2407785?hl=de um die Cookies anzuhaken/abzuhaken hier klicken: http://www.google.com/settings/ads</p>\\r\\n\\r\\n<p>&nbsp;</p>\\r\\n\\r\\n<p><strong>Wie k&ouml;nnen Cookies deaktiviert, gel&ouml;scht oder blockiert werden.</strong></p>\\r\\n\\r\\n<p>Diese von Ihnen besuchte Webseite erm&ouml;glicht die einzelnen Cookies, mit den hier folgend illustrierten Modalit&auml;ten anzuhaken/abzuhaken, jedoch mit dem Hinweis, dass im Falle einer Deaktivierung, die vollst&auml;ndige Nutzung der Webseite nicht mehr garantiert werden kann.</p>\\r\\n\\r\\n<p><strong>Firefox:</strong>&nbsp;</p>\\r\\n\\r\\n<p>&Ouml;ffnen Sie den Firefox Browser.<br />\\r\\nDr&uuml;cken Sie die &bdquo;Alt&ldquo; Taste auf Ihrer Tastatur.<br />\\r\\nW&auml;hlen Sie &bdquo;Men&uuml;&ldquo; und dann &bdquo;Optionen&ldquo; in Ihrer Funktionsleiste.<br />\\r\\nW&auml;hlen Sie den Reiter &bdquo;Privatsph&auml;re&ldquo; aus.<br />\\r\\nW&auml;hlen Sie f&uuml;r &bdquo;Firefox wird eine Chronik:&ldquo; &bdquo;nach benutzerdefinierten Einstellungen anlegen&ldquo; aus.<br />\\r\\nEntfernen Sie die Markierung &bdquo;Cookies akzeptieren&ldquo; und speichern Sie Ihre Einstellungen.</p>\\r\\n\\r\\n<p><strong>Internet Explorer:</strong><br />\\r\\n&Ouml;ffnen Sie den Internet Explorer.<br />\\r\\nKlicken Sie auf die Schaltfl&auml;che &bdquo;Extras&ldquo; und dann auf &bdquo;Internetoptionen&ldquo;.<br />\\r\\nKlicken Sie auf die Registerkarte &bdquo;Datenschutz&ldquo;.<br />\\r\\nIm Reiter &bdquo;Cookies&ldquo; k&ouml;nnen Sie die Markierung entfernen und Ihre Einstellungen speichern.</p>\\r\\n\\r\\n<p><strong>Google Chrome:&nbsp;</strong><br />\\r\\n&Ouml;ffnen Sie Google Chrome.<br />\\r\\nW&auml;hlen Sie &ldquo;Einstellungen&rdquo; aus.<br />\\r\\nKlicken Sie auf &ldquo;Erweiterte Einstellungen anzeigen&rdquo;.<br />\\r\\nKlicken Sie im Reiter &bdquo;Datenschutz&ldquo; auf &bdquo;Inhaltseinstellungen&ldquo;.<br />\\r\\nIm Abschnitt &bdquo;Cookies&ldquo; k&ouml;nnen Sie diese deaktivieren und Ihre Einstellungen speichern.</p>\\r\\n\\r\\n<p><strong>Safari:&nbsp;</strong><br />\\r\\n&Ouml;ffnen Sie Safari.<br />\\r\\nW&auml;hlen Sie &bdquo;Einstellungen&ldquo; in der Funktionsliste (graues Zahnrad in der oberen, rechten Ecke) und klicken Sie auf &bdquo;Privatsph&auml;re&ldquo;.<br />\\r\\nUnter &bdquo;Cookies akzeptieren&ldquo; k&ouml;nnen Sie spezifizieren ob und wann Safari Cookies von Websites akzeptieren soll. F&uuml;r mehr Informationen klicken Sie auf Hilfe (?).<br />\\r\\nWenn Sie mehr &uuml;ber die Cookies erfahren m&ouml;chten, die auf Ihrem Computer gespeichert werden, dann klicken Sie auf &bdquo;Cookies anzeigen&ldquo;.</p>\\r\\n\", \"subtitle\": null, \"title\": \"Informationen zur Verwendung von Cookies\", \"abstract\": null, \"display\": null, \"columns\": 1}, \"model\": \"flex.flextext\", \"pk\": 51}]','Informationen zur Verwendung von Cookies',45,70,'default'),(858,'51','json','[{\"fields\": {\"changed_date\": \"2016-11-04T09:56:05Z\", \"language\": \"de\", \"parent\": null, \"numchild\": 0, \"creation_date\": \"2016-11-04T09:56:05Z\", \"depth\": 1, \"position\": 0, \"path\": \"000P\", \"placeholder\": 4, \"plugin_type\": \"FlexTextPlugin\"}, \"model\": \"cms.cmsplugin\", \"pk\": 51}]','51',15,70,'default'),(859,'4','json','[{\"fields\": {\"slot\": \"content\", \"default_width\": null}, \"model\": \"cms.placeholder\", \"pk\": 4}]','content',1,70,'default'),(860,'13','json','[{\"fields\": {\"navigation_extenders\": null, \"site\": 1, \"application_namespace\": null, \"path\": \"0009\", \"in_navigation\": false, \"reverse_id\": null, \"login_required\": false, \"created_by\": \"maisengasse\", \"languages\": \"de\", \"publication_end_date\": null, \"template\": \"INHERIT\", \"placeholders\": [4], \"changed_date\": \"2016-11-04T09:36:08Z\", \"limit_visibility_in_menu\": null, \"parent\": null, \"numchild\": 0, \"soft_root\": false, \"is_home\": false, \"publication_date\": \"2016-11-04T09:36:08Z\", \"creation_date\": \"2016-11-04T09:35:58Z\", \"application_urls\": null, \"changed_by\": \"maisengasse\", \"xframe_options\": 0, \"depth\": 1, \"revision_id\": 0}, \"model\": \"cms.page\", \"pk\": 13}]','Cookie-Information',2,70,'default'),(861,'13','json','[{\"fields\": {\"menu_title\": \"\", \"meta_description\": \"\", \"page_title\": \"\", \"language\": \"de\", \"title\": \"Cookie-Information\", \"has_url_overwrite\": false, \"redirect\": null, \"page\": 13, \"published\": true, \"path\": \"cookies\", \"creation_date\": \"2016-11-04T09:35:58Z\", \"slug\": \"cookies\"}, \"model\": \"cms.title\", \"pk\": 13}]','Cookie-Information (cookies, de)',16,70,'default'),(862,'51','json','[{\"fields\": {\"body\": \"<p><strong>Verwendung von Cookies</strong></p>\\r\\n\\r\\n<p>Diese Webseite verwendet Cookies.<br />\\r\\nDas vorliegende Dokument informiert &uuml;ber die Verwendung und Verwaltung der Cookies.<br />\\r\\nMit der Nutzung dieser Webseite, erkl&auml;ren Sie sich mit der Verwendung der Cookies, wie in den folgenden Punkten beschrieben, einverstanden.</p>\\r\\n\\r\\n<p>&nbsp;</p>\\r\\n\\r\\n<p><strong>Informationen &uuml;ber Cookies&nbsp;</strong></p>\\r\\n\\r\\n<p>Cookies sind Textdateien, die auf Ihrem Computer gespeichert werden, wenn Sie eine Webseite besuchen. Kehren Sie auf die gleiche Webseite zur&uuml;ck, werden diese Cookies wieder an die Webseite geschickt.</p>\\r\\n\\r\\n<p>Die &quot;technischen Cookies&quot; werden u.a. f&uuml;r informatische Authentifizierungen, Aufzeichnung von Sitzungen und Speicherung von Informationen auf der Webseite verwendet (ohne die Verwendung von &quot;technischen Cookies&quot; w&auml;ren bestimmte Vorg&auml;nge auf der Webseite nicht m&ouml;glich).</p>\\r\\n\\r\\n<p>Die &quot;Tracking-Cookies&quot; (oder &quot;Profilierungs-Cookies&quot;) erlauben hingegen die Identifizierung von User-Profilen und werden verwendet um personalisierte Werbung zu schalten.</p>\\r\\n\\r\\n<p>Die Cookies k&ouml;nnen zudem in &quot;dauerhafte&quot; und &quot;Sitzungs-Cookies&quot; unterteilt werden. Die Sitzungs-Cookies werden automatisch von Ihrem Computer entfernt, sobald Sie den Browser schlie&szlig;en. Die dauerhaften Cookies bleiben auf Ihrem Computer gespeichert und werden erst entfernt, wenn sie ihr Ablaufdatum erreicht haben oder manuell gel&ouml;scht werden. Einige Cookies, die auf der Webseite verwendet werden, stammen von Drittanbietern.</p>\\r\\n\\r\\n<p>Um eine optimale Web-Navigation zu bieten, k&ouml;nnte die besuchte Webseite von allen oder von einem Teil der folgenden, eigenen und/oder von Dritten stammenden, Cookies Gebrauch machen:</p>\\r\\n\\r\\n<p>&nbsp;</p>\\r\\n\\r\\n<p><strong>Sitzungs-Cookie (lokal)</strong><br />\\r\\nEs handelt sich um einen technischen Cookie mit einer Speicherfunktion der Handlungen des Benutzers innerhalb einer Webseite. Dieser wird beim Verlassen der Webseite gel&ouml;scht. Sollte es sich um eine E-Commerce-Webseite handeln, wird dieser Cookie auch dazu verwendet, die in den Warenkorb gelegten Produkte zu speichern.</p>\\r\\n\\r\\n<p><strong>Google Analytics (von Dritten)</strong><br />\\r\\n&Uuml;berwachende Cookies f&uuml;r die Entwicklung von Statistiken der Webseitenverwendung; Google Analytics verwendet Cookies, die keine personenbezogenen Daten speichern und die auf dem PC des Benutzers abgelegt werden, um dem Anbieter der Webseite die M&ouml;glichkeit zu geben, Analysen zu erstellen, wie die gleichen Benutzer die Webseite benutzen. Um die Speicherung der hier vorher genannten Cookies zu verhindern, muss der Benutzer dem Vorgang in diesem Link folgen: http://www.google.com/intl/de_ALL/analytics/learn/privacy.html</p>\\r\\n\\r\\n<p><strong>Facebook (von Dritten)</strong><br />\\r\\nDiese Cookies werden verwendet, um die Werbung zu erarbeiten und zu verbessern d.h. mit Marketingstrategien, um dem Benutzer Nachrichten im Sinne seines Interesses zusenden zu k&ouml;nnen. Zus&auml;tzliche Informationen, auch in Bezug mit der Modalit&auml;t, mit der diese oben genannten Cookies deaktiviert werden k&ouml;nnen, sind im folgenden Link herunterladbar: https://www.facebook.com/help/cookies/ Um die Cookies anzuhaken/abzuhaken hier klicken: http://www.youronlinechoices.com/de/praferenzmanagement/</p>\\r\\n\\r\\n<p><strong>Adwords (von Dritten)</strong><br />\\r\\nDiese Cookies werden verwendet, um die Werbung zu erarbeiten und zu verbessern d.h. mit Marketingstrategien, um dem Benutzer Nachrichten im Sinne seines Interesses zusenden zu k&ouml;nnen. Zus&auml;tzliche Informationen, auch in Bezug mit der Modalit&auml;t, mit der diese oben genannten Cookies deaktiviert werden k&ouml;nnen, sind im folgenden Link herunterladbar: https://support.google.com/adwords/answer/2407785?hl=de um die Cookies anzuhaken/abzuhaken hier klicken: http://www.google.com/settings/ads</p>\\r\\n\\r\\n<p>&nbsp;</p>\\r\\n\\r\\n<p><strong>Wie k&ouml;nnen Cookies deaktiviert, gel&ouml;scht oder blockiert werden.</strong></p>\\r\\n\\r\\n<p>Diese von Ihnen besuchte Webseite erm&ouml;glicht die einzelnen Cookies, mit den hier folgend illustrierten Modalit&auml;ten anzuhaken/abzuhaken, jedoch mit dem Hinweis, dass im Falle einer Deaktivierung, die vollst&auml;ndige Nutzung der Webseite nicht mehr garantiert werden kann.</p>\\r\\n\\r\\n<p><strong>Firefox:</strong>&nbsp;</p>\\r\\n\\r\\n<p>&Ouml;ffnen Sie den Firefox Browser.<br />\\r\\nDr&uuml;cken Sie die &bdquo;Alt&ldquo; Taste auf Ihrer Tastatur.<br />\\r\\nW&auml;hlen Sie &bdquo;Men&uuml;&ldquo; und dann &bdquo;Optionen&ldquo; in Ihrer Funktionsleiste.<br />\\r\\nW&auml;hlen Sie den Reiter &bdquo;Privatsph&auml;re&ldquo; aus.<br />\\r\\nW&auml;hlen Sie f&uuml;r &bdquo;Firefox wird eine Chronik:&ldquo; &bdquo;nach benutzerdefinierten Einstellungen anlegen&ldquo; aus.<br />\\r\\nEntfernen Sie die Markierung &bdquo;Cookies akzeptieren&ldquo; und speichern Sie Ihre Einstellungen.</p>\\r\\n\\r\\n<p><strong>Internet Explorer:</strong><br />\\r\\n&Ouml;ffnen Sie den Internet Explorer.<br />\\r\\nKlicken Sie auf die Schaltfl&auml;che &bdquo;Extras&ldquo; und dann auf &bdquo;Internetoptionen&ldquo;.<br />\\r\\nKlicken Sie auf die Registerkarte &bdquo;Datenschutz&ldquo;.<br />\\r\\nIm Reiter &bdquo;Cookies&ldquo; k&ouml;nnen Sie die Markierung entfernen und Ihre Einstellungen speichern.</p>\\r\\n\\r\\n<p><strong>Google Chrome:&nbsp;</strong><br />\\r\\n&Ouml;ffnen Sie Google Chrome.<br />\\r\\nW&auml;hlen Sie &ldquo;Einstellungen&rdquo; aus.<br />\\r\\nKlicken Sie auf &ldquo;Erweiterte Einstellungen anzeigen&rdquo;.<br />\\r\\nKlicken Sie im Reiter &bdquo;Datenschutz&ldquo; auf &bdquo;Inhaltseinstellungen&ldquo;.<br />\\r\\nIm Abschnitt &bdquo;Cookies&ldquo; k&ouml;nnen Sie diese deaktivieren und Ihre Einstellungen speichern.</p>\\r\\n\\r\\n<p><strong>Safari:&nbsp;</strong><br />\\r\\n&Ouml;ffnen Sie Safari.<br />\\r\\nW&auml;hlen Sie &bdquo;Einstellungen&ldquo; in der Funktionsliste (graues Zahnrad in der oberen, rechten Ecke) und klicken Sie auf &bdquo;Privatsph&auml;re&ldquo;.<br />\\r\\nUnter &bdquo;Cookies akzeptieren&ldquo; k&ouml;nnen Sie spezifizieren ob und wann Safari Cookies von Websites akzeptieren soll. F&uuml;r mehr Informationen klicken Sie auf Hilfe (?).<br />\\r\\nWenn Sie mehr &uuml;ber die Cookies erfahren m&ouml;chten, die auf Ihrem Computer gespeichert werden, dann klicken Sie auf &bdquo;Cookies anzeigen&ldquo;.</p>\\r\\n\", \"subtitle\": null, \"title\": \"Informationen zur Verwendung von Cookies\", \"abstract\": null, \"display\": null, \"columns\": 2}, \"model\": \"flex.flextext\", \"pk\": 51}]','Informationen zur Verwendung von Cookies',45,71,'default'),(863,'51','json','[{\"fields\": {\"changed_date\": \"2016-11-04T09:56:22Z\", \"language\": \"de\", \"parent\": null, \"numchild\": 0, \"creation_date\": \"2016-11-04T09:56:05Z\", \"depth\": 1, \"position\": 0, \"path\": \"000P\", \"placeholder\": 4, \"plugin_type\": \"FlexTextPlugin\"}, \"model\": \"cms.cmsplugin\", \"pk\": 51}]','51',15,71,'default'),(864,'4','json','[{\"fields\": {\"slot\": \"content\", \"default_width\": null}, \"model\": \"cms.placeholder\", \"pk\": 4}]','content',1,71,'default'),(865,'13','json','[{\"fields\": {\"navigation_extenders\": null, \"site\": 1, \"application_namespace\": null, \"path\": \"0009\", \"in_navigation\": false, \"reverse_id\": null, \"login_required\": false, \"created_by\": \"maisengasse\", \"languages\": \"de\", \"publication_end_date\": null, \"template\": \"INHERIT\", \"placeholders\": [4], \"changed_date\": \"2016-11-04T09:56:05Z\", \"limit_visibility_in_menu\": null, \"parent\": null, \"numchild\": 0, \"soft_root\": false, \"is_home\": false, \"publication_date\": \"2016-11-04T09:36:08Z\", \"creation_date\": \"2016-11-04T09:35:58Z\", \"application_urls\": null, \"changed_by\": \"maisengasse\", \"xframe_options\": 0, \"depth\": 1, \"revision_id\": 0}, \"model\": \"cms.page\", \"pk\": 13}]','Cookie-Information',2,71,'default'),(866,'13','json','[{\"fields\": {\"menu_title\": \"\", \"meta_description\": \"\", \"page_title\": \"\", \"language\": \"de\", \"title\": \"Cookie-Information\", \"has_url_overwrite\": false, \"redirect\": null, \"page\": 13, \"published\": true, \"path\": \"cookies\", \"creation_date\": \"2016-11-04T09:35:58Z\", \"slug\": \"cookies\"}, \"model\": \"cms.title\", \"pk\": 13}]','Cookie-Information (cookies, de)',16,71,'default'),(867,'51','json','[{\"fields\": {\"body\": \"<p><strong>Verwendung von Cookies</strong></p>\\r\\n\\r\\n<p>Diese Webseite verwendet Cookies.<br />\\r\\nDas vorliegende Dokument informiert &uuml;ber die Verwendung und Verwaltung der Cookies.<br />\\r\\nMit der Nutzung dieser Webseite, erkl&auml;ren Sie sich mit der Verwendung der Cookies, wie in den folgenden Punkten beschrieben, einverstanden.</p>\\r\\n\\r\\n<p>&nbsp;</p>\\r\\n\\r\\n<p><strong>Informationen &uuml;ber Cookies&nbsp;</strong></p>\\r\\n\\r\\n<p>Cookies sind Textdateien, die auf Ihrem Computer gespeichert werden, wenn Sie eine Webseite besuchen. Kehren Sie auf die gleiche Webseite zur&uuml;ck, werden diese Cookies wieder an die Webseite geschickt.</p>\\r\\n\\r\\n<p>Die &quot;technischen Cookies&quot; werden u.a. f&uuml;r informatische Authentifizierungen, Aufzeichnung von Sitzungen und Speicherung von Informationen auf der Webseite verwendet (ohne die Verwendung von &quot;technischen Cookies&quot; w&auml;ren bestimmte Vorg&auml;nge auf der Webseite nicht m&ouml;glich).</p>\\r\\n\\r\\n<p>Die &quot;Tracking-Cookies&quot; (oder &quot;Profilierungs-Cookies&quot;) erlauben hingegen die Identifizierung von User-Profilen und werden verwendet um personalisierte Werbung zu schalten.</p>\\r\\n\\r\\n<p>Die Cookies k&ouml;nnen zudem in &quot;dauerhafte&quot; und &quot;Sitzungs-Cookies&quot; unterteilt werden. Die Sitzungs-Cookies werden automatisch von Ihrem Computer entfernt, sobald Sie den Browser schlie&szlig;en. Die dauerhaften Cookies bleiben auf Ihrem Computer gespeichert und werden erst entfernt, wenn sie ihr Ablaufdatum erreicht haben oder manuell gel&ouml;scht werden. Einige Cookies, die auf der Webseite verwendet werden, stammen von Drittanbietern.</p>\\r\\n\\r\\n<p>Um eine optimale Web-Navigation zu bieten, k&ouml;nnte die besuchte Webseite von allen oder von einem Teil der folgenden, eigenen und/oder von Dritten stammenden, Cookies Gebrauch machen:</p>\\r\\n\\r\\n<p>&nbsp;</p>\\r\\n\\r\\n<p><strong>Sitzungs-Cookie (lokal)</strong><br />\\r\\nEs handelt sich um einen technischen Cookie mit einer Speicherfunktion der Handlungen des Benutzers innerhalb einer Webseite. Dieser wird beim Verlassen der Webseite gel&ouml;scht. Sollte es sich um eine E-Commerce-Webseite handeln, wird dieser Cookie auch dazu verwendet, die in den Warenkorb gelegten Produkte zu speichern.</p>\\r\\n\\r\\n<p><strong>Google Analytics (von Dritten)</strong><br />\\r\\n&Uuml;berwachende Cookies f&uuml;r die Entwicklung von Statistiken der Webseitenverwendung; Google Analytics verwendet Cookies, die keine personenbezogenen Daten speichern und die auf dem PC des Benutzers abgelegt werden, um dem Anbieter der Webseite die M&ouml;glichkeit zu geben, Analysen zu erstellen, wie die gleichen Benutzer die Webseite benutzen. Um die Speicherung der hier vorher genannten Cookies zu verhindern, muss der Benutzer dem Vorgang in diesem Link folgen: http://www.google.com/intl/de_ALL/analytics/learn/privacy.html</p>\\r\\n\\r\\n<p><strong>Facebook (von Dritten)</strong><br />\\r\\nDiese Cookies werden verwendet, um die Werbung zu erarbeiten und zu verbessern d.h. mit Marketingstrategien, um dem Benutzer Nachrichten im Sinne seines Interesses zusenden zu k&ouml;nnen. Zus&auml;tzliche Informationen, auch in Bezug mit der Modalit&auml;t, mit der diese oben genannten Cookies deaktiviert werden k&ouml;nnen, sind im folgenden Link herunterladbar: https://www.facebook.com/help/cookies/ Um die Cookies anzuhaken/abzuhaken hier klicken: http://www.youronlinechoices.com/de/praferenzmanagement/</p>\\r\\n\\r\\n<p><strong>Adwords (von Dritten)</strong><br />\\r\\nDiese Cookies werden verwendet, um die Werbung zu erarbeiten und zu verbessern d.h. mit Marketingstrategien, um dem Benutzer Nachrichten im Sinne seines Interesses zusenden zu k&ouml;nnen. Zus&auml;tzliche Informationen, auch in Bezug mit der Modalit&auml;t, mit der diese oben genannten Cookies deaktiviert werden k&ouml;nnen, sind im folgenden Link herunterladbar: https://support.google.com/adwords/answer/2407785?hl=de um die Cookies anzuhaken/abzuhaken hier klicken: http://www.google.com/settings/ads</p>\\r\\n\\r\\n<p>&nbsp;</p>\\r\\n\\r\\n<p><strong>Wie k&ouml;nnen Cookies deaktiviert, gel&ouml;scht oder blockiert werden.</strong></p>\\r\\n\\r\\n<p>Diese von Ihnen besuchte Webseite erm&ouml;glicht die einzelnen Cookies, mit den hier folgend illustrierten Modalit&auml;ten anzuhaken/abzuhaken, jedoch mit dem Hinweis, dass im Falle einer Deaktivierung, die vollst&auml;ndige Nutzung der Webseite nicht mehr garantiert werden kann.</p>\\r\\n\\r\\n<p><strong>Firefox:</strong>&nbsp;</p>\\r\\n\\r\\n<p>&Ouml;ffnen Sie den Firefox Browser.<br />\\r\\nDr&uuml;cken Sie die &bdquo;Alt&ldquo; Taste auf Ihrer Tastatur.<br />\\r\\nW&auml;hlen Sie &bdquo;Men&uuml;&ldquo; und dann &bdquo;Optionen&ldquo; in Ihrer Funktionsleiste.<br />\\r\\nW&auml;hlen Sie den Reiter &bdquo;Privatsph&auml;re&ldquo; aus.<br />\\r\\nW&auml;hlen Sie f&uuml;r &bdquo;Firefox wird eine Chronik:&ldquo; &bdquo;nach benutzerdefinierten Einstellungen anlegen&ldquo; aus.<br />\\r\\nEntfernen Sie die Markierung &bdquo;Cookies akzeptieren&ldquo; und speichern Sie Ihre Einstellungen.</p>\\r\\n\\r\\n<p><strong>Internet Explorer:</strong><br />\\r\\n&Ouml;ffnen Sie den Internet Explorer.<br />\\r\\nKlicken Sie auf die Schaltfl&auml;che &bdquo;Extras&ldquo; und dann auf &bdquo;Internetoptionen&ldquo;.<br />\\r\\nKlicken Sie auf die Registerkarte &bdquo;Datenschutz&ldquo;.<br />\\r\\nIm Reiter &bdquo;Cookies&ldquo; k&ouml;nnen Sie die Markierung entfernen und Ihre Einstellungen speichern.</p>\\r\\n\\r\\n<p><strong>Google Chrome:&nbsp;</strong><br />\\r\\n&Ouml;ffnen Sie Google Chrome.<br />\\r\\nW&auml;hlen Sie &ldquo;Einstellungen&rdquo; aus.<br />\\r\\nKlicken Sie auf &ldquo;Erweiterte Einstellungen anzeigen&rdquo;.<br />\\r\\nKlicken Sie im Reiter &bdquo;Datenschutz&ldquo; auf &bdquo;Inhaltseinstellungen&ldquo;.<br />\\r\\nIm Abschnitt &bdquo;Cookies&ldquo; k&ouml;nnen Sie diese deaktivieren und Ihre Einstellungen speichern.</p>\\r\\n\\r\\n<p><strong>Safari:&nbsp;</strong><br />\\r\\n&Ouml;ffnen Sie Safari.<br />\\r\\nW&auml;hlen Sie &bdquo;Einstellungen&ldquo; in der Funktionsliste (graues Zahnrad in der oberen, rechten Ecke) und klicken Sie auf &bdquo;Privatsph&auml;re&ldquo;.<br />\\r\\nUnter &bdquo;Cookies akzeptieren&ldquo; k&ouml;nnen Sie spezifizieren ob und wann Safari Cookies von Websites akzeptieren soll. F&uuml;r mehr Informationen klicken Sie auf Hilfe (?).<br />\\r\\nWenn Sie mehr &uuml;ber die Cookies erfahren m&ouml;chten, die auf Ihrem Computer gespeichert werden, dann klicken Sie auf &bdquo;Cookies anzeigen&ldquo;.</p>\\r\\n\", \"subtitle\": null, \"title\": \"Informationen zur Verwendung von Cookies\", \"abstract\": null, \"display\": null, \"columns\": 2}, \"model\": \"flex.flextext\", \"pk\": 51}]','Informationen zur Verwendung von Cookies',45,72,'default'),(868,'51','json','[{\"fields\": {\"changed_date\": \"2016-11-04T09:56:22Z\", \"language\": \"de\", \"parent\": null, \"numchild\": 0, \"creation_date\": \"2016-11-04T09:56:05Z\", \"depth\": 1, \"position\": 0, \"path\": \"000P\", \"placeholder\": 4, \"plugin_type\": \"FlexTextPlugin\"}, \"model\": \"cms.cmsplugin\", \"pk\": 51}]','51',15,72,'default'),(869,'4','json','[{\"fields\": {\"slot\": \"content\", \"default_width\": null}, \"model\": \"cms.placeholder\", \"pk\": 4}]','content',1,72,'default'),(870,'13','json','[{\"fields\": {\"navigation_extenders\": null, \"site\": 1, \"application_namespace\": null, \"path\": \"0009\", \"in_navigation\": false, \"reverse_id\": null, \"login_required\": false, \"created_by\": \"maisengasse\", \"languages\": \"de\", \"publication_end_date\": null, \"template\": \"INHERIT\", \"placeholders\": [4], \"changed_date\": \"2016-11-04T09:58:18.113Z\", \"limit_visibility_in_menu\": null, \"parent\": null, \"numchild\": 0, \"soft_root\": false, \"is_home\": false, \"publication_date\": \"2016-11-04T09:36:08Z\", \"creation_date\": \"2016-11-04T09:35:58Z\", \"application_urls\": null, \"changed_by\": \"maisengasse\", \"xframe_options\": 0, \"depth\": 1, \"revision_id\": 0}, \"model\": \"cms.page\", \"pk\": 13}]','Cookie-Information',2,72,'default'),(871,'13','json','[{\"fields\": {\"menu_title\": \"\", \"meta_description\": \"\", \"page_title\": \"\", \"language\": \"de\", \"title\": \"Cookie-Information\", \"has_url_overwrite\": false, \"redirect\": null, \"page\": 13, \"published\": true, \"path\": \"cookies\", \"creation_date\": \"2016-11-04T09:35:58Z\", \"slug\": \"cookies\"}, \"model\": \"cms.title\", \"pk\": 13}]','Cookie-Information (cookies, de)',16,72,'default'),(872,'1','json','[{\"fields\": {\"navigation_extenders\": null, \"site\": 1, \"application_namespace\": null, \"path\": \"0001\", \"in_navigation\": false, \"reverse_id\": null, \"login_required\": false, \"created_by\": \"script\", \"languages\": \"de\", \"publication_end_date\": null, \"template\": \"default.html\", \"placeholders\": [3, 5], \"changed_date\": \"2016-11-04T09:58:18Z\", \"limit_visibility_in_menu\": null, \"parent\": null, \"numchild\": 0, \"soft_root\": false, \"is_home\": true, \"publication_date\": \"2016-05-30T14:42:50Z\", \"creation_date\": \"2016-05-17T16:12:09Z\", \"application_urls\": null, \"changed_by\": \"maisengasse\", \"xframe_options\": 0, \"depth\": 1, \"revision_id\": 0}, \"model\": \"cms.page\", \"pk\": 1}]','Startseite',2,73,'default'),(873,'3','json','[{\"fields\": {\"slot\": \"main\", \"default_width\": null}, \"model\": \"cms.placeholder\", \"pk\": 3}]','main',1,73,'default'),(874,'4','json','[{\"fields\": {\"subtitle\": \"\", \"title\": \"\", \"caption\": \"\", \"link\": \"\", \"images\": \"[{u\'id\': u\'1\'}, {u\'id\': u\'2\'}]\", \"ratio\": null, \"display\": null}, \"model\": \"flex.fleximage\", \"pk\": 4}]','4',46,73,'default'),(875,'5','json','[{\"fields\": {\"slot\": \"content\", \"default_width\": null}, \"model\": \"cms.placeholder\", \"pk\": 5}]','content',1,73,'default'),(876,'6','json','[{\"fields\": {\"division\": null, \"subtitle\": \"Untertitel\", \"title\": \"Mehrspalter\"}, \"model\": \"flex.flexsection\", \"pk\": 6}]','Mehrspalter (3 Spalten): 7, 9, 8',50,73,'default'),(877,'1','json','[{\"fields\": {\"changed_date\": \"2016-05-30T15:55:26Z\", \"language\": \"de\", \"parent\": null, \"numchild\": 0, \"creation_date\": \"2016-05-30T15:02:09Z\", \"depth\": 1, \"position\": 1, \"path\": \"0001\", \"placeholder\": 3, \"plugin_type\": \"FlexTextPlugin\"}, \"model\": \"cms.cmsplugin\", \"pk\": 1}]','1',15,73,'default'),(878,'8','json','[{\"fields\": {\"subtitle\": null, \"title\": null, \"caption\": null, \"link\": null, \"images\": \"[{\'id\': 1}]\", \"ratio\": null, \"display\": null}, \"model\": \"flex.fleximage\", \"pk\": 8}]','8',46,73,'default'),(879,'9','json','[{\"fields\": {\"subtitle\": null, \"title\": null, \"caption\": null, \"link\": null, \"images\": \"[{\'id\': 1}]\", \"ratio\": null, \"display\": null}, \"model\": \"flex.fleximage\", \"pk\": 9}]','9',46,73,'default'),(880,'10','json','[{\"fields\": {\"code\": \"<pre>Quellcode</pre>\", \"subtitle\": \"Untertitel\", \"title\": \"Quellcode\"}, \"model\": \"flex.flexcode\", \"pk\": 10}]','Quellcode',48,73,'default'),(881,'11','json','[{\"fields\": {\"fullscreen\": true, \"subtitle\": \"Untertitel\", \"title\": \"HTML5 Video\", \"mp4_url\": \"http://techslides.com/demos/sample-videos/small.mp4\", \"image\": \"[{u\'id\': u\'1\'}]\", \"auto_play\": false, \"mp4_file\": null, \"webm_file\": null, \"width\": 800, \"auto_hide\": false, \"ogv_file\": null, \"webm_url\": \"\", \"height\": 600, \"ogv_url\": \"\", \"loop\": false}, \"model\": \"flex.flexvideo\", \"pk\": 11}]','HTML5 Video',49,73,'default'),(882,'4','json','[{\"fields\": {\"changed_date\": \"2016-05-30T15:55:26Z\", \"language\": \"de\", \"parent\": null, \"numchild\": 0, \"creation_date\": \"2016-05-30T15:09:24Z\", \"depth\": 1, \"position\": 0, \"path\": \"0003\", \"placeholder\": 3, \"plugin_type\": \"FlexImagePlugin\"}, \"model\": \"cms.cmsplugin\", \"pk\": 4}]','4',15,73,'default'),(883,'1','json','[{\"fields\": {\"body\": \"<p>Lorem ipsum dolor sit amet, consetetur sadipscing elitr, sed diam nonumy eirmod tempor invidunt ut labore et dolore magna aliquyam erat, sed diam voluptua. At vero eos et accusam et justo duo dolores et ea rebum. Stet clita kasd gubergren, no sea takimata sanctus est Lorem ipsum dolor sit amet. Lorem ipsum dolor sit amet, consetetur sadipscing elitr, sed diam nonumy eirmod tempor invidunt ut labore et dolore magna aliquyam erat, sed diam voluptua. At vero eos et accusam et justo duo dolores et ea rebum. Stet clita kasd gubergren, no sea takimata sanctus est Lorem ipsum dolor sit amet. Lorem ipsum dolor sit amet, consetetur sadipscing elitr, sed diam nonumy eirmod tempor invidunt ut labore et dolore magna aliquyam erat, sed diam voluptua. At vero eos et accusam et justo duo dolores et ea rebum. Stet clita kasd gubergren, no sea takimata sanctus est Lorem ipsum dolor sit amet. &nbsp;&nbsp;</p>\\r\\n\\r\\n<p>Duis autem vel eum iriure dolor in hendrerit in vulputate velit esse molestie consequat, vel illum dolore eu feugiat nulla facilisis at vero eros et accumsan et iusto odio dignissim qui blandit praesent luptatum zzril delenit augue duis dolore te feugait nulla facilisi. Lorem ipsum dolor sit amet,</p>\\r\\n\", \"subtitle\": \"Untertitel\", \"title\": \"Text mit 2 Spalten\", \"abstract\": null, \"display\": null, \"columns\": 2}, \"model\": \"flex.flextext\", \"pk\": 1}]','Text mit 2 Spalten',45,73,'default'),(884,'6','json','[{\"fields\": {\"changed_date\": \"2016-05-30T15:58:16Z\", \"language\": \"de\", \"parent\": null, \"numchild\": 3, \"creation_date\": \"2016-05-30T15:33:13Z\", \"depth\": 1, \"position\": 3, \"path\": \"0004\", \"placeholder\": 3, \"plugin_type\": \"FlexSectionPlugin\"}, \"model\": \"cms.cmsplugin\", \"pk\": 6}]','6',15,73,'default'),(885,'38','json','[{\"fields\": {\"subtitle\": \"\", \"title\": \"\", \"caption\": \"\", \"link\": \"\", \"images\": \"[{u\'id\': u\'1\'}, {u\'id\': u\'2\'}]\", \"ratio\": null, \"display\": null}, \"model\": \"flex.fleximage\", \"pk\": 38}]','38',46,73,'default'),(886,'39','json','[{\"fields\": {\"body\": \"<p>Inhaltstext, Inhaltstext, Inhaltstext</p>\\r\\n\", \"subtitle\": \"Untertitel\", \"title\": \"Titel\", \"abstract\": null, \"display\": null, \"columns\": 1}, \"model\": \"flex.flextext\", \"pk\": 39}]','Titel',45,73,'default'),(887,'7','json','[{\"fields\": {\"subtitle\": null, \"title\": null, \"caption\": null, \"link\": null, \"images\": \"[{\'id\': 1}]\", \"ratio\": null, \"display\": null}, \"model\": \"flex.fleximage\", \"pk\": 7}]','7',46,73,'default'),(888,'8','json','[{\"fields\": {\"changed_date\": \"2016-05-30T15:55:22Z\", \"language\": \"de\", \"parent\": 6, \"numchild\": 0, \"creation_date\": \"2016-05-30T15:35:09Z\", \"depth\": 2, \"position\": 3, \"path\": \"00040002\", \"placeholder\": 3, \"plugin_type\": \"FlexImagePlugin\"}, \"model\": \"cms.cmsplugin\", \"pk\": 8}]','8',15,73,'default'),(889,'1','json','[{\"fields\": {\"menu_title\": null, \"meta_description\": null, \"page_title\": null, \"language\": \"de\", \"title\": \"Startseite\", \"has_url_overwrite\": false, \"redirect\": null, \"page\": 1, \"published\": true, \"path\": \"\", \"creation_date\": \"2016-05-17T16:12:09Z\", \"slug\": \"startseite\"}, \"model\": \"cms.title\", \"pk\": 1}]','Startseite (startseite, de)',16,73,'default'),(890,'53','json','[{\"fields\": {\"changed_date\": \"2016-11-04T10:21:06Z\", \"language\": \"de\", \"parent\": null, \"numchild\": 0, \"creation_date\": \"2016-11-04T10:21:06Z\", \"depth\": 1, \"position\": 0, \"path\": \"000R\", \"placeholder\": 5, \"plugin_type\": \"FlexImagePlugin\"}, \"model\": \"cms.cmsplugin\", \"pk\": 53}]','53',15,73,'default'),(891,'9','json','[{\"fields\": {\"changed_date\": \"2016-05-30T15:55:22Z\", \"language\": \"de\", \"parent\": 6, \"numchild\": 0, \"creation_date\": \"2016-05-30T15:35:09Z\", \"depth\": 2, \"position\": 1, \"path\": \"00040004\", \"placeholder\": 3, \"plugin_type\": \"FlexImagePlugin\"}, \"model\": \"cms.cmsplugin\", \"pk\": 9}]','9',15,73,'default'),(892,'10','json','[{\"fields\": {\"changed_date\": \"2016-05-30T15:55:26Z\", \"language\": \"de\", \"parent\": null, \"numchild\": 0, \"creation_date\": \"2016-05-30T15:39:12Z\", \"depth\": 1, \"position\": 2, \"path\": \"000C\", \"placeholder\": 3, \"plugin_type\": \"FlexCodePlugin\"}, \"model\": \"cms.cmsplugin\", \"pk\": 10}]','10',15,73,'default'),(893,'53','json','[{\"fields\": {\"subtitle\": null, \"title\": \"Willkommen\", \"caption\": \"\", \"link\": \"\", \"images\": \"[{u\'caption\': u\'\', u\'id\': u\'1\'}]\", \"ratio\": null, \"display\": null}, \"model\": \"flex.fleximage\", \"pk\": 53}]','Willkommen',46,73,'default'),(894,'11','json','[{\"fields\": {\"changed_date\": \"2016-05-30T15:55:26Z\", \"language\": \"de\", \"parent\": null, \"numchild\": 0, \"creation_date\": \"2016-05-30T15:40:25Z\", \"depth\": 1, \"position\": 4, \"path\": \"0006\", \"placeholder\": 3, \"plugin_type\": \"FlexVideoPlugin\"}, \"model\": \"cms.cmsplugin\", \"pk\": 11}]','11',15,73,'default'),(895,'7','json','[{\"fields\": {\"changed_date\": \"2016-05-30T15:55:22Z\", \"language\": \"de\", \"parent\": 6, \"numchild\": 0, \"creation_date\": \"2016-05-30T15:35:09Z\", \"depth\": 2, \"position\": 0, \"path\": \"00040001\", \"placeholder\": 3, \"plugin_type\": \"FlexImagePlugin\"}, \"model\": \"cms.cmsplugin\", \"pk\": 7}]','7',15,73,'default'),(896,'37','json','[{\"fields\": {\"division\": \"broad-left\", \"subtitle\": \"Untertitel\", \"title\": \"Mehrspalter 66% zu 33%\"}, \"model\": \"flex.flexsection\", \"pk\": 37}]','Mehrspalter 66% zu 33% (2 Spalten): 38, Titel',50,73,'default'),(897,'37','json','[{\"fields\": {\"changed_date\": \"2016-05-30T16:03:30Z\", \"language\": \"de\", \"parent\": null, \"numchild\": 2, \"creation_date\": \"2016-05-30T16:00:45Z\", \"depth\": 1, \"position\": 8, \"path\": \"000I\", \"placeholder\": 3, \"plugin_type\": \"FlexSectionPlugin\"}, \"model\": \"cms.cmsplugin\", \"pk\": 37}]','37',15,73,'default'),(898,'38','json','[{\"fields\": {\"changed_date\": \"2016-05-30T16:01:45Z\", \"language\": \"de\", \"parent\": 37, \"numchild\": 0, \"creation_date\": \"2016-05-30T16:01:28Z\", \"depth\": 2, \"position\": 0, \"path\": \"000I0001\", \"placeholder\": 3, \"plugin_type\": \"FlexImagePlugin\"}, \"model\": \"cms.cmsplugin\", \"pk\": 38}]','38',15,73,'default'),(899,'39','json','[{\"fields\": {\"changed_date\": \"2016-05-30T16:01:58Z\", \"language\": \"de\", \"parent\": 37, \"numchild\": 0, \"creation_date\": \"2016-05-30T16:01:28Z\", \"depth\": 2, \"position\": 1, \"path\": \"000I0002\", \"placeholder\": 3, \"plugin_type\": \"FlexTextPlugin\"}, \"model\": \"cms.cmsplugin\", \"pk\": 39}]','39',15,73,'default'),(900,'1','json','[{\"fields\": {\"navigation_extenders\": null, \"site\": 1, \"application_namespace\": null, \"path\": \"0001\", \"in_navigation\": false, \"reverse_id\": null, \"login_required\": false, \"created_by\": \"script\", \"languages\": \"de\", \"publication_end_date\": null, \"template\": \"default.html\", \"placeholders\": [3, 5], \"changed_date\": \"2016-11-04T10:21:06Z\", \"limit_visibility_in_menu\": null, \"parent\": null, \"numchild\": 0, \"soft_root\": false, \"is_home\": true, \"publication_date\": \"2016-05-30T14:42:50Z\", \"creation_date\": \"2016-05-17T16:12:09Z\", \"application_urls\": null, \"changed_by\": \"maisengasse\", \"xframe_options\": 0, \"depth\": 1, \"revision_id\": 0}, \"model\": \"cms.page\", \"pk\": 1}]','Startseite',2,74,'default'),(901,'3','json','[{\"fields\": {\"slot\": \"main\", \"default_width\": null}, \"model\": \"cms.placeholder\", \"pk\": 3}]','main',1,74,'default'),(902,'4','json','[{\"fields\": {\"subtitle\": \"\", \"title\": \"\", \"caption\": \"\", \"link\": \"\", \"images\": \"[{u\'id\': u\'1\'}, {u\'id\': u\'2\'}]\", \"ratio\": null, \"display\": null}, \"model\": \"flex.fleximage\", \"pk\": 4}]','4',46,74,'default'),(903,'5','json','[{\"fields\": {\"slot\": \"content\", \"default_width\": null}, \"model\": \"cms.placeholder\", \"pk\": 5}]','content',1,74,'default'),(904,'6','json','[{\"fields\": {\"division\": null, \"subtitle\": \"Untertitel\", \"title\": \"Mehrspalter\"}, \"model\": \"flex.flexsection\", \"pk\": 6}]','Mehrspalter (3 Spalten): 7, 9, 8',50,74,'default'),(905,'1','json','[{\"fields\": {\"changed_date\": \"2016-05-30T15:55:26Z\", \"language\": \"de\", \"parent\": null, \"numchild\": 0, \"creation_date\": \"2016-05-30T15:02:09Z\", \"depth\": 1, \"position\": 1, \"path\": \"0001\", \"placeholder\": 3, \"plugin_type\": \"FlexTextPlugin\"}, \"model\": \"cms.cmsplugin\", \"pk\": 1}]','1',15,74,'default'),(906,'8','json','[{\"fields\": {\"subtitle\": null, \"title\": null, \"caption\": null, \"link\": null, \"images\": \"[{\'id\': 1}]\", \"ratio\": null, \"display\": null}, \"model\": \"flex.fleximage\", \"pk\": 8}]','8',46,74,'default'),(907,'9','json','[{\"fields\": {\"subtitle\": null, \"title\": null, \"caption\": null, \"link\": null, \"images\": \"[{\'id\': 1}]\", \"ratio\": null, \"display\": null}, \"model\": \"flex.fleximage\", \"pk\": 9}]','9',46,74,'default'),(908,'10','json','[{\"fields\": {\"code\": \"<pre>Quellcode</pre>\", \"subtitle\": \"Untertitel\", \"title\": \"Quellcode\"}, \"model\": \"flex.flexcode\", \"pk\": 10}]','Quellcode',48,74,'default'),(909,'11','json','[{\"fields\": {\"fullscreen\": true, \"subtitle\": \"Untertitel\", \"title\": \"HTML5 Video\", \"mp4_url\": \"http://techslides.com/demos/sample-videos/small.mp4\", \"image\": \"[{u\'id\': u\'1\'}]\", \"auto_play\": false, \"mp4_file\": null, \"webm_file\": null, \"width\": 800, \"auto_hide\": false, \"ogv_file\": null, \"webm_url\": \"\", \"height\": 600, \"ogv_url\": \"\", \"loop\": false}, \"model\": \"flex.flexvideo\", \"pk\": 11}]','HTML5 Video',49,74,'default'),(910,'4','json','[{\"fields\": {\"changed_date\": \"2016-05-30T15:55:26Z\", \"language\": \"de\", \"parent\": null, \"numchild\": 0, \"creation_date\": \"2016-05-30T15:09:24Z\", \"depth\": 1, \"position\": 0, \"path\": \"0003\", \"placeholder\": 3, \"plugin_type\": \"FlexImagePlugin\"}, \"model\": \"cms.cmsplugin\", \"pk\": 4}]','4',15,74,'default'),(911,'1','json','[{\"fields\": {\"body\": \"<p>Lorem ipsum dolor sit amet, consetetur sadipscing elitr, sed diam nonumy eirmod tempor invidunt ut labore et dolore magna aliquyam erat, sed diam voluptua. At vero eos et accusam et justo duo dolores et ea rebum. Stet clita kasd gubergren, no sea takimata sanctus est Lorem ipsum dolor sit amet. Lorem ipsum dolor sit amet, consetetur sadipscing elitr, sed diam nonumy eirmod tempor invidunt ut labore et dolore magna aliquyam erat, sed diam voluptua. At vero eos et accusam et justo duo dolores et ea rebum. Stet clita kasd gubergren, no sea takimata sanctus est Lorem ipsum dolor sit amet. Lorem ipsum dolor sit amet, consetetur sadipscing elitr, sed diam nonumy eirmod tempor invidunt ut labore et dolore magna aliquyam erat, sed diam voluptua. At vero eos et accusam et justo duo dolores et ea rebum. Stet clita kasd gubergren, no sea takimata sanctus est Lorem ipsum dolor sit amet. &nbsp;&nbsp;</p>\\r\\n\\r\\n<p>Duis autem vel eum iriure dolor in hendrerit in vulputate velit esse molestie consequat, vel illum dolore eu feugiat nulla facilisis at vero eros et accumsan et iusto odio dignissim qui blandit praesent luptatum zzril delenit augue duis dolore te feugait nulla facilisi. Lorem ipsum dolor sit amet,</p>\\r\\n\", \"subtitle\": \"Untertitel\", \"title\": \"Text mit 2 Spalten\", \"abstract\": null, \"display\": null, \"columns\": 2}, \"model\": \"flex.flextext\", \"pk\": 1}]','Text mit 2 Spalten',45,74,'default'),(912,'37','json','[{\"fields\": {\"changed_date\": \"2016-05-30T16:03:30Z\", \"language\": \"de\", \"parent\": null, \"numchild\": 2, \"creation_date\": \"2016-05-30T16:00:45Z\", \"depth\": 1, \"position\": 8, \"path\": \"000I\", \"placeholder\": 3, \"plugin_type\": \"FlexSectionPlugin\"}, \"model\": \"cms.cmsplugin\", \"pk\": 37}]','37',15,74,'default'),(913,'38','json','[{\"fields\": {\"subtitle\": \"\", \"title\": \"\", \"caption\": \"\", \"link\": \"\", \"images\": \"[{u\'id\': u\'1\'}, {u\'id\': u\'2\'}]\", \"ratio\": null, \"display\": null}, \"model\": \"flex.fleximage\", \"pk\": 38}]','38',46,74,'default'),(914,'39','json','[{\"fields\": {\"body\": \"<p>Inhaltstext, Inhaltstext, Inhaltstext</p>\\r\\n\", \"subtitle\": \"Untertitel\", \"title\": \"Titel\", \"abstract\": null, \"display\": null, \"columns\": 1}, \"model\": \"flex.flextext\", \"pk\": 39}]','Titel',45,74,'default'),(915,'7','json','[{\"fields\": {\"subtitle\": null, \"title\": null, \"caption\": null, \"link\": null, \"images\": \"[{\'id\': 1}]\", \"ratio\": null, \"display\": null}, \"model\": \"flex.fleximage\", \"pk\": 7}]','7',46,74,'default'),(916,'8','json','[{\"fields\": {\"changed_date\": \"2016-05-30T15:55:22Z\", \"language\": \"de\", \"parent\": 6, \"numchild\": 0, \"creation_date\": \"2016-05-30T15:35:09Z\", \"depth\": 2, \"position\": 3, \"path\": \"00040002\", \"placeholder\": 3, \"plugin_type\": \"FlexImagePlugin\"}, \"model\": \"cms.cmsplugin\", \"pk\": 8}]','8',15,74,'default'),(917,'1','json','[{\"fields\": {\"menu_title\": null, \"meta_description\": null, \"page_title\": null, \"language\": \"de\", \"title\": \"Startseite\", \"has_url_overwrite\": false, \"redirect\": null, \"page\": 1, \"published\": true, \"path\": \"\", \"creation_date\": \"2016-05-17T16:12:09Z\", \"slug\": \"startseite\"}, \"model\": \"cms.title\", \"pk\": 1}]','Startseite (startseite, de)',16,74,'default'),(918,'53','json','[{\"fields\": {\"subtitle\": null, \"title\": \"Willkommen\", \"caption\": \"\", \"link\": \"\", \"images\": \"[{u\'caption\': u\'\', u\'id\': u\'1\'}]\", \"ratio\": null, \"display\": null}, \"model\": \"flex.fleximage\", \"pk\": 53}]','Willkommen',46,74,'default'),(919,'54','json','[{\"fields\": {\"division\": null, \"subtitle\": null, \"title\": \"\"}, \"model\": \"flex.flexsection\", \"pk\": 54}]','(kein Titel) (3 Spalten): Inhaltstext, Inhaltstext, Inhaltstext, Inhaltstext, Inhaltstext, Inhaltstext, Inhaltstext, Inhaltstext, Inhaltstext',50,74,'default'),(920,'9','json','[{\"fields\": {\"changed_date\": \"2016-05-30T15:55:22Z\", \"language\": \"de\", \"parent\": 6, \"numchild\": 0, \"creation_date\": \"2016-05-30T15:35:09Z\", \"depth\": 2, \"position\": 1, \"path\": \"00040004\", \"placeholder\": 3, \"plugin_type\": \"FlexImagePlugin\"}, \"model\": \"cms.cmsplugin\", \"pk\": 9}]','9',15,74,'default'),(921,'56','json','[{\"fields\": {\"body\": \"<p>Inhaltstext, Inhaltstext, Inhaltstext</p>\", \"subtitle\": null, \"title\": null, \"caption\": null, \"link\": null, \"images\": \"[{\'id\': 1}]\", \"ratio\": null, \"display\": null, \"columns\": 1}, \"model\": \"flex.flextextimage\", \"pk\": 56}]','Inhaltstext, Inhaltstext, Inhaltstext',47,74,'default'),(922,'57','json','[{\"fields\": {\"body\": \"<p>Inhaltstext, Inhaltstext, Inhaltstext</p>\", \"subtitle\": null, \"title\": null, \"caption\": null, \"link\": null, \"images\": \"[{\'id\': 1}]\", \"ratio\": null, \"display\": null, \"columns\": 1}, \"model\": \"flex.flextextimage\", \"pk\": 57}]','Inhaltstext, Inhaltstext, Inhaltstext',47,74,'default'),(923,'6','json','[{\"fields\": {\"changed_date\": \"2016-05-30T15:58:16Z\", \"language\": \"de\", \"parent\": null, \"numchild\": 3, \"creation_date\": \"2016-05-30T15:33:13Z\", \"depth\": 1, \"position\": 3, \"path\": \"0004\", \"placeholder\": 3, \"plugin_type\": \"FlexSectionPlugin\"}, \"model\": \"cms.cmsplugin\", \"pk\": 6}]','6',15,74,'default'),(924,'10','json','[{\"fields\": {\"changed_date\": \"2016-05-30T15:55:26Z\", \"language\": \"de\", \"parent\": null, \"numchild\": 0, \"creation_date\": \"2016-05-30T15:39:12Z\", \"depth\": 1, \"position\": 2, \"path\": \"000C\", \"placeholder\": 3, \"plugin_type\": \"FlexCodePlugin\"}, \"model\": \"cms.cmsplugin\", \"pk\": 10}]','10',15,74,'default'),(925,'53','json','[{\"fields\": {\"changed_date\": \"2016-11-04T10:21:06Z\", \"language\": \"de\", \"parent\": null, \"numchild\": 0, \"creation_date\": \"2016-11-04T10:21:06Z\", \"depth\": 1, \"position\": 0, \"path\": \"000R\", \"placeholder\": 5, \"plugin_type\": \"FlexImagePlugin\"}, \"model\": \"cms.cmsplugin\", \"pk\": 53}]','53',15,74,'default'),(926,'11','json','[{\"fields\": {\"changed_date\": \"2016-05-30T15:55:26Z\", \"language\": \"de\", \"parent\": null, \"numchild\": 0, \"creation_date\": \"2016-05-30T15:40:25Z\", \"depth\": 1, \"position\": 4, \"path\": \"0006\", \"placeholder\": 3, \"plugin_type\": \"FlexVideoPlugin\"}, \"model\": \"cms.cmsplugin\", \"pk\": 11}]','11',15,74,'default'),(927,'54','json','[{\"fields\": {\"changed_date\": \"2016-11-04T10:21:38Z\", \"language\": \"de\", \"parent\": null, \"numchild\": 3, \"creation_date\": \"2016-11-04T10:21:38Z\", \"depth\": 1, \"position\": 1, \"path\": \"000S\", \"placeholder\": 5, \"plugin_type\": \"FlexSectionPlugin\"}, \"model\": \"cms.cmsplugin\", \"pk\": 54}]','54',15,74,'default'),(928,'55','json','[{\"fields\": {\"body\": \"<p>Inhaltstext, Inhaltstext, Inhaltstext</p>\", \"subtitle\": null, \"title\": null, \"caption\": null, \"link\": null, \"images\": \"[{\'id\': 1}]\", \"ratio\": null, \"display\": null, \"columns\": 1}, \"model\": \"flex.flextextimage\", \"pk\": 55}]','Inhaltstext, Inhaltstext, Inhaltstext',47,74,'default'),(929,'56','json','[{\"fields\": {\"changed_date\": \"2016-11-04T10:21:38Z\", \"language\": \"de\", \"parent\": 54, \"numchild\": 0, \"creation_date\": \"2016-11-04T10:21:38Z\", \"depth\": 2, \"position\": 1, \"path\": \"000S0002\", \"placeholder\": 5, \"plugin_type\": \"FlexTextImagePlugin\"}, \"model\": \"cms.cmsplugin\", \"pk\": 56}]','56',15,74,'default'),(930,'57','json','[{\"fields\": {\"changed_date\": \"2016-11-04T10:21:38Z\", \"language\": \"de\", \"parent\": 54, \"numchild\": 0, \"creation_date\": \"2016-11-04T10:21:38Z\", \"depth\": 2, \"position\": 2, \"path\": \"000S0003\", \"placeholder\": 5, \"plugin_type\": \"FlexTextImagePlugin\"}, \"model\": \"cms.cmsplugin\", \"pk\": 57}]','57',15,74,'default'),(931,'7','json','[{\"fields\": {\"changed_date\": \"2016-05-30T15:55:22Z\", \"language\": \"de\", \"parent\": 6, \"numchild\": 0, \"creation_date\": \"2016-05-30T15:35:09Z\", \"depth\": 2, \"position\": 0, \"path\": \"00040001\", \"placeholder\": 3, \"plugin_type\": \"FlexImagePlugin\"}, \"model\": \"cms.cmsplugin\", \"pk\": 7}]','7',15,74,'default'),(932,'37','json','[{\"fields\": {\"division\": \"broad-left\", \"subtitle\": \"Untertitel\", \"title\": \"Mehrspalter 66% zu 33%\"}, \"model\": \"flex.flexsection\", \"pk\": 37}]','Mehrspalter 66% zu 33% (2 Spalten): 38, Titel',50,74,'default'),(933,'38','json','[{\"fields\": {\"changed_date\": \"2016-05-30T16:01:45Z\", \"language\": \"de\", \"parent\": 37, \"numchild\": 0, \"creation_date\": \"2016-05-30T16:01:28Z\", \"depth\": 2, \"position\": 0, \"path\": \"000I0001\", \"placeholder\": 3, \"plugin_type\": \"FlexImagePlugin\"}, \"model\": \"cms.cmsplugin\", \"pk\": 38}]','38',15,74,'default'),(934,'39','json','[{\"fields\": {\"changed_date\": \"2016-05-30T16:01:58Z\", \"language\": \"de\", \"parent\": 37, \"numchild\": 0, \"creation_date\": \"2016-05-30T16:01:28Z\", \"depth\": 2, \"position\": 1, \"path\": \"000I0002\", \"placeholder\": 3, \"plugin_type\": \"FlexTextPlugin\"}, \"model\": \"cms.cmsplugin\", \"pk\": 39}]','39',15,74,'default'),(935,'55','json','[{\"fields\": {\"changed_date\": \"2016-11-04T10:21:38Z\", \"language\": \"de\", \"parent\": 54, \"numchild\": 0, \"creation_date\": \"2016-11-04T10:21:38Z\", \"depth\": 2, \"position\": 0, \"path\": \"000S0001\", \"placeholder\": 5, \"plugin_type\": \"FlexTextImagePlugin\"}, \"model\": \"cms.cmsplugin\", \"pk\": 55}]','55',15,74,'default'),(936,'1','json','[{\"fields\": {\"navigation_extenders\": null, \"site\": 1, \"application_namespace\": null, \"path\": \"0001\", \"in_navigation\": false, \"reverse_id\": null, \"login_required\": false, \"created_by\": \"script\", \"languages\": \"de\", \"publication_end_date\": null, \"template\": \"default.html\", \"placeholders\": [3, 5], \"changed_date\": \"2016-11-04T10:21:38Z\", \"limit_visibility_in_menu\": null, \"parent\": null, \"numchild\": 0, \"soft_root\": false, \"is_home\": true, \"publication_date\": \"2016-05-30T14:42:50Z\", \"creation_date\": \"2016-05-17T16:12:09Z\", \"application_urls\": null, \"changed_by\": \"maisengasse\", \"xframe_options\": 0, \"depth\": 1, \"revision_id\": 0}, \"model\": \"cms.page\", \"pk\": 1}]','Startseite',2,75,'default'),(937,'3','json','[{\"fields\": {\"slot\": \"main\", \"default_width\": null}, \"model\": \"cms.placeholder\", \"pk\": 3}]','main',1,75,'default'),(938,'4','json','[{\"fields\": {\"subtitle\": \"\", \"title\": \"\", \"caption\": \"\", \"link\": \"\", \"images\": \"[{u\'id\': u\'1\'}, {u\'id\': u\'2\'}]\", \"ratio\": null, \"display\": null}, \"model\": \"flex.fleximage\", \"pk\": 4}]','4',46,75,'default'),(939,'5','json','[{\"fields\": {\"slot\": \"content\", \"default_width\": null}, \"model\": \"cms.placeholder\", \"pk\": 5}]','content',1,75,'default'),(940,'6','json','[{\"fields\": {\"division\": null, \"subtitle\": \"Untertitel\", \"title\": \"Mehrspalter\"}, \"model\": \"flex.flexsection\", \"pk\": 6}]','Mehrspalter (3 Spalten): 7, 9, 8',50,75,'default'),(941,'1','json','[{\"fields\": {\"changed_date\": \"2016-05-30T15:55:26Z\", \"language\": \"de\", \"parent\": null, \"numchild\": 0, \"creation_date\": \"2016-05-30T15:02:09Z\", \"depth\": 1, \"position\": 1, \"path\": \"0001\", \"placeholder\": 3, \"plugin_type\": \"FlexTextPlugin\"}, \"model\": \"cms.cmsplugin\", \"pk\": 1}]','1',15,75,'default'),(942,'8','json','[{\"fields\": {\"subtitle\": null, \"title\": null, \"caption\": null, \"link\": null, \"images\": \"[{\'id\': 1}]\", \"ratio\": null, \"display\": null}, \"model\": \"flex.fleximage\", \"pk\": 8}]','8',46,75,'default'),(943,'9','json','[{\"fields\": {\"subtitle\": null, \"title\": null, \"caption\": null, \"link\": null, \"images\": \"[{\'id\': 1}]\", \"ratio\": null, \"display\": null}, \"model\": \"flex.fleximage\", \"pk\": 9}]','9',46,75,'default'),(944,'10','json','[{\"fields\": {\"code\": \"<pre>Quellcode</pre>\", \"subtitle\": \"Untertitel\", \"title\": \"Quellcode\"}, \"model\": \"flex.flexcode\", \"pk\": 10}]','Quellcode',48,75,'default'),(945,'11','json','[{\"fields\": {\"fullscreen\": true, \"subtitle\": \"Untertitel\", \"title\": \"HTML5 Video\", \"mp4_url\": \"http://techslides.com/demos/sample-videos/small.mp4\", \"image\": \"[{u\'id\': u\'1\'}]\", \"auto_play\": false, \"mp4_file\": null, \"webm_file\": null, \"width\": 800, \"auto_hide\": false, \"ogv_file\": null, \"webm_url\": \"\", \"height\": 600, \"ogv_url\": \"\", \"loop\": false}, \"model\": \"flex.flexvideo\", \"pk\": 11}]','HTML5 Video',49,75,'default'),(946,'4','json','[{\"fields\": {\"changed_date\": \"2016-05-30T15:55:26Z\", \"language\": \"de\", \"parent\": null, \"numchild\": 0, \"creation_date\": \"2016-05-30T15:09:24Z\", \"depth\": 1, \"position\": 0, \"path\": \"0003\", \"placeholder\": 3, \"plugin_type\": \"FlexImagePlugin\"}, \"model\": \"cms.cmsplugin\", \"pk\": 4}]','4',15,75,'default'),(947,'1','json','[{\"fields\": {\"body\": \"<p>Lorem ipsum dolor sit amet, consetetur sadipscing elitr, sed diam nonumy eirmod tempor invidunt ut labore et dolore magna aliquyam erat, sed diam voluptua. At vero eos et accusam et justo duo dolores et ea rebum. Stet clita kasd gubergren, no sea takimata sanctus est Lorem ipsum dolor sit amet. Lorem ipsum dolor sit amet, consetetur sadipscing elitr, sed diam nonumy eirmod tempor invidunt ut labore et dolore magna aliquyam erat, sed diam voluptua. At vero eos et accusam et justo duo dolores et ea rebum. Stet clita kasd gubergren, no sea takimata sanctus est Lorem ipsum dolor sit amet. Lorem ipsum dolor sit amet, consetetur sadipscing elitr, sed diam nonumy eirmod tempor invidunt ut labore et dolore magna aliquyam erat, sed diam voluptua. At vero eos et accusam et justo duo dolores et ea rebum. Stet clita kasd gubergren, no sea takimata sanctus est Lorem ipsum dolor sit amet. &nbsp;&nbsp;</p>\\r\\n\\r\\n<p>Duis autem vel eum iriure dolor in hendrerit in vulputate velit esse molestie consequat, vel illum dolore eu feugiat nulla facilisis at vero eros et accumsan et iusto odio dignissim qui blandit praesent luptatum zzril delenit augue duis dolore te feugait nulla facilisi. Lorem ipsum dolor sit amet,</p>\\r\\n\", \"subtitle\": \"Untertitel\", \"title\": \"Text mit 2 Spalten\", \"abstract\": null, \"display\": null, \"columns\": 2}, \"model\": \"flex.flextext\", \"pk\": 1}]','Text mit 2 Spalten',45,75,'default'),(948,'37','json','[{\"fields\": {\"changed_date\": \"2016-05-30T16:03:30Z\", \"language\": \"de\", \"parent\": null, \"numchild\": 2, \"creation_date\": \"2016-05-30T16:00:45Z\", \"depth\": 1, \"position\": 8, \"path\": \"000I\", \"placeholder\": 3, \"plugin_type\": \"FlexSectionPlugin\"}, \"model\": \"cms.cmsplugin\", \"pk\": 37}]','37',15,75,'default'),(949,'38','json','[{\"fields\": {\"subtitle\": \"\", \"title\": \"\", \"caption\": \"\", \"link\": \"\", \"images\": \"[{u\'id\': u\'1\'}, {u\'id\': u\'2\'}]\", \"ratio\": null, \"display\": null}, \"model\": \"flex.fleximage\", \"pk\": 38}]','38',46,75,'default'),(950,'39','json','[{\"fields\": {\"body\": \"<p>Inhaltstext, Inhaltstext, Inhaltstext</p>\\r\\n\", \"subtitle\": \"Untertitel\", \"title\": \"Titel\", \"abstract\": null, \"display\": null, \"columns\": 1}, \"model\": \"flex.flextext\", \"pk\": 39}]','Titel',45,75,'default'),(951,'7','json','[{\"fields\": {\"subtitle\": null, \"title\": null, \"caption\": null, \"link\": null, \"images\": \"[{\'id\': 1}]\", \"ratio\": null, \"display\": null}, \"model\": \"flex.fleximage\", \"pk\": 7}]','7',46,75,'default'),(952,'8','json','[{\"fields\": {\"changed_date\": \"2016-05-30T15:55:22Z\", \"language\": \"de\", \"parent\": 6, \"numchild\": 0, \"creation_date\": \"2016-05-30T15:35:09Z\", \"depth\": 2, \"position\": 3, \"path\": \"00040002\", \"placeholder\": 3, \"plugin_type\": \"FlexImagePlugin\"}, \"model\": \"cms.cmsplugin\", \"pk\": 8}]','8',15,75,'default'),(953,'1','json','[{\"fields\": {\"menu_title\": null, \"meta_description\": null, \"page_title\": null, \"language\": \"de\", \"title\": \"Startseite\", \"has_url_overwrite\": false, \"redirect\": null, \"page\": 1, \"published\": true, \"path\": \"\", \"creation_date\": \"2016-05-17T16:12:09Z\", \"slug\": \"startseite\"}, \"model\": \"cms.title\", \"pk\": 1}]','Startseite (startseite, de)',16,75,'default'),(954,'53','json','[{\"fields\": {\"subtitle\": null, \"title\": \"Willkommen\", \"caption\": \"\", \"link\": \"\", \"images\": \"[{u\'caption\': u\'\', u\'id\': u\'1\'}]\", \"ratio\": null, \"display\": null}, \"model\": \"flex.fleximage\", \"pk\": 53}]','Willkommen',46,75,'default'),(955,'54','json','[{\"fields\": {\"division\": null, \"subtitle\": null, \"title\": \"\"}, \"model\": \"flex.flexsection\", \"pk\": 54}]','(kein Titel) (3 Spalten): Teaser 1, Inhaltstext, Inhaltstext, Inhaltstext, Inhaltstext, Inhaltstext, Inhaltstext',50,75,'default'),(956,'9','json','[{\"fields\": {\"changed_date\": \"2016-05-30T15:55:22Z\", \"language\": \"de\", \"parent\": 6, \"numchild\": 0, \"creation_date\": \"2016-05-30T15:35:09Z\", \"depth\": 2, \"position\": 1, \"path\": \"00040004\", \"placeholder\": 3, \"plugin_type\": \"FlexImagePlugin\"}, \"model\": \"cms.cmsplugin\", \"pk\": 9}]','9',15,75,'default'),(957,'56','json','[{\"fields\": {\"body\": \"<p>Inhaltstext, Inhaltstext, Inhaltstext</p>\", \"subtitle\": null, \"title\": null, \"caption\": null, \"link\": null, \"images\": \"[{\'id\': 1}]\", \"ratio\": null, \"display\": null, \"columns\": 1}, \"model\": \"flex.flextextimage\", \"pk\": 56}]','Inhaltstext, Inhaltstext, Inhaltstext',47,75,'default'),(958,'57','json','[{\"fields\": {\"body\": \"<p>Inhaltstext, Inhaltstext, Inhaltstext</p>\", \"subtitle\": null, \"title\": null, \"caption\": null, \"link\": null, \"images\": \"[{\'id\': 1}]\", \"ratio\": null, \"display\": null, \"columns\": 1}, \"model\": \"flex.flextextimage\", \"pk\": 57}]','Inhaltstext, Inhaltstext, Inhaltstext',47,75,'default'),(959,'6','json','[{\"fields\": {\"changed_date\": \"2016-05-30T15:58:16Z\", \"language\": \"de\", \"parent\": null, \"numchild\": 3, \"creation_date\": \"2016-05-30T15:33:13Z\", \"depth\": 1, \"position\": 3, \"path\": \"0004\", \"placeholder\": 3, \"plugin_type\": \"FlexSectionPlugin\"}, \"model\": \"cms.cmsplugin\", \"pk\": 6}]','6',15,75,'default'),(960,'10','json','[{\"fields\": {\"changed_date\": \"2016-05-30T15:55:26Z\", \"language\": \"de\", \"parent\": null, \"numchild\": 0, \"creation_date\": \"2016-05-30T15:39:12Z\", \"depth\": 1, \"position\": 2, \"path\": \"000C\", \"placeholder\": 3, \"plugin_type\": \"FlexCodePlugin\"}, \"model\": \"cms.cmsplugin\", \"pk\": 10}]','10',15,75,'default'),(961,'53','json','[{\"fields\": {\"changed_date\": \"2016-11-04T10:21:06Z\", \"language\": \"de\", \"parent\": null, \"numchild\": 0, \"creation_date\": \"2016-11-04T10:21:06Z\", \"depth\": 1, \"position\": 0, \"path\": \"000R\", \"placeholder\": 5, \"plugin_type\": \"FlexImagePlugin\"}, \"model\": \"cms.cmsplugin\", \"pk\": 53}]','53',15,75,'default'),(962,'11','json','[{\"fields\": {\"changed_date\": \"2016-05-30T15:55:26Z\", \"language\": \"de\", \"parent\": null, \"numchild\": 0, \"creation_date\": \"2016-05-30T15:40:25Z\", \"depth\": 1, \"position\": 4, \"path\": \"0006\", \"placeholder\": 3, \"plugin_type\": \"FlexVideoPlugin\"}, \"model\": \"cms.cmsplugin\", \"pk\": 11}]','11',15,75,'default'),(963,'54','json','[{\"fields\": {\"changed_date\": \"2016-11-04T10:21:38Z\", \"language\": \"de\", \"parent\": null, \"numchild\": 3, \"creation_date\": \"2016-11-04T10:21:38Z\", \"depth\": 1, \"position\": 1, \"path\": \"000S\", \"placeholder\": 5, \"plugin_type\": \"FlexSectionPlugin\"}, \"model\": \"cms.cmsplugin\", \"pk\": 54}]','54',15,75,'default'),(964,'55','json','[{\"fields\": {\"body\": \"<p>Inhaltstext, Inhaltstext, Inhaltstext</p>\\r\\n\", \"subtitle\": null, \"title\": \"Teaser 1\", \"caption\": null, \"link\": \"internal://page/9/de\", \"images\": \"[{u\'id\': 1}]\", \"ratio\": null, \"display\": null, \"columns\": 1}, \"model\": \"flex.flextextimage\", \"pk\": 55}]','Teaser 1',47,75,'default'),(965,'56','json','[{\"fields\": {\"changed_date\": \"2016-11-04T10:21:38Z\", \"language\": \"de\", \"parent\": 54, \"numchild\": 0, \"creation_date\": \"2016-11-04T10:21:38Z\", \"depth\": 2, \"position\": 1, \"path\": \"000S0002\", \"placeholder\": 5, \"plugin_type\": \"FlexTextImagePlugin\"}, \"model\": \"cms.cmsplugin\", \"pk\": 56}]','56',15,75,'default'),(966,'57','json','[{\"fields\": {\"changed_date\": \"2016-11-04T10:21:38Z\", \"language\": \"de\", \"parent\": 54, \"numchild\": 0, \"creation_date\": \"2016-11-04T10:21:38Z\", \"depth\": 2, \"position\": 2, \"path\": \"000S0003\", \"placeholder\": 5, \"plugin_type\": \"FlexTextImagePlugin\"}, \"model\": \"cms.cmsplugin\", \"pk\": 57}]','57',15,75,'default'),(967,'7','json','[{\"fields\": {\"changed_date\": \"2016-05-30T15:55:22Z\", \"language\": \"de\", \"parent\": 6, \"numchild\": 0, \"creation_date\": \"2016-05-30T15:35:09Z\", \"depth\": 2, \"position\": 0, \"path\": \"00040001\", \"placeholder\": 3, \"plugin_type\": \"FlexImagePlugin\"}, \"model\": \"cms.cmsplugin\", \"pk\": 7}]','7',15,75,'default'),(968,'37','json','[{\"fields\": {\"division\": \"broad-left\", \"subtitle\": \"Untertitel\", \"title\": \"Mehrspalter 66% zu 33%\"}, \"model\": \"flex.flexsection\", \"pk\": 37}]','Mehrspalter 66% zu 33% (2 Spalten): 38, Titel',50,75,'default'),(969,'38','json','[{\"fields\": {\"changed_date\": \"2016-05-30T16:01:45Z\", \"language\": \"de\", \"parent\": 37, \"numchild\": 0, \"creation_date\": \"2016-05-30T16:01:28Z\", \"depth\": 2, \"position\": 0, \"path\": \"000I0001\", \"placeholder\": 3, \"plugin_type\": \"FlexImagePlugin\"}, \"model\": \"cms.cmsplugin\", \"pk\": 38}]','38',15,75,'default'),(970,'39','json','[{\"fields\": {\"changed_date\": \"2016-05-30T16:01:58Z\", \"language\": \"de\", \"parent\": 37, \"numchild\": 0, \"creation_date\": \"2016-05-30T16:01:28Z\", \"depth\": 2, \"position\": 1, \"path\": \"000I0002\", \"placeholder\": 3, \"plugin_type\": \"FlexTextPlugin\"}, \"model\": \"cms.cmsplugin\", \"pk\": 39}]','39',15,75,'default'),(971,'55','json','[{\"fields\": {\"changed_date\": \"2016-11-04T10:22:28Z\", \"language\": \"de\", \"parent\": 54, \"numchild\": 0, \"creation_date\": \"2016-11-04T10:21:38Z\", \"depth\": 2, \"position\": 0, \"path\": \"000S0001\", \"placeholder\": 5, \"plugin_type\": \"FlexTextImagePlugin\"}, \"model\": \"cms.cmsplugin\", \"pk\": 55}]','55',15,75,'default'),(972,'1','json','[{\"fields\": {\"navigation_extenders\": null, \"site\": 1, \"application_namespace\": null, \"path\": \"0001\", \"in_navigation\": false, \"reverse_id\": null, \"login_required\": false, \"created_by\": \"script\", \"languages\": \"de\", \"publication_end_date\": null, \"template\": \"default.html\", \"placeholders\": [3, 5], \"changed_date\": \"2016-11-04T10:22:29Z\", \"limit_visibility_in_menu\": null, \"parent\": null, \"numchild\": 0, \"soft_root\": false, \"is_home\": true, \"publication_date\": \"2016-05-30T14:42:50Z\", \"creation_date\": \"2016-05-17T16:12:09Z\", \"application_urls\": null, \"changed_by\": \"maisengasse\", \"xframe_options\": 0, \"depth\": 1, \"revision_id\": 0}, \"model\": \"cms.page\", \"pk\": 1}]','Startseite',2,76,'default'),(973,'3','json','[{\"fields\": {\"slot\": \"main\", \"default_width\": null}, \"model\": \"cms.placeholder\", \"pk\": 3}]','main',1,76,'default'),(974,'4','json','[{\"fields\": {\"subtitle\": \"\", \"title\": \"\", \"caption\": \"\", \"link\": \"\", \"images\": \"[{u\'id\': u\'1\'}, {u\'id\': u\'2\'}]\", \"ratio\": null, \"display\": null}, \"model\": \"flex.fleximage\", \"pk\": 4}]','4',46,76,'default'),(975,'5','json','[{\"fields\": {\"slot\": \"content\", \"default_width\": null}, \"model\": \"cms.placeholder\", \"pk\": 5}]','content',1,76,'default'),(976,'6','json','[{\"fields\": {\"division\": null, \"subtitle\": \"Untertitel\", \"title\": \"Mehrspalter\"}, \"model\": \"flex.flexsection\", \"pk\": 6}]','Mehrspalter (3 Spalten): 7, 9, 8',50,76,'default'),(977,'1','json','[{\"fields\": {\"changed_date\": \"2016-05-30T15:55:26Z\", \"language\": \"de\", \"parent\": null, \"numchild\": 0, \"creation_date\": \"2016-05-30T15:02:09Z\", \"depth\": 1, \"position\": 1, \"path\": \"0001\", \"placeholder\": 3, \"plugin_type\": \"FlexTextPlugin\"}, \"model\": \"cms.cmsplugin\", \"pk\": 1}]','1',15,76,'default'),(978,'8','json','[{\"fields\": {\"subtitle\": null, \"title\": null, \"caption\": null, \"link\": null, \"images\": \"[{\'id\': 1}]\", \"ratio\": null, \"display\": null}, \"model\": \"flex.fleximage\", \"pk\": 8}]','8',46,76,'default'),(979,'9','json','[{\"fields\": {\"subtitle\": null, \"title\": null, \"caption\": null, \"link\": null, \"images\": \"[{\'id\': 1}]\", \"ratio\": null, \"display\": null}, \"model\": \"flex.fleximage\", \"pk\": 9}]','9',46,76,'default'),(980,'10','json','[{\"fields\": {\"code\": \"<pre>Quellcode</pre>\", \"subtitle\": \"Untertitel\", \"title\": \"Quellcode\"}, \"model\": \"flex.flexcode\", \"pk\": 10}]','Quellcode',48,76,'default'),(981,'11','json','[{\"fields\": {\"fullscreen\": true, \"subtitle\": \"Untertitel\", \"title\": \"HTML5 Video\", \"mp4_url\": \"http://techslides.com/demos/sample-videos/small.mp4\", \"image\": \"[{u\'id\': u\'1\'}]\", \"auto_play\": false, \"mp4_file\": null, \"webm_file\": null, \"width\": 800, \"auto_hide\": false, \"ogv_file\": null, \"webm_url\": \"\", \"height\": 600, \"ogv_url\": \"\", \"loop\": false}, \"model\": \"flex.flexvideo\", \"pk\": 11}]','HTML5 Video',49,76,'default'),(982,'4','json','[{\"fields\": {\"changed_date\": \"2016-05-30T15:55:26Z\", \"language\": \"de\", \"parent\": null, \"numchild\": 0, \"creation_date\": \"2016-05-30T15:09:24Z\", \"depth\": 1, \"position\": 0, \"path\": \"0003\", \"placeholder\": 3, \"plugin_type\": \"FlexImagePlugin\"}, \"model\": \"cms.cmsplugin\", \"pk\": 4}]','4',15,76,'default'),(983,'1','json','[{\"fields\": {\"body\": \"<p>Lorem ipsum dolor sit amet, consetetur sadipscing elitr, sed diam nonumy eirmod tempor invidunt ut labore et dolore magna aliquyam erat, sed diam voluptua. At vero eos et accusam et justo duo dolores et ea rebum. Stet clita kasd gubergren, no sea takimata sanctus est Lorem ipsum dolor sit amet. Lorem ipsum dolor sit amet, consetetur sadipscing elitr, sed diam nonumy eirmod tempor invidunt ut labore et dolore magna aliquyam erat, sed diam voluptua. At vero eos et accusam et justo duo dolores et ea rebum. Stet clita kasd gubergren, no sea takimata sanctus est Lorem ipsum dolor sit amet. Lorem ipsum dolor sit amet, consetetur sadipscing elitr, sed diam nonumy eirmod tempor invidunt ut labore et dolore magna aliquyam erat, sed diam voluptua. At vero eos et accusam et justo duo dolores et ea rebum. Stet clita kasd gubergren, no sea takimata sanctus est Lorem ipsum dolor sit amet. &nbsp;&nbsp;</p>\\r\\n\\r\\n<p>Duis autem vel eum iriure dolor in hendrerit in vulputate velit esse molestie consequat, vel illum dolore eu feugiat nulla facilisis at vero eros et accumsan et iusto odio dignissim qui blandit praesent luptatum zzril delenit augue duis dolore te feugait nulla facilisi. Lorem ipsum dolor sit amet,</p>\\r\\n\", \"subtitle\": \"Untertitel\", \"title\": \"Text mit 2 Spalten\", \"abstract\": null, \"display\": null, \"columns\": 2}, \"model\": \"flex.flextext\", \"pk\": 1}]','Text mit 2 Spalten',45,76,'default'),(984,'37','json','[{\"fields\": {\"changed_date\": \"2016-05-30T16:03:30Z\", \"language\": \"de\", \"parent\": null, \"numchild\": 2, \"creation_date\": \"2016-05-30T16:00:45Z\", \"depth\": 1, \"position\": 8, \"path\": \"000I\", \"placeholder\": 3, \"plugin_type\": \"FlexSectionPlugin\"}, \"model\": \"cms.cmsplugin\", \"pk\": 37}]','37',15,76,'default'),(985,'38','json','[{\"fields\": {\"subtitle\": \"\", \"title\": \"\", \"caption\": \"\", \"link\": \"\", \"images\": \"[{u\'id\': u\'1\'}, {u\'id\': u\'2\'}]\", \"ratio\": null, \"display\": null}, \"model\": \"flex.fleximage\", \"pk\": 38}]','38',46,76,'default'),(986,'39','json','[{\"fields\": {\"body\": \"<p>Inhaltstext, Inhaltstext, Inhaltstext</p>\\r\\n\", \"subtitle\": \"Untertitel\", \"title\": \"Titel\", \"abstract\": null, \"display\": null, \"columns\": 1}, \"model\": \"flex.flextext\", \"pk\": 39}]','Titel',45,76,'default'),(987,'7','json','[{\"fields\": {\"subtitle\": null, \"title\": null, \"caption\": null, \"link\": null, \"images\": \"[{\'id\': 1}]\", \"ratio\": null, \"display\": null}, \"model\": \"flex.fleximage\", \"pk\": 7}]','7',46,76,'default'),(988,'8','json','[{\"fields\": {\"changed_date\": \"2016-05-30T15:55:22Z\", \"language\": \"de\", \"parent\": 6, \"numchild\": 0, \"creation_date\": \"2016-05-30T15:35:09Z\", \"depth\": 2, \"position\": 3, \"path\": \"00040002\", \"placeholder\": 3, \"plugin_type\": \"FlexImagePlugin\"}, \"model\": \"cms.cmsplugin\", \"pk\": 8}]','8',15,76,'default'),(989,'1','json','[{\"fields\": {\"menu_title\": null, \"meta_description\": null, \"page_title\": null, \"language\": \"de\", \"title\": \"Startseite\", \"has_url_overwrite\": false, \"redirect\": null, \"page\": 1, \"published\": true, \"path\": \"\", \"creation_date\": \"2016-05-17T16:12:09Z\", \"slug\": \"startseite\"}, \"model\": \"cms.title\", \"pk\": 1}]','Startseite (startseite, de)',16,76,'default'),(990,'53','json','[{\"fields\": {\"subtitle\": null, \"title\": \"Willkommen\", \"caption\": \"\", \"link\": \"\", \"images\": \"[{u\'caption\': u\'\', u\'id\': u\'1\'}]\", \"ratio\": null, \"display\": null}, \"model\": \"flex.fleximage\", \"pk\": 53}]','Willkommen',46,76,'default'),(991,'54','json','[{\"fields\": {\"division\": null, \"subtitle\": null, \"title\": \"\"}, \"model\": \"flex.flexsection\", \"pk\": 54}]','(kein Titel) (3 Spalten): Teaser 1, Teaser 2, Inhaltstext, Inhaltstext, Inhaltstext',50,76,'default'),(992,'9','json','[{\"fields\": {\"changed_date\": \"2016-05-30T15:55:22Z\", \"language\": \"de\", \"parent\": 6, \"numchild\": 0, \"creation_date\": \"2016-05-30T15:35:09Z\", \"depth\": 2, \"position\": 1, \"path\": \"00040004\", \"placeholder\": 3, \"plugin_type\": \"FlexImagePlugin\"}, \"model\": \"cms.cmsplugin\", \"pk\": 9}]','9',15,76,'default'),(993,'56','json','[{\"fields\": {\"body\": \"<p>Inhaltstext, Inhaltstext, Inhaltstext</p>\\r\\n\", \"subtitle\": null, \"title\": \"Teaser 2\", \"caption\": null, \"link\": \"internal://page/11/de\", \"images\": \"[{u\'id\': 1}]\", \"ratio\": null, \"display\": null, \"columns\": 1}, \"model\": \"flex.flextextimage\", \"pk\": 56}]','Teaser 2',47,76,'default'),(994,'57','json','[{\"fields\": {\"body\": \"<p>Inhaltstext, Inhaltstext, Inhaltstext</p>\", \"subtitle\": null, \"title\": null, \"caption\": null, \"link\": null, \"images\": \"[{\'id\': 1}]\", \"ratio\": null, \"display\": null, \"columns\": 1}, \"model\": \"flex.flextextimage\", \"pk\": 57}]','Inhaltstext, Inhaltstext, Inhaltstext',47,76,'default'),(995,'6','json','[{\"fields\": {\"changed_date\": \"2016-05-30T15:58:16Z\", \"language\": \"de\", \"parent\": null, \"numchild\": 3, \"creation_date\": \"2016-05-30T15:33:13Z\", \"depth\": 1, \"position\": 3, \"path\": \"0004\", \"placeholder\": 3, \"plugin_type\": \"FlexSectionPlugin\"}, \"model\": \"cms.cmsplugin\", \"pk\": 6}]','6',15,76,'default'),(996,'10','json','[{\"fields\": {\"changed_date\": \"2016-05-30T15:55:26Z\", \"language\": \"de\", \"parent\": null, \"numchild\": 0, \"creation_date\": \"2016-05-30T15:39:12Z\", \"depth\": 1, \"position\": 2, \"path\": \"000C\", \"placeholder\": 3, \"plugin_type\": \"FlexCodePlugin\"}, \"model\": \"cms.cmsplugin\", \"pk\": 10}]','10',15,76,'default'),(997,'53','json','[{\"fields\": {\"changed_date\": \"2016-11-04T10:21:06Z\", \"language\": \"de\", \"parent\": null, \"numchild\": 0, \"creation_date\": \"2016-11-04T10:21:06Z\", \"depth\": 1, \"position\": 0, \"path\": \"000R\", \"placeholder\": 5, \"plugin_type\": \"FlexImagePlugin\"}, \"model\": \"cms.cmsplugin\", \"pk\": 53}]','53',15,76,'default'),(998,'11','json','[{\"fields\": {\"changed_date\": \"2016-05-30T15:55:26Z\", \"language\": \"de\", \"parent\": null, \"numchild\": 0, \"creation_date\": \"2016-05-30T15:40:25Z\", \"depth\": 1, \"position\": 4, \"path\": \"0006\", \"placeholder\": 3, \"plugin_type\": \"FlexVideoPlugin\"}, \"model\": \"cms.cmsplugin\", \"pk\": 11}]','11',15,76,'default'),(999,'54','json','[{\"fields\": {\"changed_date\": \"2016-11-04T10:21:38Z\", \"language\": \"de\", \"parent\": null, \"numchild\": 3, \"creation_date\": \"2016-11-04T10:21:38Z\", \"depth\": 1, \"position\": 1, \"path\": \"000S\", \"placeholder\": 5, \"plugin_type\": \"FlexSectionPlugin\"}, \"model\": \"cms.cmsplugin\", \"pk\": 54}]','54',15,76,'default'),(1000,'55','json','[{\"fields\": {\"body\": \"<p>Inhaltstext, Inhaltstext, Inhaltstext</p>\\r\\n\", \"subtitle\": null, \"title\": \"Teaser 1\", \"caption\": null, \"link\": \"internal://page/9/de\", \"images\": \"[{u\'id\': 1}]\", \"ratio\": null, \"display\": null, \"columns\": 1}, \"model\": \"flex.flextextimage\", \"pk\": 55}]','Teaser 1',47,76,'default'),(1001,'56','json','[{\"fields\": {\"changed_date\": \"2016-11-04T10:22:42Z\", \"language\": \"de\", \"parent\": 54, \"numchild\": 0, \"creation_date\": \"2016-11-04T10:21:38Z\", \"depth\": 2, \"position\": 1, \"path\": \"000S0002\", \"placeholder\": 5, \"plugin_type\": \"FlexTextImagePlugin\"}, \"model\": \"cms.cmsplugin\", \"pk\": 56}]','56',15,76,'default'),(1002,'57','json','[{\"fields\": {\"changed_date\": \"2016-11-04T10:21:38Z\", \"language\": \"de\", \"parent\": 54, \"numchild\": 0, \"creation_date\": \"2016-11-04T10:21:38Z\", \"depth\": 2, \"position\": 2, \"path\": \"000S0003\", \"placeholder\": 5, \"plugin_type\": \"FlexTextImagePlugin\"}, \"model\": \"cms.cmsplugin\", \"pk\": 57}]','57',15,76,'default'),(1003,'7','json','[{\"fields\": {\"changed_date\": \"2016-05-30T15:55:22Z\", \"language\": \"de\", \"parent\": 6, \"numchild\": 0, \"creation_date\": \"2016-05-30T15:35:09Z\", \"depth\": 2, \"position\": 0, \"path\": \"00040001\", \"placeholder\": 3, \"plugin_type\": \"FlexImagePlugin\"}, \"model\": \"cms.cmsplugin\", \"pk\": 7}]','7',15,76,'default'),(1004,'37','json','[{\"fields\": {\"division\": \"broad-left\", \"subtitle\": \"Untertitel\", \"title\": \"Mehrspalter 66% zu 33%\"}, \"model\": \"flex.flexsection\", \"pk\": 37}]','Mehrspalter 66% zu 33% (2 Spalten): 38, Titel',50,76,'default'),(1005,'38','json','[{\"fields\": {\"changed_date\": \"2016-05-30T16:01:45Z\", \"language\": \"de\", \"parent\": 37, \"numchild\": 0, \"creation_date\": \"2016-05-30T16:01:28Z\", \"depth\": 2, \"position\": 0, \"path\": \"000I0001\", \"placeholder\": 3, \"plugin_type\": \"FlexImagePlugin\"}, \"model\": \"cms.cmsplugin\", \"pk\": 38}]','38',15,76,'default'),(1006,'39','json','[{\"fields\": {\"changed_date\": \"2016-05-30T16:01:58Z\", \"language\": \"de\", \"parent\": 37, \"numchild\": 0, \"creation_date\": \"2016-05-30T16:01:28Z\", \"depth\": 2, \"position\": 1, \"path\": \"000I0002\", \"placeholder\": 3, \"plugin_type\": \"FlexTextPlugin\"}, \"model\": \"cms.cmsplugin\", \"pk\": 39}]','39',15,76,'default'),(1007,'55','json','[{\"fields\": {\"changed_date\": \"2016-11-04T10:22:28Z\", \"language\": \"de\", \"parent\": 54, \"numchild\": 0, \"creation_date\": \"2016-11-04T10:21:38Z\", \"depth\": 2, \"position\": 0, \"path\": \"000S0001\", \"placeholder\": 5, \"plugin_type\": \"FlexTextImagePlugin\"}, \"model\": \"cms.cmsplugin\", \"pk\": 55}]','55',15,76,'default'),(1008,'1','json','[{\"fields\": {\"navigation_extenders\": null, \"site\": 1, \"application_namespace\": null, \"path\": \"0001\", \"in_navigation\": false, \"reverse_id\": null, \"login_required\": false, \"created_by\": \"script\", \"languages\": \"de\", \"publication_end_date\": null, \"template\": \"default.html\", \"placeholders\": [3, 5], \"changed_date\": \"2016-11-04T10:22:42Z\", \"limit_visibility_in_menu\": null, \"parent\": null, \"numchild\": 0, \"soft_root\": false, \"is_home\": true, \"publication_date\": \"2016-05-30T14:42:50Z\", \"creation_date\": \"2016-05-17T16:12:09Z\", \"application_urls\": null, \"changed_by\": \"maisengasse\", \"xframe_options\": 0, \"depth\": 1, \"revision_id\": 0}, \"model\": \"cms.page\", \"pk\": 1}]','Startseite',2,77,'default'),(1009,'3','json','[{\"fields\": {\"slot\": \"main\", \"default_width\": null}, \"model\": \"cms.placeholder\", \"pk\": 3}]','main',1,77,'default'),(1010,'4','json','[{\"fields\": {\"subtitle\": \"\", \"title\": \"\", \"caption\": \"\", \"link\": \"\", \"images\": \"[{u\'id\': u\'1\'}, {u\'id\': u\'2\'}]\", \"ratio\": null, \"display\": null}, \"model\": \"flex.fleximage\", \"pk\": 4}]','4',46,77,'default'),(1011,'5','json','[{\"fields\": {\"slot\": \"content\", \"default_width\": null}, \"model\": \"cms.placeholder\", \"pk\": 5}]','content',1,77,'default'),(1012,'6','json','[{\"fields\": {\"division\": null, \"subtitle\": \"Untertitel\", \"title\": \"Mehrspalter\"}, \"model\": \"flex.flexsection\", \"pk\": 6}]','Mehrspalter (3 Spalten): 7, 9, 8',50,77,'default'),(1013,'1','json','[{\"fields\": {\"changed_date\": \"2016-05-30T15:55:26Z\", \"language\": \"de\", \"parent\": null, \"numchild\": 0, \"creation_date\": \"2016-05-30T15:02:09Z\", \"depth\": 1, \"position\": 1, \"path\": \"0001\", \"placeholder\": 3, \"plugin_type\": \"FlexTextPlugin\"}, \"model\": \"cms.cmsplugin\", \"pk\": 1}]','1',15,77,'default'),(1014,'8','json','[{\"fields\": {\"subtitle\": null, \"title\": null, \"caption\": null, \"link\": null, \"images\": \"[{\'id\': 1}]\", \"ratio\": null, \"display\": null}, \"model\": \"flex.fleximage\", \"pk\": 8}]','8',46,77,'default'),(1015,'9','json','[{\"fields\": {\"subtitle\": null, \"title\": null, \"caption\": null, \"link\": null, \"images\": \"[{\'id\': 1}]\", \"ratio\": null, \"display\": null}, \"model\": \"flex.fleximage\", \"pk\": 9}]','9',46,77,'default'),(1016,'10','json','[{\"fields\": {\"code\": \"<pre>Quellcode</pre>\", \"subtitle\": \"Untertitel\", \"title\": \"Quellcode\"}, \"model\": \"flex.flexcode\", \"pk\": 10}]','Quellcode',48,77,'default'),(1017,'11','json','[{\"fields\": {\"fullscreen\": true, \"subtitle\": \"Untertitel\", \"title\": \"HTML5 Video\", \"mp4_url\": \"http://techslides.com/demos/sample-videos/small.mp4\", \"image\": \"[{u\'id\': u\'1\'}]\", \"auto_play\": false, \"mp4_file\": null, \"webm_file\": null, \"width\": 800, \"auto_hide\": false, \"ogv_file\": null, \"webm_url\": \"\", \"height\": 600, \"ogv_url\": \"\", \"loop\": false}, \"model\": \"flex.flexvideo\", \"pk\": 11}]','HTML5 Video',49,77,'default'),(1018,'4','json','[{\"fields\": {\"changed_date\": \"2016-05-30T15:55:26Z\", \"language\": \"de\", \"parent\": null, \"numchild\": 0, \"creation_date\": \"2016-05-30T15:09:24Z\", \"depth\": 1, \"position\": 0, \"path\": \"0003\", \"placeholder\": 3, \"plugin_type\": \"FlexImagePlugin\"}, \"model\": \"cms.cmsplugin\", \"pk\": 4}]','4',15,77,'default'),(1019,'1','json','[{\"fields\": {\"body\": \"<p>Lorem ipsum dolor sit amet, consetetur sadipscing elitr, sed diam nonumy eirmod tempor invidunt ut labore et dolore magna aliquyam erat, sed diam voluptua. At vero eos et accusam et justo duo dolores et ea rebum. Stet clita kasd gubergren, no sea takimata sanctus est Lorem ipsum dolor sit amet. Lorem ipsum dolor sit amet, consetetur sadipscing elitr, sed diam nonumy eirmod tempor invidunt ut labore et dolore magna aliquyam erat, sed diam voluptua. At vero eos et accusam et justo duo dolores et ea rebum. Stet clita kasd gubergren, no sea takimata sanctus est Lorem ipsum dolor sit amet. Lorem ipsum dolor sit amet, consetetur sadipscing elitr, sed diam nonumy eirmod tempor invidunt ut labore et dolore magna aliquyam erat, sed diam voluptua. At vero eos et accusam et justo duo dolores et ea rebum. Stet clita kasd gubergren, no sea takimata sanctus est Lorem ipsum dolor sit amet. &nbsp;&nbsp;</p>\\r\\n\\r\\n<p>Duis autem vel eum iriure dolor in hendrerit in vulputate velit esse molestie consequat, vel illum dolore eu feugiat nulla facilisis at vero eros et accumsan et iusto odio dignissim qui blandit praesent luptatum zzril delenit augue duis dolore te feugait nulla facilisi. Lorem ipsum dolor sit amet,</p>\\r\\n\", \"subtitle\": \"Untertitel\", \"title\": \"Text mit 2 Spalten\", \"abstract\": null, \"display\": null, \"columns\": 2}, \"model\": \"flex.flextext\", \"pk\": 1}]','Text mit 2 Spalten',45,77,'default'),(1020,'37','json','[{\"fields\": {\"changed_date\": \"2016-05-30T16:03:30Z\", \"language\": \"de\", \"parent\": null, \"numchild\": 2, \"creation_date\": \"2016-05-30T16:00:45Z\", \"depth\": 1, \"position\": 8, \"path\": \"000I\", \"placeholder\": 3, \"plugin_type\": \"FlexSectionPlugin\"}, \"model\": \"cms.cmsplugin\", \"pk\": 37}]','37',15,77,'default'),(1021,'38','json','[{\"fields\": {\"subtitle\": \"\", \"title\": \"\", \"caption\": \"\", \"link\": \"\", \"images\": \"[{u\'id\': u\'1\'}, {u\'id\': u\'2\'}]\", \"ratio\": null, \"display\": null}, \"model\": \"flex.fleximage\", \"pk\": 38}]','38',46,77,'default'),(1022,'39','json','[{\"fields\": {\"body\": \"<p>Inhaltstext, Inhaltstext, Inhaltstext</p>\\r\\n\", \"subtitle\": \"Untertitel\", \"title\": \"Titel\", \"abstract\": null, \"display\": null, \"columns\": 1}, \"model\": \"flex.flextext\", \"pk\": 39}]','Titel',45,77,'default'),(1023,'7','json','[{\"fields\": {\"subtitle\": null, \"title\": null, \"caption\": null, \"link\": null, \"images\": \"[{\'id\': 1}]\", \"ratio\": null, \"display\": null}, \"model\": \"flex.fleximage\", \"pk\": 7}]','7',46,77,'default'),(1024,'8','json','[{\"fields\": {\"changed_date\": \"2016-05-30T15:55:22Z\", \"language\": \"de\", \"parent\": 6, \"numchild\": 0, \"creation_date\": \"2016-05-30T15:35:09Z\", \"depth\": 2, \"position\": 3, \"path\": \"00040002\", \"placeholder\": 3, \"plugin_type\": \"FlexImagePlugin\"}, \"model\": \"cms.cmsplugin\", \"pk\": 8}]','8',15,77,'default'),(1025,'1','json','[{\"fields\": {\"menu_title\": null, \"meta_description\": null, \"page_title\": null, \"language\": \"de\", \"title\": \"Startseite\", \"has_url_overwrite\": false, \"redirect\": null, \"page\": 1, \"published\": true, \"path\": \"\", \"creation_date\": \"2016-05-17T16:12:09Z\", \"slug\": \"startseite\"}, \"model\": \"cms.title\", \"pk\": 1}]','Startseite (startseite, de)',16,77,'default'),(1026,'53','json','[{\"fields\": {\"subtitle\": null, \"title\": \"Willkommen\", \"caption\": \"\", \"link\": \"\", \"images\": \"[{u\'caption\': u\'\', u\'id\': u\'1\'}]\", \"ratio\": null, \"display\": null}, \"model\": \"flex.fleximage\", \"pk\": 53}]','Willkommen',46,77,'default'),(1027,'54','json','[{\"fields\": {\"division\": null, \"subtitle\": null, \"title\": \"\"}, \"model\": \"flex.flexsection\", \"pk\": 54}]','(kein Titel) (3 Spalten): Teaser 1, Teaser 2, Teaser 3',50,77,'default'),(1028,'9','json','[{\"fields\": {\"changed_date\": \"2016-05-30T15:55:22Z\", \"language\": \"de\", \"parent\": 6, \"numchild\": 0, \"creation_date\": \"2016-05-30T15:35:09Z\", \"depth\": 2, \"position\": 1, \"path\": \"00040004\", \"placeholder\": 3, \"plugin_type\": \"FlexImagePlugin\"}, \"model\": \"cms.cmsplugin\", \"pk\": 9}]','9',15,77,'default'),(1029,'56','json','[{\"fields\": {\"body\": \"<p>Inhaltstext, Inhaltstext, Inhaltstext</p>\\r\\n\", \"subtitle\": null, \"title\": \"Teaser 2\", \"caption\": null, \"link\": \"internal://page/11/de\", \"images\": \"[{u\'id\': 1}]\", \"ratio\": null, \"display\": null, \"columns\": 1}, \"model\": \"flex.flextextimage\", \"pk\": 56}]','Teaser 2',47,77,'default'),(1030,'57','json','[{\"fields\": {\"body\": \"<p>Inhaltstext, Inhaltstext, Inhaltstext</p>\\r\\n\", \"subtitle\": null, \"title\": \"Teaser 3\", \"caption\": null, \"link\": \"internal://page/8/de\", \"images\": \"[{u\'id\': 1}]\", \"ratio\": null, \"display\": null, \"columns\": 1}, \"model\": \"flex.flextextimage\", \"pk\": 57}]','Teaser 3',47,77,'default'),(1031,'6','json','[{\"fields\": {\"changed_date\": \"2016-05-30T15:58:16Z\", \"language\": \"de\", \"parent\": null, \"numchild\": 3, \"creation_date\": \"2016-05-30T15:33:13Z\", \"depth\": 1, \"position\": 3, \"path\": \"0004\", \"placeholder\": 3, \"plugin_type\": \"FlexSectionPlugin\"}, \"model\": \"cms.cmsplugin\", \"pk\": 6}]','6',15,77,'default'),(1032,'10','json','[{\"fields\": {\"changed_date\": \"2016-05-30T15:55:26Z\", \"language\": \"de\", \"parent\": null, \"numchild\": 0, \"creation_date\": \"2016-05-30T15:39:12Z\", \"depth\": 1, \"position\": 2, \"path\": \"000C\", \"placeholder\": 3, \"plugin_type\": \"FlexCodePlugin\"}, \"model\": \"cms.cmsplugin\", \"pk\": 10}]','10',15,77,'default'),(1033,'53','json','[{\"fields\": {\"changed_date\": \"2016-11-04T10:21:06Z\", \"language\": \"de\", \"parent\": null, \"numchild\": 0, \"creation_date\": \"2016-11-04T10:21:06Z\", \"depth\": 1, \"position\": 0, \"path\": \"000R\", \"placeholder\": 5, \"plugin_type\": \"FlexImagePlugin\"}, \"model\": \"cms.cmsplugin\", \"pk\": 53}]','53',15,77,'default'),(1034,'11','json','[{\"fields\": {\"changed_date\": \"2016-05-30T15:55:26Z\", \"language\": \"de\", \"parent\": null, \"numchild\": 0, \"creation_date\": \"2016-05-30T15:40:25Z\", \"depth\": 1, \"position\": 4, \"path\": \"0006\", \"placeholder\": 3, \"plugin_type\": \"FlexVideoPlugin\"}, \"model\": \"cms.cmsplugin\", \"pk\": 11}]','11',15,77,'default'),(1035,'54','json','[{\"fields\": {\"changed_date\": \"2016-11-04T10:21:38Z\", \"language\": \"de\", \"parent\": null, \"numchild\": 3, \"creation_date\": \"2016-11-04T10:21:38Z\", \"depth\": 1, \"position\": 1, \"path\": \"000S\", \"placeholder\": 5, \"plugin_type\": \"FlexSectionPlugin\"}, \"model\": \"cms.cmsplugin\", \"pk\": 54}]','54',15,77,'default'),(1036,'55','json','[{\"fields\": {\"body\": \"<p>Inhaltstext, Inhaltstext, Inhaltstext</p>\\r\\n\", \"subtitle\": null, \"title\": \"Teaser 1\", \"caption\": null, \"link\": \"internal://page/9/de\", \"images\": \"[{u\'id\': 1}]\", \"ratio\": null, \"display\": null, \"columns\": 1}, \"model\": \"flex.flextextimage\", \"pk\": 55}]','Teaser 1',47,77,'default'),(1037,'56','json','[{\"fields\": {\"changed_date\": \"2016-11-04T10:22:42Z\", \"language\": \"de\", \"parent\": 54, \"numchild\": 0, \"creation_date\": \"2016-11-04T10:21:38Z\", \"depth\": 2, \"position\": 1, \"path\": \"000S0002\", \"placeholder\": 5, \"plugin_type\": \"FlexTextImagePlugin\"}, \"model\": \"cms.cmsplugin\", \"pk\": 56}]','56',15,77,'default'),(1038,'57','json','[{\"fields\": {\"changed_date\": \"2016-11-04T10:22:54Z\", \"language\": \"de\", \"parent\": 54, \"numchild\": 0, \"creation_date\": \"2016-11-04T10:21:38Z\", \"depth\": 2, \"position\": 2, \"path\": \"000S0003\", \"placeholder\": 5, \"plugin_type\": \"FlexTextImagePlugin\"}, \"model\": \"cms.cmsplugin\", \"pk\": 57}]','57',15,77,'default'),(1039,'7','json','[{\"fields\": {\"changed_date\": \"2016-05-30T15:55:22Z\", \"language\": \"de\", \"parent\": 6, \"numchild\": 0, \"creation_date\": \"2016-05-30T15:35:09Z\", \"depth\": 2, \"position\": 0, \"path\": \"00040001\", \"placeholder\": 3, \"plugin_type\": \"FlexImagePlugin\"}, \"model\": \"cms.cmsplugin\", \"pk\": 7}]','7',15,77,'default'),(1040,'37','json','[{\"fields\": {\"division\": \"broad-left\", \"subtitle\": \"Untertitel\", \"title\": \"Mehrspalter 66% zu 33%\"}, \"model\": \"flex.flexsection\", \"pk\": 37}]','Mehrspalter 66% zu 33% (2 Spalten): 38, Titel',50,77,'default'),(1041,'38','json','[{\"fields\": {\"changed_date\": \"2016-05-30T16:01:45Z\", \"language\": \"de\", \"parent\": 37, \"numchild\": 0, \"creation_date\": \"2016-05-30T16:01:28Z\", \"depth\": 2, \"position\": 0, \"path\": \"000I0001\", \"placeholder\": 3, \"plugin_type\": \"FlexImagePlugin\"}, \"model\": \"cms.cmsplugin\", \"pk\": 38}]','38',15,77,'default'),(1042,'39','json','[{\"fields\": {\"changed_date\": \"2016-05-30T16:01:58Z\", \"language\": \"de\", \"parent\": 37, \"numchild\": 0, \"creation_date\": \"2016-05-30T16:01:28Z\", \"depth\": 2, \"position\": 1, \"path\": \"000I0002\", \"placeholder\": 3, \"plugin_type\": \"FlexTextPlugin\"}, \"model\": \"cms.cmsplugin\", \"pk\": 39}]','39',15,77,'default'),(1043,'55','json','[{\"fields\": {\"changed_date\": \"2016-11-04T10:22:28Z\", \"language\": \"de\", \"parent\": 54, \"numchild\": 0, \"creation_date\": \"2016-11-04T10:21:38Z\", \"depth\": 2, \"position\": 0, \"path\": \"000S0001\", \"placeholder\": 5, \"plugin_type\": \"FlexTextImagePlugin\"}, \"model\": \"cms.cmsplugin\", \"pk\": 55}]','55',15,77,'default'),(1044,'1','json','[{\"fields\": {\"navigation_extenders\": null, \"site\": 1, \"application_namespace\": null, \"path\": \"0001\", \"in_navigation\": false, \"reverse_id\": null, \"login_required\": false, \"created_by\": \"script\", \"languages\": \"de\", \"publication_end_date\": null, \"template\": \"default.html\", \"placeholders\": [3, 5], \"changed_date\": \"2016-11-04T10:22:55Z\", \"limit_visibility_in_menu\": null, \"parent\": null, \"numchild\": 0, \"soft_root\": false, \"is_home\": true, \"publication_date\": \"2016-05-30T14:42:50Z\", \"creation_date\": \"2016-05-17T16:12:09Z\", \"application_urls\": null, \"changed_by\": \"maisengasse\", \"xframe_options\": 0, \"depth\": 1, \"revision_id\": 0}, \"model\": \"cms.page\", \"pk\": 1}]','Startseite',2,78,'default'),(1045,'3','json','[{\"fields\": {\"slot\": \"main\", \"default_width\": null}, \"model\": \"cms.placeholder\", \"pk\": 3}]','main',1,78,'default'),(1046,'4','json','[{\"fields\": {\"subtitle\": \"\", \"title\": \"\", \"caption\": \"\", \"link\": \"\", \"images\": \"[{u\'id\': u\'1\'}, {u\'id\': u\'2\'}]\", \"ratio\": null, \"display\": null}, \"model\": \"flex.fleximage\", \"pk\": 4}]','4',46,78,'default'),(1047,'5','json','[{\"fields\": {\"slot\": \"content\", \"default_width\": null}, \"model\": \"cms.placeholder\", \"pk\": 5}]','content',1,78,'default'),(1048,'6','json','[{\"fields\": {\"division\": null, \"subtitle\": \"Untertitel\", \"title\": \"Mehrspalter\"}, \"model\": \"flex.flexsection\", \"pk\": 6}]','Mehrspalter (3 Spalten): 7, 9, 8',50,78,'default'),(1049,'1','json','[{\"fields\": {\"changed_date\": \"2016-05-30T15:55:26Z\", \"language\": \"de\", \"parent\": null, \"numchild\": 0, \"creation_date\": \"2016-05-30T15:02:09Z\", \"depth\": 1, \"position\": 1, \"path\": \"0001\", \"placeholder\": 3, \"plugin_type\": \"FlexTextPlugin\"}, \"model\": \"cms.cmsplugin\", \"pk\": 1}]','1',15,78,'default'),(1050,'8','json','[{\"fields\": {\"subtitle\": null, \"title\": null, \"caption\": null, \"link\": null, \"images\": \"[{\'id\': 1}]\", \"ratio\": null, \"display\": null}, \"model\": \"flex.fleximage\", \"pk\": 8}]','8',46,78,'default'),(1051,'9','json','[{\"fields\": {\"subtitle\": null, \"title\": null, \"caption\": null, \"link\": null, \"images\": \"[{\'id\': 1}]\", \"ratio\": null, \"display\": null}, \"model\": \"flex.fleximage\", \"pk\": 9}]','9',46,78,'default'),(1052,'10','json','[{\"fields\": {\"code\": \"<pre>Quellcode</pre>\", \"subtitle\": \"Untertitel\", \"title\": \"Quellcode\"}, \"model\": \"flex.flexcode\", \"pk\": 10}]','Quellcode',48,78,'default'),(1053,'11','json','[{\"fields\": {\"fullscreen\": true, \"subtitle\": \"Untertitel\", \"title\": \"HTML5 Video\", \"mp4_url\": \"http://techslides.com/demos/sample-videos/small.mp4\", \"image\": \"[{u\'id\': u\'1\'}]\", \"auto_play\": false, \"mp4_file\": null, \"webm_file\": null, \"width\": 800, \"auto_hide\": false, \"ogv_file\": null, \"webm_url\": \"\", \"height\": 600, \"ogv_url\": \"\", \"loop\": false}, \"model\": \"flex.flexvideo\", \"pk\": 11}]','HTML5 Video',49,78,'default'),(1054,'4','json','[{\"fields\": {\"changed_date\": \"2016-05-30T15:55:26Z\", \"language\": \"de\", \"parent\": null, \"numchild\": 0, \"creation_date\": \"2016-05-30T15:09:24Z\", \"depth\": 1, \"position\": 0, \"path\": \"0003\", \"placeholder\": 3, \"plugin_type\": \"FlexImagePlugin\"}, \"model\": \"cms.cmsplugin\", \"pk\": 4}]','4',15,78,'default'),(1055,'1','json','[{\"fields\": {\"body\": \"<p>Lorem ipsum dolor sit amet, consetetur sadipscing elitr, sed diam nonumy eirmod tempor invidunt ut labore et dolore magna aliquyam erat, sed diam voluptua. At vero eos et accusam et justo duo dolores et ea rebum. Stet clita kasd gubergren, no sea takimata sanctus est Lorem ipsum dolor sit amet. Lorem ipsum dolor sit amet, consetetur sadipscing elitr, sed diam nonumy eirmod tempor invidunt ut labore et dolore magna aliquyam erat, sed diam voluptua. At vero eos et accusam et justo duo dolores et ea rebum. Stet clita kasd gubergren, no sea takimata sanctus est Lorem ipsum dolor sit amet. Lorem ipsum dolor sit amet, consetetur sadipscing elitr, sed diam nonumy eirmod tempor invidunt ut labore et dolore magna aliquyam erat, sed diam voluptua. At vero eos et accusam et justo duo dolores et ea rebum. Stet clita kasd gubergren, no sea takimata sanctus est Lorem ipsum dolor sit amet. &nbsp;&nbsp;</p>\\r\\n\\r\\n<p>Duis autem vel eum iriure dolor in hendrerit in vulputate velit esse molestie consequat, vel illum dolore eu feugiat nulla facilisis at vero eros et accumsan et iusto odio dignissim qui blandit praesent luptatum zzril delenit augue duis dolore te feugait nulla facilisi. Lorem ipsum dolor sit amet,</p>\\r\\n\", \"subtitle\": \"Untertitel\", \"title\": \"Text mit 2 Spalten\", \"abstract\": null, \"display\": null, \"columns\": 2}, \"model\": \"flex.flextext\", \"pk\": 1}]','Text mit 2 Spalten',45,78,'default'),(1056,'37','json','[{\"fields\": {\"changed_date\": \"2016-05-30T16:03:30Z\", \"language\": \"de\", \"parent\": null, \"numchild\": 2, \"creation_date\": \"2016-05-30T16:00:45Z\", \"depth\": 1, \"position\": 8, \"path\": \"000I\", \"placeholder\": 3, \"plugin_type\": \"FlexSectionPlugin\"}, \"model\": \"cms.cmsplugin\", \"pk\": 37}]','37',15,78,'default'),(1057,'38','json','[{\"fields\": {\"subtitle\": \"\", \"title\": \"\", \"caption\": \"\", \"link\": \"\", \"images\": \"[{u\'id\': u\'1\'}, {u\'id\': u\'2\'}]\", \"ratio\": null, \"display\": null}, \"model\": \"flex.fleximage\", \"pk\": 38}]','38',46,78,'default'),(1058,'39','json','[{\"fields\": {\"body\": \"<p>Inhaltstext, Inhaltstext, Inhaltstext</p>\\r\\n\", \"subtitle\": \"Untertitel\", \"title\": \"Titel\", \"abstract\": null, \"display\": null, \"columns\": 1}, \"model\": \"flex.flextext\", \"pk\": 39}]','Titel',45,78,'default'),(1059,'7','json','[{\"fields\": {\"subtitle\": null, \"title\": null, \"caption\": null, \"link\": null, \"images\": \"[{\'id\': 1}]\", \"ratio\": null, \"display\": null}, \"model\": \"flex.fleximage\", \"pk\": 7}]','7',46,78,'default'),(1060,'8','json','[{\"fields\": {\"changed_date\": \"2016-05-30T15:55:22Z\", \"language\": \"de\", \"parent\": 6, \"numchild\": 0, \"creation_date\": \"2016-05-30T15:35:09Z\", \"depth\": 2, \"position\": 3, \"path\": \"00040002\", \"placeholder\": 3, \"plugin_type\": \"FlexImagePlugin\"}, \"model\": \"cms.cmsplugin\", \"pk\": 8}]','8',15,78,'default'),(1061,'1','json','[{\"fields\": {\"menu_title\": null, \"meta_description\": null, \"page_title\": null, \"language\": \"de\", \"title\": \"Startseite\", \"has_url_overwrite\": false, \"redirect\": null, \"page\": 1, \"published\": true, \"path\": \"\", \"creation_date\": \"2016-05-17T16:12:09Z\", \"slug\": \"startseite\"}, \"model\": \"cms.title\", \"pk\": 1}]','Startseite (startseite, de)',16,78,'default'),(1062,'53','json','[{\"fields\": {\"subtitle\": null, \"title\": \"Willkommen\", \"caption\": \"\", \"link\": \"\", \"images\": \"[{u\'caption\': u\'\', u\'id\': u\'1\'}]\", \"ratio\": null, \"display\": null}, \"model\": \"flex.fleximage\", \"pk\": 53}]','Willkommen',46,78,'default'),(1063,'54','json','[{\"fields\": {\"division\": null, \"subtitle\": null, \"title\": \"\"}, \"model\": \"flex.flexsection\", \"pk\": 54}]','(kein Titel) (3 Spalten): Teaser 1, Teaser 2, Teaser 3',50,78,'default'),(1064,'9','json','[{\"fields\": {\"changed_date\": \"2016-05-30T15:55:22Z\", \"language\": \"de\", \"parent\": 6, \"numchild\": 0, \"creation_date\": \"2016-05-30T15:35:09Z\", \"depth\": 2, \"position\": 1, \"path\": \"00040004\", \"placeholder\": 3, \"plugin_type\": \"FlexImagePlugin\"}, \"model\": \"cms.cmsplugin\", \"pk\": 9}]','9',15,78,'default'),(1065,'56','json','[{\"fields\": {\"body\": \"<p>Inhaltstext, Inhaltstext, Inhaltstext</p>\\r\\n\", \"subtitle\": null, \"title\": \"Teaser 2\", \"caption\": null, \"link\": \"internal://page/11/de\", \"images\": \"[{u\'id\': 1}]\", \"ratio\": null, \"display\": null, \"columns\": 1}, \"model\": \"flex.flextextimage\", \"pk\": 56}]','Teaser 2',47,78,'default'),(1066,'57','json','[{\"fields\": {\"body\": \"<p>Inhaltstext, Inhaltstext, Inhaltstext</p>\\r\\n\", \"subtitle\": null, \"title\": \"Teaser 3\", \"caption\": null, \"link\": \"internal://page/8/de\", \"images\": \"[{u\'id\': 1}]\", \"ratio\": null, \"display\": null, \"columns\": 1}, \"model\": \"flex.flextextimage\", \"pk\": 57}]','Teaser 3',47,78,'default'),(1067,'6','json','[{\"fields\": {\"changed_date\": \"2016-05-30T15:58:16Z\", \"language\": \"de\", \"parent\": null, \"numchild\": 3, \"creation_date\": \"2016-05-30T15:33:13Z\", \"depth\": 1, \"position\": 3, \"path\": \"0004\", \"placeholder\": 3, \"plugin_type\": \"FlexSectionPlugin\"}, \"model\": \"cms.cmsplugin\", \"pk\": 6}]','6',15,78,'default'),(1068,'10','json','[{\"fields\": {\"changed_date\": \"2016-05-30T15:55:26Z\", \"language\": \"de\", \"parent\": null, \"numchild\": 0, \"creation_date\": \"2016-05-30T15:39:12Z\", \"depth\": 1, \"position\": 2, \"path\": \"000C\", \"placeholder\": 3, \"plugin_type\": \"FlexCodePlugin\"}, \"model\": \"cms.cmsplugin\", \"pk\": 10}]','10',15,78,'default'),(1069,'53','json','[{\"fields\": {\"changed_date\": \"2016-11-04T10:21:06Z\", \"language\": \"de\", \"parent\": null, \"numchild\": 0, \"creation_date\": \"2016-11-04T10:21:06Z\", \"depth\": 1, \"position\": 0, \"path\": \"000R\", \"placeholder\": 5, \"plugin_type\": \"FlexImagePlugin\"}, \"model\": \"cms.cmsplugin\", \"pk\": 53}]','53',15,78,'default'),(1070,'11','json','[{\"fields\": {\"changed_date\": \"2016-05-30T15:55:26Z\", \"language\": \"de\", \"parent\": null, \"numchild\": 0, \"creation_date\": \"2016-05-30T15:40:25Z\", \"depth\": 1, \"position\": 4, \"path\": \"0006\", \"placeholder\": 3, \"plugin_type\": \"FlexVideoPlugin\"}, \"model\": \"cms.cmsplugin\", \"pk\": 11}]','11',15,78,'default'),(1071,'54','json','[{\"fields\": {\"changed_date\": \"2016-11-04T10:21:38Z\", \"language\": \"de\", \"parent\": null, \"numchild\": 3, \"creation_date\": \"2016-11-04T10:21:38Z\", \"depth\": 1, \"position\": 1, \"path\": \"000S\", \"placeholder\": 5, \"plugin_type\": \"FlexSectionPlugin\"}, \"model\": \"cms.cmsplugin\", \"pk\": 54}]','54',15,78,'default'),(1072,'55','json','[{\"fields\": {\"body\": \"<p>Inhaltstext, Inhaltstext, Inhaltstext</p>\\r\\n\", \"subtitle\": null, \"title\": \"Teaser 1\", \"caption\": null, \"link\": \"internal://page/9/de\", \"images\": \"[{u\'id\': 1}]\", \"ratio\": null, \"display\": null, \"columns\": 1}, \"model\": \"flex.flextextimage\", \"pk\": 55}]','Teaser 1',47,78,'default'),(1073,'56','json','[{\"fields\": {\"changed_date\": \"2016-11-04T10:22:42Z\", \"language\": \"de\", \"parent\": 54, \"numchild\": 0, \"creation_date\": \"2016-11-04T10:21:38Z\", \"depth\": 2, \"position\": 1, \"path\": \"000S0002\", \"placeholder\": 5, \"plugin_type\": \"FlexTextImagePlugin\"}, \"model\": \"cms.cmsplugin\", \"pk\": 56}]','56',15,78,'default'),(1074,'58','json','[{\"fields\": {\"body\": \"<p>Hallo und willkommen auf unserer Website.</p>\\r\\n\\r\\n<p>Mehr</p>\\r\\n\", \"subtitle\": null, \"title\": \"Willkommen\", \"abstract\": null, \"display\": null, \"columns\": 1}, \"model\": \"flex.flextext\", \"pk\": 58}]','Willkommen',45,78,'default'),(1075,'57','json','[{\"fields\": {\"changed_date\": \"2016-11-04T10:22:54Z\", \"language\": \"de\", \"parent\": 54, \"numchild\": 0, \"creation_date\": \"2016-11-04T10:21:38Z\", \"depth\": 2, \"position\": 2, \"path\": \"000S0003\", \"placeholder\": 5, \"plugin_type\": \"FlexTextImagePlugin\"}, \"model\": \"cms.cmsplugin\", \"pk\": 57}]','57',15,78,'default'),(1076,'7','json','[{\"fields\": {\"changed_date\": \"2016-05-30T15:55:22Z\", \"language\": \"de\", \"parent\": 6, \"numchild\": 0, \"creation_date\": \"2016-05-30T15:35:09Z\", \"depth\": 2, \"position\": 0, \"path\": \"00040001\", \"placeholder\": 3, \"plugin_type\": \"FlexImagePlugin\"}, \"model\": \"cms.cmsplugin\", \"pk\": 7}]','7',15,78,'default'),(1077,'58','json','[{\"fields\": {\"changed_date\": \"2016-11-04T10:24:12Z\", \"language\": \"de\", \"parent\": null, \"numchild\": 0, \"creation_date\": \"2016-11-04T10:24:12Z\", \"depth\": 1, \"position\": 2, \"path\": \"000T\", \"placeholder\": 5, \"plugin_type\": \"FlexTextPlugin\"}, \"model\": \"cms.cmsplugin\", \"pk\": 58}]','58',15,78,'default'),(1078,'37','json','[{\"fields\": {\"division\": \"broad-left\", \"subtitle\": \"Untertitel\", \"title\": \"Mehrspalter 66% zu 33%\"}, \"model\": \"flex.flexsection\", \"pk\": 37}]','Mehrspalter 66% zu 33% (2 Spalten): 38, Titel',50,78,'default'),(1079,'38','json','[{\"fields\": {\"changed_date\": \"2016-05-30T16:01:45Z\", \"language\": \"de\", \"parent\": 37, \"numchild\": 0, \"creation_date\": \"2016-05-30T16:01:28Z\", \"depth\": 2, \"position\": 0, \"path\": \"000I0001\", \"placeholder\": 3, \"plugin_type\": \"FlexImagePlugin\"}, \"model\": \"cms.cmsplugin\", \"pk\": 38}]','38',15,78,'default'),(1080,'39','json','[{\"fields\": {\"changed_date\": \"2016-05-30T16:01:58Z\", \"language\": \"de\", \"parent\": 37, \"numchild\": 0, \"creation_date\": \"2016-05-30T16:01:28Z\", \"depth\": 2, \"position\": 1, \"path\": \"000I0002\", \"placeholder\": 3, \"plugin_type\": \"FlexTextPlugin\"}, \"model\": \"cms.cmsplugin\", \"pk\": 39}]','39',15,78,'default'),(1081,'55','json','[{\"fields\": {\"changed_date\": \"2016-11-04T10:22:28Z\", \"language\": \"de\", \"parent\": 54, \"numchild\": 0, \"creation_date\": \"2016-11-04T10:21:38Z\", \"depth\": 2, \"position\": 0, \"path\": \"000S0001\", \"placeholder\": 5, \"plugin_type\": \"FlexTextImagePlugin\"}, \"model\": \"cms.cmsplugin\", \"pk\": 55}]','55',15,78,'default'),(1082,'1','json','[{\"fields\": {\"navigation_extenders\": null, \"site\": 1, \"application_namespace\": null, \"path\": \"0001\", \"in_navigation\": false, \"reverse_id\": null, \"login_required\": false, \"created_by\": \"script\", \"languages\": \"de\", \"publication_end_date\": null, \"template\": \"default.html\", \"placeholders\": [3, 5], \"changed_date\": \"2016-11-04T10:24:12Z\", \"limit_visibility_in_menu\": null, \"parent\": null, \"numchild\": 0, \"soft_root\": false, \"is_home\": true, \"publication_date\": \"2016-05-30T14:42:50Z\", \"creation_date\": \"2016-05-17T16:12:09Z\", \"application_urls\": null, \"changed_by\": \"maisengasse\", \"xframe_options\": 0, \"depth\": 1, \"revision_id\": 0}, \"model\": \"cms.page\", \"pk\": 1}]','Startseite',2,79,'default'),(1083,'3','json','[{\"fields\": {\"slot\": \"main\", \"default_width\": null}, \"model\": \"cms.placeholder\", \"pk\": 3}]','main',1,79,'default'),(1084,'4','json','[{\"fields\": {\"subtitle\": \"\", \"title\": \"\", \"caption\": \"\", \"link\": \"\", \"images\": \"[{u\'id\': u\'1\'}, {u\'id\': u\'2\'}]\", \"ratio\": null, \"display\": null}, \"model\": \"flex.fleximage\", \"pk\": 4}]','4',46,79,'default'),(1085,'5','json','[{\"fields\": {\"slot\": \"content\", \"default_width\": null}, \"model\": \"cms.placeholder\", \"pk\": 5}]','content',1,79,'default'),(1086,'6','json','[{\"fields\": {\"division\": null, \"subtitle\": \"Untertitel\", \"title\": \"Mehrspalter\"}, \"model\": \"flex.flexsection\", \"pk\": 6}]','Mehrspalter (3 Spalten): 7, 9, 8',50,79,'default'),(1087,'1','json','[{\"fields\": {\"changed_date\": \"2016-05-30T15:55:26Z\", \"language\": \"de\", \"parent\": null, \"numchild\": 0, \"creation_date\": \"2016-05-30T15:02:09Z\", \"depth\": 1, \"position\": 1, \"path\": \"0001\", \"placeholder\": 3, \"plugin_type\": \"FlexTextPlugin\"}, \"model\": \"cms.cmsplugin\", \"pk\": 1}]','1',15,79,'default'),(1088,'8','json','[{\"fields\": {\"subtitle\": null, \"title\": null, \"caption\": null, \"link\": null, \"images\": \"[{\'id\': 1}]\", \"ratio\": null, \"display\": null}, \"model\": \"flex.fleximage\", \"pk\": 8}]','8',46,79,'default'),(1089,'9','json','[{\"fields\": {\"subtitle\": null, \"title\": null, \"caption\": null, \"link\": null, \"images\": \"[{\'id\': 1}]\", \"ratio\": null, \"display\": null}, \"model\": \"flex.fleximage\", \"pk\": 9}]','9',46,79,'default'),(1090,'10','json','[{\"fields\": {\"code\": \"<pre>Quellcode</pre>\", \"subtitle\": \"Untertitel\", \"title\": \"Quellcode\"}, \"model\": \"flex.flexcode\", \"pk\": 10}]','Quellcode',48,79,'default'),(1091,'11','json','[{\"fields\": {\"fullscreen\": true, \"subtitle\": \"Untertitel\", \"title\": \"HTML5 Video\", \"mp4_url\": \"http://techslides.com/demos/sample-videos/small.mp4\", \"image\": \"[{u\'id\': u\'1\'}]\", \"auto_play\": false, \"mp4_file\": null, \"webm_file\": null, \"width\": 800, \"auto_hide\": false, \"ogv_file\": null, \"webm_url\": \"\", \"height\": 600, \"ogv_url\": \"\", \"loop\": false}, \"model\": \"flex.flexvideo\", \"pk\": 11}]','HTML5 Video',49,79,'default'),(1092,'4','json','[{\"fields\": {\"changed_date\": \"2016-05-30T15:55:26Z\", \"language\": \"de\", \"parent\": null, \"numchild\": 0, \"creation_date\": \"2016-05-30T15:09:24Z\", \"depth\": 1, \"position\": 0, \"path\": \"0003\", \"placeholder\": 3, \"plugin_type\": \"FlexImagePlugin\"}, \"model\": \"cms.cmsplugin\", \"pk\": 4}]','4',15,79,'default'),(1093,'1','json','[{\"fields\": {\"body\": \"<p>Lorem ipsum dolor sit amet, consetetur sadipscing elitr, sed diam nonumy eirmod tempor invidunt ut labore et dolore magna aliquyam erat, sed diam voluptua. At vero eos et accusam et justo duo dolores et ea rebum. Stet clita kasd gubergren, no sea takimata sanctus est Lorem ipsum dolor sit amet. Lorem ipsum dolor sit amet, consetetur sadipscing elitr, sed diam nonumy eirmod tempor invidunt ut labore et dolore magna aliquyam erat, sed diam voluptua. At vero eos et accusam et justo duo dolores et ea rebum. Stet clita kasd gubergren, no sea takimata sanctus est Lorem ipsum dolor sit amet. Lorem ipsum dolor sit amet, consetetur sadipscing elitr, sed diam nonumy eirmod tempor invidunt ut labore et dolore magna aliquyam erat, sed diam voluptua. At vero eos et accusam et justo duo dolores et ea rebum. Stet clita kasd gubergren, no sea takimata sanctus est Lorem ipsum dolor sit amet. &nbsp;&nbsp;</p>\\r\\n\\r\\n<p>Duis autem vel eum iriure dolor in hendrerit in vulputate velit esse molestie consequat, vel illum dolore eu feugiat nulla facilisis at vero eros et accumsan et iusto odio dignissim qui blandit praesent luptatum zzril delenit augue duis dolore te feugait nulla facilisi. Lorem ipsum dolor sit amet,</p>\\r\\n\", \"subtitle\": \"Untertitel\", \"title\": \"Text mit 2 Spalten\", \"abstract\": null, \"display\": null, \"columns\": 2}, \"model\": \"flex.flextext\", \"pk\": 1}]','Text mit 2 Spalten',45,79,'default'),(1094,'37','json','[{\"fields\": {\"changed_date\": \"2016-05-30T16:03:30Z\", \"language\": \"de\", \"parent\": null, \"numchild\": 2, \"creation_date\": \"2016-05-30T16:00:45Z\", \"depth\": 1, \"position\": 8, \"path\": \"000I\", \"placeholder\": 3, \"plugin_type\": \"FlexSectionPlugin\"}, \"model\": \"cms.cmsplugin\", \"pk\": 37}]','37',15,79,'default'),(1095,'38','json','[{\"fields\": {\"subtitle\": \"\", \"title\": \"\", \"caption\": \"\", \"link\": \"\", \"images\": \"[{u\'id\': u\'1\'}, {u\'id\': u\'2\'}]\", \"ratio\": null, \"display\": null}, \"model\": \"flex.fleximage\", \"pk\": 38}]','38',46,79,'default'),(1096,'39','json','[{\"fields\": {\"body\": \"<p>Inhaltstext, Inhaltstext, Inhaltstext</p>\\r\\n\", \"subtitle\": \"Untertitel\", \"title\": \"Titel\", \"abstract\": null, \"display\": null, \"columns\": 1}, \"model\": \"flex.flextext\", \"pk\": 39}]','Titel',45,79,'default'),(1097,'7','json','[{\"fields\": {\"subtitle\": null, \"title\": null, \"caption\": null, \"link\": null, \"images\": \"[{\'id\': 1}]\", \"ratio\": null, \"display\": null}, \"model\": \"flex.fleximage\", \"pk\": 7}]','7',46,79,'default'),(1098,'8','json','[{\"fields\": {\"changed_date\": \"2016-05-30T15:55:22Z\", \"language\": \"de\", \"parent\": 6, \"numchild\": 0, \"creation_date\": \"2016-05-30T15:35:09Z\", \"depth\": 2, \"position\": 3, \"path\": \"00040002\", \"placeholder\": 3, \"plugin_type\": \"FlexImagePlugin\"}, \"model\": \"cms.cmsplugin\", \"pk\": 8}]','8',15,79,'default'),(1099,'1','json','[{\"fields\": {\"menu_title\": null, \"meta_description\": null, \"page_title\": null, \"language\": \"de\", \"title\": \"Startseite\", \"has_url_overwrite\": false, \"redirect\": null, \"page\": 1, \"published\": true, \"path\": \"\", \"creation_date\": \"2016-05-17T16:12:09Z\", \"slug\": \"startseite\"}, \"model\": \"cms.title\", \"pk\": 1}]','Startseite (startseite, de)',16,79,'default'),(1100,'53','json','[{\"fields\": {\"subtitle\": null, \"title\": \"Willkommen\", \"caption\": \"\", \"link\": \"\", \"images\": \"[{u\'caption\': u\'\', u\'id\': u\'1\'}]\", \"ratio\": null, \"display\": null}, \"model\": \"flex.fleximage\", \"pk\": 53}]','Willkommen',46,79,'default'),(1101,'54','json','[{\"fields\": {\"division\": null, \"subtitle\": null, \"title\": \"\"}, \"model\": \"flex.flexsection\", \"pk\": 54}]','(kein Titel) (3 Spalten): Teaser 1, Teaser 2, Teaser 3',50,79,'default'),(1102,'9','json','[{\"fields\": {\"changed_date\": \"2016-05-30T15:55:22Z\", \"language\": \"de\", \"parent\": 6, \"numchild\": 0, \"creation_date\": \"2016-05-30T15:35:09Z\", \"depth\": 2, \"position\": 1, \"path\": \"00040004\", \"placeholder\": 3, \"plugin_type\": \"FlexImagePlugin\"}, \"model\": \"cms.cmsplugin\", \"pk\": 9}]','9',15,79,'default'),(1103,'56','json','[{\"fields\": {\"body\": \"<p>Inhaltstext, Inhaltstext, Inhaltstext</p>\\r\\n\", \"subtitle\": null, \"title\": \"Teaser 2\", \"caption\": null, \"link\": \"internal://page/11/de\", \"images\": \"[{u\'id\': 1}]\", \"ratio\": null, \"display\": null, \"columns\": 1}, \"model\": \"flex.flextextimage\", \"pk\": 56}]','Teaser 2',47,79,'default'),(1104,'57','json','[{\"fields\": {\"body\": \"<p>Inhaltstext, Inhaltstext, Inhaltstext</p>\\r\\n\", \"subtitle\": null, \"title\": \"Teaser 3\", \"caption\": null, \"link\": \"internal://page/8/de\", \"images\": \"[{u\'id\': 1}]\", \"ratio\": null, \"display\": null, \"columns\": 1}, \"model\": \"flex.flextextimage\", \"pk\": 57}]','Teaser 3',47,79,'default'),(1105,'6','json','[{\"fields\": {\"changed_date\": \"2016-05-30T15:58:16Z\", \"language\": \"de\", \"parent\": null, \"numchild\": 3, \"creation_date\": \"2016-05-30T15:33:13Z\", \"depth\": 1, \"position\": 3, \"path\": \"0004\", \"placeholder\": 3, \"plugin_type\": \"FlexSectionPlugin\"}, \"model\": \"cms.cmsplugin\", \"pk\": 6}]','6',15,79,'default'),(1106,'10','json','[{\"fields\": {\"changed_date\": \"2016-05-30T15:55:26Z\", \"language\": \"de\", \"parent\": null, \"numchild\": 0, \"creation_date\": \"2016-05-30T15:39:12Z\", \"depth\": 1, \"position\": 2, \"path\": \"000C\", \"placeholder\": 3, \"plugin_type\": \"FlexCodePlugin\"}, \"model\": \"cms.cmsplugin\", \"pk\": 10}]','10',15,79,'default'),(1107,'53','json','[{\"fields\": {\"changed_date\": \"2016-11-04T10:21:06Z\", \"language\": \"de\", \"parent\": null, \"numchild\": 0, \"creation_date\": \"2016-11-04T10:21:06Z\", \"depth\": 1, \"position\": 0, \"path\": \"000R\", \"placeholder\": 5, \"plugin_type\": \"FlexImagePlugin\"}, \"model\": \"cms.cmsplugin\", \"pk\": 53}]','53',15,79,'default'),(1108,'11','json','[{\"fields\": {\"changed_date\": \"2016-05-30T15:55:26Z\", \"language\": \"de\", \"parent\": null, \"numchild\": 0, \"creation_date\": \"2016-05-30T15:40:25Z\", \"depth\": 1, \"position\": 4, \"path\": \"0006\", \"placeholder\": 3, \"plugin_type\": \"FlexVideoPlugin\"}, \"model\": \"cms.cmsplugin\", \"pk\": 11}]','11',15,79,'default'),(1109,'54','json','[{\"fields\": {\"changed_date\": \"2016-11-04T10:21:38Z\", \"language\": \"de\", \"parent\": null, \"numchild\": 3, \"creation_date\": \"2016-11-04T10:21:38Z\", \"depth\": 1, \"position\": 1, \"path\": \"000S\", \"placeholder\": 5, \"plugin_type\": \"FlexSectionPlugin\"}, \"model\": \"cms.cmsplugin\", \"pk\": 54}]','54',15,79,'default'),(1110,'55','json','[{\"fields\": {\"body\": \"<p>Inhaltstext, Inhaltstext, Inhaltstext</p>\\r\\n\", \"subtitle\": null, \"title\": \"Teaser 1\", \"caption\": null, \"link\": \"internal://page/9/de\", \"images\": \"[{u\'id\': 1}]\", \"ratio\": null, \"display\": null, \"columns\": 1}, \"model\": \"flex.flextextimage\", \"pk\": 55}]','Teaser 1',47,79,'default'),(1111,'56','json','[{\"fields\": {\"changed_date\": \"2016-11-04T10:22:42Z\", \"language\": \"de\", \"parent\": 54, \"numchild\": 0, \"creation_date\": \"2016-11-04T10:21:38Z\", \"depth\": 2, \"position\": 1, \"path\": \"000S0002\", \"placeholder\": 5, \"plugin_type\": \"FlexTextImagePlugin\"}, \"model\": \"cms.cmsplugin\", \"pk\": 56}]','56',15,79,'default'),(1112,'58','json','[{\"fields\": {\"body\": \"<p>Hallo und willkommen auf unserer Website.</p>\\r\\n\\r\\n<p><a href=\\\"internal://page/7/de\\\">Mehr</a></p>\\r\\n\", \"subtitle\": null, \"title\": \"Willkommen\", \"abstract\": null, \"display\": null, \"columns\": 1}, \"model\": \"flex.flextext\", \"pk\": 58}]','Willkommen',45,79,'default'),(1113,'57','json','[{\"fields\": {\"changed_date\": \"2016-11-04T10:22:54Z\", \"language\": \"de\", \"parent\": 54, \"numchild\": 0, \"creation_date\": \"2016-11-04T10:21:38Z\", \"depth\": 2, \"position\": 2, \"path\": \"000S0003\", \"placeholder\": 5, \"plugin_type\": \"FlexTextImagePlugin\"}, \"model\": \"cms.cmsplugin\", \"pk\": 57}]','57',15,79,'default'),(1114,'7','json','[{\"fields\": {\"changed_date\": \"2016-05-30T15:55:22Z\", \"language\": \"de\", \"parent\": 6, \"numchild\": 0, \"creation_date\": \"2016-05-30T15:35:09Z\", \"depth\": 2, \"position\": 0, \"path\": \"00040001\", \"placeholder\": 3, \"plugin_type\": \"FlexImagePlugin\"}, \"model\": \"cms.cmsplugin\", \"pk\": 7}]','7',15,79,'default'),(1115,'58','json','[{\"fields\": {\"changed_date\": \"2016-11-04T10:26:16Z\", \"language\": \"de\", \"parent\": null, \"numchild\": 0, \"creation_date\": \"2016-11-04T10:24:12Z\", \"depth\": 1, \"position\": 2, \"path\": \"000T\", \"placeholder\": 5, \"plugin_type\": \"FlexTextPlugin\"}, \"model\": \"cms.cmsplugin\", \"pk\": 58}]','58',15,79,'default'),(1116,'37','json','[{\"fields\": {\"division\": \"broad-left\", \"subtitle\": \"Untertitel\", \"title\": \"Mehrspalter 66% zu 33%\"}, \"model\": \"flex.flexsection\", \"pk\": 37}]','Mehrspalter 66% zu 33% (2 Spalten): 38, Titel',50,79,'default'),(1117,'38','json','[{\"fields\": {\"changed_date\": \"2016-05-30T16:01:45Z\", \"language\": \"de\", \"parent\": 37, \"numchild\": 0, \"creation_date\": \"2016-05-30T16:01:28Z\", \"depth\": 2, \"position\": 0, \"path\": \"000I0001\", \"placeholder\": 3, \"plugin_type\": \"FlexImagePlugin\"}, \"model\": \"cms.cmsplugin\", \"pk\": 38}]','38',15,79,'default'),(1118,'39','json','[{\"fields\": {\"changed_date\": \"2016-05-30T16:01:58Z\", \"language\": \"de\", \"parent\": 37, \"numchild\": 0, \"creation_date\": \"2016-05-30T16:01:28Z\", \"depth\": 2, \"position\": 1, \"path\": \"000I0002\", \"placeholder\": 3, \"plugin_type\": \"FlexTextPlugin\"}, \"model\": \"cms.cmsplugin\", \"pk\": 39}]','39',15,79,'default'),(1119,'55','json','[{\"fields\": {\"changed_date\": \"2016-11-04T10:22:28Z\", \"language\": \"de\", \"parent\": 54, \"numchild\": 0, \"creation_date\": \"2016-11-04T10:21:38Z\", \"depth\": 2, \"position\": 0, \"path\": \"000S0001\", \"placeholder\": 5, \"plugin_type\": \"FlexTextImagePlugin\"}, \"model\": \"cms.cmsplugin\", \"pk\": 55}]','55',15,79,'default'),(1120,'1','json','[{\"fields\": {\"navigation_extenders\": null, \"site\": 1, \"application_namespace\": null, \"path\": \"0001\", \"in_navigation\": false, \"reverse_id\": null, \"login_required\": false, \"created_by\": \"script\", \"languages\": \"de\", \"publication_end_date\": null, \"template\": \"default.html\", \"placeholders\": [3, 5], \"changed_date\": \"2016-11-04T10:26:16Z\", \"limit_visibility_in_menu\": null, \"parent\": null, \"numchild\": 0, \"soft_root\": false, \"is_home\": true, \"publication_date\": \"2016-05-30T14:42:50Z\", \"creation_date\": \"2016-05-17T16:12:09Z\", \"application_urls\": null, \"changed_by\": \"maisengasse\", \"xframe_options\": 0, \"depth\": 1, \"revision_id\": 0}, \"model\": \"cms.page\", \"pk\": 1}]','Startseite',2,80,'default'),(1121,'3','json','[{\"fields\": {\"slot\": \"main\", \"default_width\": null}, \"model\": \"cms.placeholder\", \"pk\": 3}]','main',1,80,'default'),(1122,'4','json','[{\"fields\": {\"subtitle\": \"\", \"title\": \"\", \"caption\": \"\", \"link\": \"\", \"images\": \"[{u\'id\': u\'1\'}, {u\'id\': u\'2\'}]\", \"ratio\": null, \"display\": null}, \"model\": \"flex.fleximage\", \"pk\": 4}]','4',46,80,'default'),(1123,'5','json','[{\"fields\": {\"slot\": \"content\", \"default_width\": null}, \"model\": \"cms.placeholder\", \"pk\": 5}]','content',1,80,'default'),(1124,'6','json','[{\"fields\": {\"division\": null, \"subtitle\": \"Untertitel\", \"title\": \"Mehrspalter\"}, \"model\": \"flex.flexsection\", \"pk\": 6}]','Mehrspalter (3 Spalten): 7, 9, 8',50,80,'default'),(1125,'1','json','[{\"fields\": {\"changed_date\": \"2016-05-30T15:55:26Z\", \"language\": \"de\", \"parent\": null, \"numchild\": 0, \"creation_date\": \"2016-05-30T15:02:09Z\", \"depth\": 1, \"position\": 1, \"path\": \"0001\", \"placeholder\": 3, \"plugin_type\": \"FlexTextPlugin\"}, \"model\": \"cms.cmsplugin\", \"pk\": 1}]','1',15,80,'default'),(1126,'8','json','[{\"fields\": {\"subtitle\": null, \"title\": null, \"caption\": null, \"link\": null, \"images\": \"[{\'id\': 1}]\", \"ratio\": null, \"display\": null}, \"model\": \"flex.fleximage\", \"pk\": 8}]','8',46,80,'default'),(1127,'9','json','[{\"fields\": {\"subtitle\": null, \"title\": null, \"caption\": null, \"link\": null, \"images\": \"[{\'id\': 1}]\", \"ratio\": null, \"display\": null}, \"model\": \"flex.fleximage\", \"pk\": 9}]','9',46,80,'default'),(1128,'10','json','[{\"fields\": {\"code\": \"<pre>Quellcode</pre>\", \"subtitle\": \"Untertitel\", \"title\": \"Quellcode\"}, \"model\": \"flex.flexcode\", \"pk\": 10}]','Quellcode',48,80,'default'),(1129,'11','json','[{\"fields\": {\"fullscreen\": true, \"subtitle\": \"Untertitel\", \"title\": \"HTML5 Video\", \"mp4_url\": \"http://techslides.com/demos/sample-videos/small.mp4\", \"image\": \"[{u\'id\': u\'1\'}]\", \"auto_play\": false, \"mp4_file\": null, \"webm_file\": null, \"width\": 800, \"auto_hide\": false, \"ogv_file\": null, \"webm_url\": \"\", \"height\": 600, \"ogv_url\": \"\", \"loop\": false}, \"model\": \"flex.flexvideo\", \"pk\": 11}]','HTML5 Video',49,80,'default'),(1130,'4','json','[{\"fields\": {\"changed_date\": \"2016-05-30T15:55:26Z\", \"language\": \"de\", \"parent\": null, \"numchild\": 0, \"creation_date\": \"2016-05-30T15:09:24Z\", \"depth\": 1, \"position\": 0, \"path\": \"0003\", \"placeholder\": 3, \"plugin_type\": \"FlexImagePlugin\"}, \"model\": \"cms.cmsplugin\", \"pk\": 4}]','4',15,80,'default'),(1131,'1','json','[{\"fields\": {\"body\": \"<p>Lorem ipsum dolor sit amet, consetetur sadipscing elitr, sed diam nonumy eirmod tempor invidunt ut labore et dolore magna aliquyam erat, sed diam voluptua. At vero eos et accusam et justo duo dolores et ea rebum. Stet clita kasd gubergren, no sea takimata sanctus est Lorem ipsum dolor sit amet. Lorem ipsum dolor sit amet, consetetur sadipscing elitr, sed diam nonumy eirmod tempor invidunt ut labore et dolore magna aliquyam erat, sed diam voluptua. At vero eos et accusam et justo duo dolores et ea rebum. Stet clita kasd gubergren, no sea takimata sanctus est Lorem ipsum dolor sit amet. Lorem ipsum dolor sit amet, consetetur sadipscing elitr, sed diam nonumy eirmod tempor invidunt ut labore et dolore magna aliquyam erat, sed diam voluptua. At vero eos et accusam et justo duo dolores et ea rebum. Stet clita kasd gubergren, no sea takimata sanctus est Lorem ipsum dolor sit amet. &nbsp;&nbsp;</p>\\r\\n\\r\\n<p>Duis autem vel eum iriure dolor in hendrerit in vulputate velit esse molestie consequat, vel illum dolore eu feugiat nulla facilisis at vero eros et accumsan et iusto odio dignissim qui blandit praesent luptatum zzril delenit augue duis dolore te feugait nulla facilisi. Lorem ipsum dolor sit amet,</p>\\r\\n\", \"subtitle\": \"Untertitel\", \"title\": \"Text mit 2 Spalten\", \"abstract\": null, \"display\": null, \"columns\": 2}, \"model\": \"flex.flextext\", \"pk\": 1}]','Text mit 2 Spalten',45,80,'default'),(1132,'37','json','[{\"fields\": {\"changed_date\": \"2016-05-30T16:03:30Z\", \"language\": \"de\", \"parent\": null, \"numchild\": 2, \"creation_date\": \"2016-05-30T16:00:45Z\", \"depth\": 1, \"position\": 8, \"path\": \"000I\", \"placeholder\": 3, \"plugin_type\": \"FlexSectionPlugin\"}, \"model\": \"cms.cmsplugin\", \"pk\": 37}]','37',15,80,'default'),(1133,'38','json','[{\"fields\": {\"subtitle\": \"\", \"title\": \"\", \"caption\": \"\", \"link\": \"\", \"images\": \"[{u\'id\': u\'1\'}, {u\'id\': u\'2\'}]\", \"ratio\": null, \"display\": null}, \"model\": \"flex.fleximage\", \"pk\": 38}]','38',46,80,'default'),(1134,'39','json','[{\"fields\": {\"body\": \"<p>Inhaltstext, Inhaltstext, Inhaltstext</p>\\r\\n\", \"subtitle\": \"Untertitel\", \"title\": \"Titel\", \"abstract\": null, \"display\": null, \"columns\": 1}, \"model\": \"flex.flextext\", \"pk\": 39}]','Titel',45,80,'default'),(1135,'7','json','[{\"fields\": {\"subtitle\": null, \"title\": null, \"caption\": null, \"link\": null, \"images\": \"[{\'id\': 1}]\", \"ratio\": null, \"display\": null}, \"model\": \"flex.fleximage\", \"pk\": 7}]','7',46,80,'default'),(1136,'8','json','[{\"fields\": {\"changed_date\": \"2016-05-30T15:55:22Z\", \"language\": \"de\", \"parent\": 6, \"numchild\": 0, \"creation_date\": \"2016-05-30T15:35:09Z\", \"depth\": 2, \"position\": 3, \"path\": \"00040002\", \"placeholder\": 3, \"plugin_type\": \"FlexImagePlugin\"}, \"model\": \"cms.cmsplugin\", \"pk\": 8}]','8',15,80,'default'),(1137,'1','json','[{\"fields\": {\"menu_title\": null, \"meta_description\": null, \"page_title\": null, \"language\": \"de\", \"title\": \"Startseite\", \"has_url_overwrite\": false, \"redirect\": null, \"page\": 1, \"published\": true, \"path\": \"\", \"creation_date\": \"2016-05-17T16:12:09Z\", \"slug\": \"startseite\"}, \"model\": \"cms.title\", \"pk\": 1}]','Startseite (startseite, de)',16,80,'default'),(1138,'53','json','[{\"fields\": {\"subtitle\": null, \"title\": \"Willkommen\", \"caption\": \"\", \"link\": \"\", \"images\": \"[{u\'caption\': u\'\', u\'id\': u\'1\'}]\", \"ratio\": null, \"display\": null}, \"model\": \"flex.fleximage\", \"pk\": 53}]','Willkommen',46,80,'default'),(1139,'54','json','[{\"fields\": {\"division\": null, \"subtitle\": null, \"title\": \"\"}, \"model\": \"flex.flexsection\", \"pk\": 54}]','(kein Titel) (3 Spalten): Teaser 1, Teaser 2, Teaser 3',50,80,'default'),(1140,'9','json','[{\"fields\": {\"changed_date\": \"2016-05-30T15:55:22Z\", \"language\": \"de\", \"parent\": 6, \"numchild\": 0, \"creation_date\": \"2016-05-30T15:35:09Z\", \"depth\": 2, \"position\": 1, \"path\": \"00040004\", \"placeholder\": 3, \"plugin_type\": \"FlexImagePlugin\"}, \"model\": \"cms.cmsplugin\", \"pk\": 9}]','9',15,80,'default'),(1141,'56','json','[{\"fields\": {\"body\": \"<p>Inhaltstext, Inhaltstext, Inhaltstext</p>\\r\\n\", \"subtitle\": null, \"title\": \"Teaser 2\", \"caption\": null, \"link\": \"internal://page/11/de\", \"images\": \"[{u\'id\': 1}]\", \"ratio\": null, \"display\": null, \"columns\": 1}, \"model\": \"flex.flextextimage\", \"pk\": 56}]','Teaser 2',47,80,'default'),(1142,'57','json','[{\"fields\": {\"body\": \"<p>Inhaltstext, Inhaltstext, Inhaltstext</p>\\r\\n\", \"subtitle\": null, \"title\": \"Teaser 3\", \"caption\": null, \"link\": \"internal://page/8/de\", \"images\": \"[{u\'id\': 1}]\", \"ratio\": null, \"display\": null, \"columns\": 1}, \"model\": \"flex.flextextimage\", \"pk\": 57}]','Teaser 3',47,80,'default'),(1143,'6','json','[{\"fields\": {\"changed_date\": \"2016-05-30T15:58:16Z\", \"language\": \"de\", \"parent\": null, \"numchild\": 3, \"creation_date\": \"2016-05-30T15:33:13Z\", \"depth\": 1, \"position\": 3, \"path\": \"0004\", \"placeholder\": 3, \"plugin_type\": \"FlexSectionPlugin\"}, \"model\": \"cms.cmsplugin\", \"pk\": 6}]','6',15,80,'default'),(1144,'10','json','[{\"fields\": {\"changed_date\": \"2016-05-30T15:55:26Z\", \"language\": \"de\", \"parent\": null, \"numchild\": 0, \"creation_date\": \"2016-05-30T15:39:12Z\", \"depth\": 1, \"position\": 2, \"path\": \"000C\", \"placeholder\": 3, \"plugin_type\": \"FlexCodePlugin\"}, \"model\": \"cms.cmsplugin\", \"pk\": 10}]','10',15,80,'default'),(1145,'53','json','[{\"fields\": {\"changed_date\": \"2016-11-04T10:21:06Z\", \"language\": \"de\", \"parent\": null, \"numchild\": 0, \"creation_date\": \"2016-11-04T10:21:06Z\", \"depth\": 1, \"position\": 0, \"path\": \"000R\", \"placeholder\": 5, \"plugin_type\": \"FlexImagePlugin\"}, \"model\": \"cms.cmsplugin\", \"pk\": 53}]','53',15,80,'default'),(1146,'11','json','[{\"fields\": {\"changed_date\": \"2016-05-30T15:55:26Z\", \"language\": \"de\", \"parent\": null, \"numchild\": 0, \"creation_date\": \"2016-05-30T15:40:25Z\", \"depth\": 1, \"position\": 4, \"path\": \"0006\", \"placeholder\": 3, \"plugin_type\": \"FlexVideoPlugin\"}, \"model\": \"cms.cmsplugin\", \"pk\": 11}]','11',15,80,'default'),(1147,'54','json','[{\"fields\": {\"changed_date\": \"2016-11-04T10:21:38Z\", \"language\": \"de\", \"parent\": null, \"numchild\": 3, \"creation_date\": \"2016-11-04T10:21:38Z\", \"depth\": 1, \"position\": 2, \"path\": \"000S\", \"placeholder\": 5, \"plugin_type\": \"FlexSectionPlugin\"}, \"model\": \"cms.cmsplugin\", \"pk\": 54}]','54',15,80,'default'),(1148,'55','json','[{\"fields\": {\"body\": \"<p>Inhaltstext, Inhaltstext, Inhaltstext</p>\\r\\n\", \"subtitle\": null, \"title\": \"Teaser 1\", \"caption\": null, \"link\": \"internal://page/9/de\", \"images\": \"[{u\'id\': 1}]\", \"ratio\": null, \"display\": null, \"columns\": 1}, \"model\": \"flex.flextextimage\", \"pk\": 55}]','Teaser 1',47,80,'default'),(1149,'56','json','[{\"fields\": {\"changed_date\": \"2016-11-04T10:22:42Z\", \"language\": \"de\", \"parent\": 54, \"numchild\": 0, \"creation_date\": \"2016-11-04T10:21:38Z\", \"depth\": 2, \"position\": 1, \"path\": \"000S0002\", \"placeholder\": 5, \"plugin_type\": \"FlexTextImagePlugin\"}, \"model\": \"cms.cmsplugin\", \"pk\": 56}]','56',15,80,'default'),(1150,'58','json','[{\"fields\": {\"body\": \"<p>Hallo und willkommen auf unserer Website.</p>\\r\\n\\r\\n<p><a href=\\\"internal://page/7/de\\\">Mehr</a></p>\\r\\n\", \"subtitle\": null, \"title\": \"Willkommen\", \"abstract\": null, \"display\": null, \"columns\": 1}, \"model\": \"flex.flextext\", \"pk\": 58}]','Willkommen',45,80,'default'),(1151,'57','json','[{\"fields\": {\"changed_date\": \"2016-11-04T10:22:54Z\", \"language\": \"de\", \"parent\": 54, \"numchild\": 0, \"creation_date\": \"2016-11-04T10:21:38Z\", \"depth\": 2, \"position\": 2, \"path\": \"000S0003\", \"placeholder\": 5, \"plugin_type\": \"FlexTextImagePlugin\"}, \"model\": \"cms.cmsplugin\", \"pk\": 57}]','57',15,80,'default'),(1152,'7','json','[{\"fields\": {\"changed_date\": \"2016-05-30T15:55:22Z\", \"language\": \"de\", \"parent\": 6, \"numchild\": 0, \"creation_date\": \"2016-05-30T15:35:09Z\", \"depth\": 2, \"position\": 0, \"path\": \"00040001\", \"placeholder\": 3, \"plugin_type\": \"FlexImagePlugin\"}, \"model\": \"cms.cmsplugin\", \"pk\": 7}]','7',15,80,'default'),(1153,'58','json','[{\"fields\": {\"changed_date\": \"2016-11-04T10:26:16Z\", \"language\": \"de\", \"parent\": null, \"numchild\": 0, \"creation_date\": \"2016-11-04T10:24:12Z\", \"depth\": 1, \"position\": 1, \"path\": \"000T\", \"placeholder\": 5, \"plugin_type\": \"FlexTextPlugin\"}, \"model\": \"cms.cmsplugin\", \"pk\": 58}]','58',15,80,'default'),(1154,'37','json','[{\"fields\": {\"division\": \"broad-left\", \"subtitle\": \"Untertitel\", \"title\": \"Mehrspalter 66% zu 33%\"}, \"model\": \"flex.flexsection\", \"pk\": 37}]','Mehrspalter 66% zu 33% (2 Spalten): 38, Titel',50,80,'default'),(1155,'38','json','[{\"fields\": {\"changed_date\": \"2016-05-30T16:01:45Z\", \"language\": \"de\", \"parent\": 37, \"numchild\": 0, \"creation_date\": \"2016-05-30T16:01:28Z\", \"depth\": 2, \"position\": 0, \"path\": \"000I0001\", \"placeholder\": 3, \"plugin_type\": \"FlexImagePlugin\"}, \"model\": \"cms.cmsplugin\", \"pk\": 38}]','38',15,80,'default'),(1156,'39','json','[{\"fields\": {\"changed_date\": \"2016-05-30T16:01:58Z\", \"language\": \"de\", \"parent\": 37, \"numchild\": 0, \"creation_date\": \"2016-05-30T16:01:28Z\", \"depth\": 2, \"position\": 1, \"path\": \"000I0002\", \"placeholder\": 3, \"plugin_type\": \"FlexTextPlugin\"}, \"model\": \"cms.cmsplugin\", \"pk\": 39}]','39',15,80,'default'),(1157,'55','json','[{\"fields\": {\"changed_date\": \"2016-11-04T10:22:28Z\", \"language\": \"de\", \"parent\": 54, \"numchild\": 0, \"creation_date\": \"2016-11-04T10:21:38Z\", \"depth\": 2, \"position\": 0, \"path\": \"000S0001\", \"placeholder\": 5, \"plugin_type\": \"FlexTextImagePlugin\"}, \"model\": \"cms.cmsplugin\", \"pk\": 55}]','55',15,80,'default'),(1158,'1','json','[{\"fields\": {\"navigation_extenders\": null, \"site\": 1, \"application_namespace\": null, \"path\": \"0001\", \"in_navigation\": false, \"reverse_id\": null, \"login_required\": false, \"created_by\": \"script\", \"languages\": \"de\", \"publication_end_date\": null, \"template\": \"default.html\", \"placeholders\": [3, 5], \"changed_date\": \"2016-11-04T10:26:22Z\", \"limit_visibility_in_menu\": null, \"parent\": null, \"numchild\": 0, \"soft_root\": false, \"is_home\": true, \"publication_date\": \"2016-05-30T14:42:50Z\", \"creation_date\": \"2016-05-17T16:12:09Z\", \"application_urls\": null, \"changed_by\": \"maisengasse\", \"xframe_options\": 0, \"depth\": 1, \"revision_id\": 0}, \"model\": \"cms.page\", \"pk\": 1}]','Startseite',2,81,'default'),(1159,'3','json','[{\"fields\": {\"slot\": \"main\", \"default_width\": null}, \"model\": \"cms.placeholder\", \"pk\": 3}]','main',1,81,'default'),(1160,'4','json','[{\"fields\": {\"subtitle\": \"\", \"title\": \"\", \"caption\": \"\", \"link\": \"\", \"images\": \"[{u\'id\': u\'1\'}, {u\'id\': u\'2\'}]\", \"ratio\": null, \"display\": null}, \"model\": \"flex.fleximage\", \"pk\": 4}]','4',46,81,'default'),(1161,'5','json','[{\"fields\": {\"slot\": \"content\", \"default_width\": null}, \"model\": \"cms.placeholder\", \"pk\": 5}]','content',1,81,'default'),(1162,'6','json','[{\"fields\": {\"division\": null, \"subtitle\": \"Untertitel\", \"title\": \"Mehrspalter\"}, \"model\": \"flex.flexsection\", \"pk\": 6}]','Mehrspalter (3 Spalten): 7, 9, 8',50,81,'default'),(1163,'1','json','[{\"fields\": {\"changed_date\": \"2016-05-30T15:55:26Z\", \"language\": \"de\", \"parent\": null, \"numchild\": 0, \"creation_date\": \"2016-05-30T15:02:09Z\", \"depth\": 1, \"position\": 1, \"path\": \"0001\", \"placeholder\": 3, \"plugin_type\": \"FlexTextPlugin\"}, \"model\": \"cms.cmsplugin\", \"pk\": 1}]','1',15,81,'default'),(1164,'8','json','[{\"fields\": {\"subtitle\": null, \"title\": null, \"caption\": null, \"link\": null, \"images\": \"[{\'id\': 1}]\", \"ratio\": null, \"display\": null}, \"model\": \"flex.fleximage\", \"pk\": 8}]','8',46,81,'default'),(1165,'9','json','[{\"fields\": {\"subtitle\": null, \"title\": null, \"caption\": null, \"link\": null, \"images\": \"[{\'id\': 1}]\", \"ratio\": null, \"display\": null}, \"model\": \"flex.fleximage\", \"pk\": 9}]','9',46,81,'default'),(1166,'10','json','[{\"fields\": {\"code\": \"<pre>Quellcode</pre>\", \"subtitle\": \"Untertitel\", \"title\": \"Quellcode\"}, \"model\": \"flex.flexcode\", \"pk\": 10}]','Quellcode',48,81,'default'),(1167,'11','json','[{\"fields\": {\"fullscreen\": true, \"subtitle\": \"Untertitel\", \"title\": \"HTML5 Video\", \"mp4_url\": \"http://techslides.com/demos/sample-videos/small.mp4\", \"image\": \"[{u\'id\': u\'1\'}]\", \"auto_play\": false, \"mp4_file\": null, \"webm_file\": null, \"width\": 800, \"auto_hide\": false, \"ogv_file\": null, \"webm_url\": \"\", \"height\": 600, \"ogv_url\": \"\", \"loop\": false}, \"model\": \"flex.flexvideo\", \"pk\": 11}]','HTML5 Video',49,81,'default'),(1168,'4','json','[{\"fields\": {\"changed_date\": \"2016-05-30T15:55:26Z\", \"language\": \"de\", \"parent\": null, \"numchild\": 0, \"creation_date\": \"2016-05-30T15:09:24Z\", \"depth\": 1, \"position\": 0, \"path\": \"0003\", \"placeholder\": 3, \"plugin_type\": \"FlexImagePlugin\"}, \"model\": \"cms.cmsplugin\", \"pk\": 4}]','4',15,81,'default'),(1169,'1','json','[{\"fields\": {\"body\": \"<p>Lorem ipsum dolor sit amet, consetetur sadipscing elitr, sed diam nonumy eirmod tempor invidunt ut labore et dolore magna aliquyam erat, sed diam voluptua. At vero eos et accusam et justo duo dolores et ea rebum. Stet clita kasd gubergren, no sea takimata sanctus est Lorem ipsum dolor sit amet. Lorem ipsum dolor sit amet, consetetur sadipscing elitr, sed diam nonumy eirmod tempor invidunt ut labore et dolore magna aliquyam erat, sed diam voluptua. At vero eos et accusam et justo duo dolores et ea rebum. Stet clita kasd gubergren, no sea takimata sanctus est Lorem ipsum dolor sit amet. Lorem ipsum dolor sit amet, consetetur sadipscing elitr, sed diam nonumy eirmod tempor invidunt ut labore et dolore magna aliquyam erat, sed diam voluptua. At vero eos et accusam et justo duo dolores et ea rebum. Stet clita kasd gubergren, no sea takimata sanctus est Lorem ipsum dolor sit amet. &nbsp;&nbsp;</p>\\r\\n\\r\\n<p>Duis autem vel eum iriure dolor in hendrerit in vulputate velit esse molestie consequat, vel illum dolore eu feugiat nulla facilisis at vero eros et accumsan et iusto odio dignissim qui blandit praesent luptatum zzril delenit augue duis dolore te feugait nulla facilisi. Lorem ipsum dolor sit amet,</p>\\r\\n\", \"subtitle\": \"Untertitel\", \"title\": \"Text mit 2 Spalten\", \"abstract\": null, \"display\": null, \"columns\": 2}, \"model\": \"flex.flextext\", \"pk\": 1}]','Text mit 2 Spalten',45,81,'default'),(1170,'37','json','[{\"fields\": {\"changed_date\": \"2016-05-30T16:03:30Z\", \"language\": \"de\", \"parent\": null, \"numchild\": 2, \"creation_date\": \"2016-05-30T16:00:45Z\", \"depth\": 1, \"position\": 8, \"path\": \"000I\", \"placeholder\": 3, \"plugin_type\": \"FlexSectionPlugin\"}, \"model\": \"cms.cmsplugin\", \"pk\": 37}]','37',15,81,'default'),(1171,'38','json','[{\"fields\": {\"subtitle\": \"\", \"title\": \"\", \"caption\": \"\", \"link\": \"\", \"images\": \"[{u\'id\': u\'1\'}, {u\'id\': u\'2\'}]\", \"ratio\": null, \"display\": null}, \"model\": \"flex.fleximage\", \"pk\": 38}]','38',46,81,'default'),(1172,'39','json','[{\"fields\": {\"body\": \"<p>Inhaltstext, Inhaltstext, Inhaltstext</p>\\r\\n\", \"subtitle\": \"Untertitel\", \"title\": \"Titel\", \"abstract\": null, \"display\": null, \"columns\": 1}, \"model\": \"flex.flextext\", \"pk\": 39}]','Titel',45,81,'default'),(1173,'7','json','[{\"fields\": {\"subtitle\": null, \"title\": null, \"caption\": null, \"link\": null, \"images\": \"[{\'id\': 1}]\", \"ratio\": null, \"display\": null}, \"model\": \"flex.fleximage\", \"pk\": 7}]','7',46,81,'default'),(1174,'8','json','[{\"fields\": {\"changed_date\": \"2016-05-30T15:55:22Z\", \"language\": \"de\", \"parent\": 6, \"numchild\": 0, \"creation_date\": \"2016-05-30T15:35:09Z\", \"depth\": 2, \"position\": 3, \"path\": \"00040002\", \"placeholder\": 3, \"plugin_type\": \"FlexImagePlugin\"}, \"model\": \"cms.cmsplugin\", \"pk\": 8}]','8',15,81,'default'),(1175,'1','json','[{\"fields\": {\"menu_title\": null, \"meta_description\": null, \"page_title\": null, \"language\": \"de\", \"title\": \"Startseite\", \"has_url_overwrite\": false, \"redirect\": null, \"page\": 1, \"published\": true, \"path\": \"\", \"creation_date\": \"2016-05-17T16:12:09Z\", \"slug\": \"startseite\"}, \"model\": \"cms.title\", \"pk\": 1}]','Startseite (startseite, de)',16,81,'default'),(1176,'53','json','[{\"fields\": {\"subtitle\": null, \"title\": \"Willkommen\", \"caption\": \"\", \"link\": \"\", \"images\": \"[{u\'caption\': u\'\', u\'id\': u\'1\'}, {u\'caption\': u\'\', u\'id\': u\'2\'}]\", \"ratio\": null, \"display\": null}, \"model\": \"flex.fleximage\", \"pk\": 53}]','Willkommen',46,81,'default'),(1177,'54','json','[{\"fields\": {\"division\": null, \"subtitle\": null, \"title\": \"\"}, \"model\": \"flex.flexsection\", \"pk\": 54}]','(kein Titel) (3 Spalten): Teaser 1, Teaser 2, Teaser 3',50,81,'default'),(1178,'9','json','[{\"fields\": {\"changed_date\": \"2016-05-30T15:55:22Z\", \"language\": \"de\", \"parent\": 6, \"numchild\": 0, \"creation_date\": \"2016-05-30T15:35:09Z\", \"depth\": 2, \"position\": 1, \"path\": \"00040004\", \"placeholder\": 3, \"plugin_type\": \"FlexImagePlugin\"}, \"model\": \"cms.cmsplugin\", \"pk\": 9}]','9',15,81,'default'),(1179,'56','json','[{\"fields\": {\"body\": \"<p>Inhaltstext, Inhaltstext, Inhaltstext</p>\\r\\n\", \"subtitle\": null, \"title\": \"Teaser 2\", \"caption\": null, \"link\": \"internal://page/11/de\", \"images\": \"[{u\'id\': 1}]\", \"ratio\": null, \"display\": null, \"columns\": 1}, \"model\": \"flex.flextextimage\", \"pk\": 56}]','Teaser 2',47,81,'default'),(1180,'57','json','[{\"fields\": {\"body\": \"<p>Inhaltstext, Inhaltstext, Inhaltstext</p>\\r\\n\", \"subtitle\": null, \"title\": \"Teaser 3\", \"caption\": null, \"link\": \"internal://page/8/de\", \"images\": \"[{u\'id\': 1}]\", \"ratio\": null, \"display\": null, \"columns\": 1}, \"model\": \"flex.flextextimage\", \"pk\": 57}]','Teaser 3',47,81,'default'),(1181,'6','json','[{\"fields\": {\"changed_date\": \"2016-05-30T15:58:16Z\", \"language\": \"de\", \"parent\": null, \"numchild\": 3, \"creation_date\": \"2016-05-30T15:33:13Z\", \"depth\": 1, \"position\": 3, \"path\": \"0004\", \"placeholder\": 3, \"plugin_type\": \"FlexSectionPlugin\"}, \"model\": \"cms.cmsplugin\", \"pk\": 6}]','6',15,81,'default'),(1182,'10','json','[{\"fields\": {\"changed_date\": \"2016-05-30T15:55:26Z\", \"language\": \"de\", \"parent\": null, \"numchild\": 0, \"creation_date\": \"2016-05-30T15:39:12Z\", \"depth\": 1, \"position\": 2, \"path\": \"000C\", \"placeholder\": 3, \"plugin_type\": \"FlexCodePlugin\"}, \"model\": \"cms.cmsplugin\", \"pk\": 10}]','10',15,81,'default'),(1183,'53','json','[{\"fields\": {\"changed_date\": \"2016-11-04T10:35:52Z\", \"language\": \"de\", \"parent\": null, \"numchild\": 0, \"creation_date\": \"2016-11-04T10:21:06Z\", \"depth\": 1, \"position\": 0, \"path\": \"000R\", \"placeholder\": 5, \"plugin_type\": \"FlexImagePlugin\"}, \"model\": \"cms.cmsplugin\", \"pk\": 53}]','53',15,81,'default'),(1184,'11','json','[{\"fields\": {\"changed_date\": \"2016-05-30T15:55:26Z\", \"language\": \"de\", \"parent\": null, \"numchild\": 0, \"creation_date\": \"2016-05-30T15:40:25Z\", \"depth\": 1, \"position\": 4, \"path\": \"0006\", \"placeholder\": 3, \"plugin_type\": \"FlexVideoPlugin\"}, \"model\": \"cms.cmsplugin\", \"pk\": 11}]','11',15,81,'default'),(1185,'54','json','[{\"fields\": {\"changed_date\": \"2016-11-04T10:21:38Z\", \"language\": \"de\", \"parent\": null, \"numchild\": 3, \"creation_date\": \"2016-11-04T10:21:38Z\", \"depth\": 1, \"position\": 2, \"path\": \"000S\", \"placeholder\": 5, \"plugin_type\": \"FlexSectionPlugin\"}, \"model\": \"cms.cmsplugin\", \"pk\": 54}]','54',15,81,'default'),(1186,'55','json','[{\"fields\": {\"body\": \"<p>Inhaltstext, Inhaltstext, Inhaltstext</p>\\r\\n\", \"subtitle\": null, \"title\": \"Teaser 1\", \"caption\": null, \"link\": \"internal://page/9/de\", \"images\": \"[{u\'id\': 1}]\", \"ratio\": null, \"display\": null, \"columns\": 1}, \"model\": \"flex.flextextimage\", \"pk\": 55}]','Teaser 1',47,81,'default'),(1187,'56','json','[{\"fields\": {\"changed_date\": \"2016-11-04T10:22:42Z\", \"language\": \"de\", \"parent\": 54, \"numchild\": 0, \"creation_date\": \"2016-11-04T10:21:38Z\", \"depth\": 2, \"position\": 1, \"path\": \"000S0002\", \"placeholder\": 5, \"plugin_type\": \"FlexTextImagePlugin\"}, \"model\": \"cms.cmsplugin\", \"pk\": 56}]','56',15,81,'default'),(1188,'58','json','[{\"fields\": {\"body\": \"<p>Hallo und willkommen auf unserer Website.</p>\\r\\n\\r\\n<p><a href=\\\"internal://page/7/de\\\">Mehr</a></p>\\r\\n\", \"subtitle\": null, \"title\": \"Willkommen\", \"abstract\": null, \"display\": null, \"columns\": 1}, \"model\": \"flex.flextext\", \"pk\": 58}]','Willkommen',45,81,'default'),(1189,'57','json','[{\"fields\": {\"changed_date\": \"2016-11-04T10:22:54Z\", \"language\": \"de\", \"parent\": 54, \"numchild\": 0, \"creation_date\": \"2016-11-04T10:21:38Z\", \"depth\": 2, \"position\": 2, \"path\": \"000S0003\", \"placeholder\": 5, \"plugin_type\": \"FlexTextImagePlugin\"}, \"model\": \"cms.cmsplugin\", \"pk\": 57}]','57',15,81,'default'),(1190,'7','json','[{\"fields\": {\"changed_date\": \"2016-05-30T15:55:22Z\", \"language\": \"de\", \"parent\": 6, \"numchild\": 0, \"creation_date\": \"2016-05-30T15:35:09Z\", \"depth\": 2, \"position\": 0, \"path\": \"00040001\", \"placeholder\": 3, \"plugin_type\": \"FlexImagePlugin\"}, \"model\": \"cms.cmsplugin\", \"pk\": 7}]','7',15,81,'default'),(1191,'58','json','[{\"fields\": {\"changed_date\": \"2016-11-04T10:26:16Z\", \"language\": \"de\", \"parent\": null, \"numchild\": 0, \"creation_date\": \"2016-11-04T10:24:12Z\", \"depth\": 1, \"position\": 1, \"path\": \"000T\", \"placeholder\": 5, \"plugin_type\": \"FlexTextPlugin\"}, \"model\": \"cms.cmsplugin\", \"pk\": 58}]','58',15,81,'default'),(1192,'37','json','[{\"fields\": {\"division\": \"broad-left\", \"subtitle\": \"Untertitel\", \"title\": \"Mehrspalter 66% zu 33%\"}, \"model\": \"flex.flexsection\", \"pk\": 37}]','Mehrspalter 66% zu 33% (2 Spalten): 38, Titel',50,81,'default'),(1193,'38','json','[{\"fields\": {\"changed_date\": \"2016-05-30T16:01:45Z\", \"language\": \"de\", \"parent\": 37, \"numchild\": 0, \"creation_date\": \"2016-05-30T16:01:28Z\", \"depth\": 2, \"position\": 0, \"path\": \"000I0001\", \"placeholder\": 3, \"plugin_type\": \"FlexImagePlugin\"}, \"model\": \"cms.cmsplugin\", \"pk\": 38}]','38',15,81,'default'),(1194,'39','json','[{\"fields\": {\"changed_date\": \"2016-05-30T16:01:58Z\", \"language\": \"de\", \"parent\": 37, \"numchild\": 0, \"creation_date\": \"2016-05-30T16:01:28Z\", \"depth\": 2, \"position\": 1, \"path\": \"000I0002\", \"placeholder\": 3, \"plugin_type\": \"FlexTextPlugin\"}, \"model\": \"cms.cmsplugin\", \"pk\": 39}]','39',15,81,'default'),(1195,'55','json','[{\"fields\": {\"changed_date\": \"2016-11-04T10:22:28Z\", \"language\": \"de\", \"parent\": 54, \"numchild\": 0, \"creation_date\": \"2016-11-04T10:21:38Z\", \"depth\": 2, \"position\": 0, \"path\": \"000S0001\", \"placeholder\": 5, \"plugin_type\": \"FlexTextImagePlugin\"}, \"model\": \"cms.cmsplugin\", \"pk\": 55}]','55',15,81,'default'),(1196,'1','json','[{\"fields\": {\"navigation_extenders\": null, \"site\": 1, \"application_namespace\": null, \"path\": \"0001\", \"in_navigation\": false, \"reverse_id\": null, \"login_required\": false, \"created_by\": \"script\", \"languages\": \"de\", \"publication_end_date\": null, \"template\": \"default.html\", \"placeholders\": [3, 5], \"changed_date\": \"2016-11-04T10:47:58.275Z\", \"limit_visibility_in_menu\": null, \"parent\": null, \"numchild\": 0, \"soft_root\": false, \"is_home\": true, \"publication_date\": \"2016-05-30T14:42:50Z\", \"creation_date\": \"2016-05-17T16:12:09Z\", \"application_urls\": null, \"changed_by\": \"maisengasse\", \"xframe_options\": 0, \"depth\": 1, \"revision_id\": 0}, \"model\": \"cms.page\", \"pk\": 1}]','Startseite',2,82,'default'),(1197,'3','json','[{\"fields\": {\"slot\": \"main\", \"default_width\": null}, \"model\": \"cms.placeholder\", \"pk\": 3}]','main',1,82,'default'),(1198,'4','json','[{\"fields\": {\"subtitle\": \"\", \"title\": \"\", \"caption\": \"\", \"link\": \"\", \"images\": \"[{u\'id\': u\'1\'}, {u\'id\': u\'2\'}]\", \"ratio\": null, \"display\": null}, \"model\": \"flex.fleximage\", \"pk\": 4}]','4',46,82,'default'),(1199,'5','json','[{\"fields\": {\"slot\": \"content\", \"default_width\": null}, \"model\": \"cms.placeholder\", \"pk\": 5}]','content',1,82,'default'),(1200,'6','json','[{\"fields\": {\"division\": null, \"subtitle\": \"Untertitel\", \"title\": \"Mehrspalter\"}, \"model\": \"flex.flexsection\", \"pk\": 6}]','Mehrspalter (3 Spalten): 7, 9, 8',50,82,'default'),(1201,'1','json','[{\"fields\": {\"changed_date\": \"2016-05-30T15:55:26Z\", \"language\": \"de\", \"parent\": null, \"numchild\": 0, \"creation_date\": \"2016-05-30T15:02:09Z\", \"depth\": 1, \"position\": 1, \"path\": \"0001\", \"placeholder\": 3, \"plugin_type\": \"FlexTextPlugin\"}, \"model\": \"cms.cmsplugin\", \"pk\": 1}]','1',15,82,'default'),(1202,'8','json','[{\"fields\": {\"subtitle\": null, \"title\": null, \"caption\": null, \"link\": null, \"images\": \"[{\'id\': 1}]\", \"ratio\": null, \"display\": null}, \"model\": \"flex.fleximage\", \"pk\": 8}]','8',46,82,'default'),(1203,'9','json','[{\"fields\": {\"subtitle\": null, \"title\": null, \"caption\": null, \"link\": null, \"images\": \"[{\'id\': 1}]\", \"ratio\": null, \"display\": null}, \"model\": \"flex.fleximage\", \"pk\": 9}]','9',46,82,'default'),(1204,'10','json','[{\"fields\": {\"code\": \"<pre>Quellcode</pre>\", \"subtitle\": \"Untertitel\", \"title\": \"Quellcode\"}, \"model\": \"flex.flexcode\", \"pk\": 10}]','Quellcode',48,82,'default'),(1205,'11','json','[{\"fields\": {\"fullscreen\": true, \"subtitle\": \"Untertitel\", \"title\": \"HTML5 Video\", \"mp4_url\": \"http://techslides.com/demos/sample-videos/small.mp4\", \"image\": \"[{u\'id\': u\'1\'}]\", \"auto_play\": false, \"mp4_file\": null, \"webm_file\": null, \"width\": 800, \"auto_hide\": false, \"ogv_file\": null, \"webm_url\": \"\", \"height\": 600, \"ogv_url\": \"\", \"loop\": false}, \"model\": \"flex.flexvideo\", \"pk\": 11}]','HTML5 Video',49,82,'default'),(1206,'4','json','[{\"fields\": {\"changed_date\": \"2016-05-30T15:55:26Z\", \"language\": \"de\", \"parent\": null, \"numchild\": 0, \"creation_date\": \"2016-05-30T15:09:24Z\", \"depth\": 1, \"position\": 0, \"path\": \"0003\", \"placeholder\": 3, \"plugin_type\": \"FlexImagePlugin\"}, \"model\": \"cms.cmsplugin\", \"pk\": 4}]','4',15,82,'default'),(1207,'1','json','[{\"fields\": {\"body\": \"<p>Lorem ipsum dolor sit amet, consetetur sadipscing elitr, sed diam nonumy eirmod tempor invidunt ut labore et dolore magna aliquyam erat, sed diam voluptua. At vero eos et accusam et justo duo dolores et ea rebum. Stet clita kasd gubergren, no sea takimata sanctus est Lorem ipsum dolor sit amet. Lorem ipsum dolor sit amet, consetetur sadipscing elitr, sed diam nonumy eirmod tempor invidunt ut labore et dolore magna aliquyam erat, sed diam voluptua. At vero eos et accusam et justo duo dolores et ea rebum. Stet clita kasd gubergren, no sea takimata sanctus est Lorem ipsum dolor sit amet. Lorem ipsum dolor sit amet, consetetur sadipscing elitr, sed diam nonumy eirmod tempor invidunt ut labore et dolore magna aliquyam erat, sed diam voluptua. At vero eos et accusam et justo duo dolores et ea rebum. Stet clita kasd gubergren, no sea takimata sanctus est Lorem ipsum dolor sit amet. &nbsp;&nbsp;</p>\\r\\n\\r\\n<p>Duis autem vel eum iriure dolor in hendrerit in vulputate velit esse molestie consequat, vel illum dolore eu feugiat nulla facilisis at vero eros et accumsan et iusto odio dignissim qui blandit praesent luptatum zzril delenit augue duis dolore te feugait nulla facilisi. Lorem ipsum dolor sit amet,</p>\\r\\n\", \"subtitle\": \"Untertitel\", \"title\": \"Text mit 2 Spalten\", \"abstract\": null, \"display\": null, \"columns\": 2}, \"model\": \"flex.flextext\", \"pk\": 1}]','Text mit 2 Spalten',45,82,'default'),(1208,'37','json','[{\"fields\": {\"changed_date\": \"2016-05-30T16:03:30Z\", \"language\": \"de\", \"parent\": null, \"numchild\": 2, \"creation_date\": \"2016-05-30T16:00:45Z\", \"depth\": 1, \"position\": 8, \"path\": \"000I\", \"placeholder\": 3, \"plugin_type\": \"FlexSectionPlugin\"}, \"model\": \"cms.cmsplugin\", \"pk\": 37}]','37',15,82,'default'),(1209,'38','json','[{\"fields\": {\"subtitle\": \"\", \"title\": \"\", \"caption\": \"\", \"link\": \"\", \"images\": \"[{u\'id\': u\'1\'}, {u\'id\': u\'2\'}]\", \"ratio\": null, \"display\": null}, \"model\": \"flex.fleximage\", \"pk\": 38}]','38',46,82,'default'),(1210,'39','json','[{\"fields\": {\"body\": \"<p>Inhaltstext, Inhaltstext, Inhaltstext</p>\\r\\n\", \"subtitle\": \"Untertitel\", \"title\": \"Titel\", \"abstract\": null, \"display\": null, \"columns\": 1}, \"model\": \"flex.flextext\", \"pk\": 39}]','Titel',45,82,'default'),(1211,'7','json','[{\"fields\": {\"subtitle\": null, \"title\": null, \"caption\": null, \"link\": null, \"images\": \"[{\'id\': 1}]\", \"ratio\": null, \"display\": null}, \"model\": \"flex.fleximage\", \"pk\": 7}]','7',46,82,'default'),(1212,'8','json','[{\"fields\": {\"changed_date\": \"2016-05-30T15:55:22Z\", \"language\": \"de\", \"parent\": 6, \"numchild\": 0, \"creation_date\": \"2016-05-30T15:35:09Z\", \"depth\": 2, \"position\": 3, \"path\": \"00040002\", \"placeholder\": 3, \"plugin_type\": \"FlexImagePlugin\"}, \"model\": \"cms.cmsplugin\", \"pk\": 8}]','8',15,82,'default'),(1213,'1','json','[{\"fields\": {\"menu_title\": null, \"meta_description\": null, \"page_title\": null, \"language\": \"de\", \"title\": \"Startseite\", \"has_url_overwrite\": false, \"redirect\": null, \"page\": 1, \"published\": true, \"path\": \"\", \"creation_date\": \"2016-05-17T16:12:09Z\", \"slug\": \"startseite\"}, \"model\": \"cms.title\", \"pk\": 1}]','Startseite (startseite, de)',16,82,'default'),(1214,'53','json','[{\"fields\": {\"subtitle\": null, \"title\": \"Willkommen\", \"caption\": \"\", \"link\": \"\", \"images\": \"[{u\'caption\': u\'\', u\'id\': u\'1\'}, {u\'caption\': u\'\', u\'id\': u\'2\'}]\", \"ratio\": null, \"display\": null}, \"model\": \"flex.fleximage\", \"pk\": 53}]','Willkommen',46,82,'default'),(1215,'54','json','[{\"fields\": {\"division\": null, \"subtitle\": null, \"title\": \"\"}, \"model\": \"flex.flexsection\", \"pk\": 54}]','(kein Titel) (3 Spalten): Teaser 1, Teaser 2, Teaser 3',50,82,'default'),(1216,'9','json','[{\"fields\": {\"changed_date\": \"2016-05-30T15:55:22Z\", \"language\": \"de\", \"parent\": 6, \"numchild\": 0, \"creation_date\": \"2016-05-30T15:35:09Z\", \"depth\": 2, \"position\": 1, \"path\": \"00040004\", \"placeholder\": 3, \"plugin_type\": \"FlexImagePlugin\"}, \"model\": \"cms.cmsplugin\", \"pk\": 9}]','9',15,82,'default'),(1217,'56','json','[{\"fields\": {\"body\": \"<p>Inhaltstext, Inhaltstext, Inhaltstext</p>\\r\\n\", \"subtitle\": null, \"title\": \"Teaser 2\", \"caption\": null, \"link\": \"internal://page/11/de\", \"images\": \"[{u\'id\': 1}]\", \"ratio\": null, \"display\": null, \"columns\": 1}, \"model\": \"flex.flextextimage\", \"pk\": 56}]','Teaser 2',47,82,'default'),(1218,'57','json','[{\"fields\": {\"body\": \"<p>Inhaltstext, Inhaltstext, Inhaltstext</p>\\r\\n\", \"subtitle\": null, \"title\": \"Teaser 3\", \"caption\": null, \"link\": \"internal://page/8/de\", \"images\": \"[{u\'id\': 1}]\", \"ratio\": null, \"display\": null, \"columns\": 1}, \"model\": \"flex.flextextimage\", \"pk\": 57}]','Teaser 3',47,82,'default'),(1219,'6','json','[{\"fields\": {\"changed_date\": \"2016-05-30T15:58:16Z\", \"language\": \"de\", \"parent\": null, \"numchild\": 3, \"creation_date\": \"2016-05-30T15:33:13Z\", \"depth\": 1, \"position\": 3, \"path\": \"0004\", \"placeholder\": 3, \"plugin_type\": \"FlexSectionPlugin\"}, \"model\": \"cms.cmsplugin\", \"pk\": 6}]','6',15,82,'default'),(1220,'10','json','[{\"fields\": {\"changed_date\": \"2016-05-30T15:55:26Z\", \"language\": \"de\", \"parent\": null, \"numchild\": 0, \"creation_date\": \"2016-05-30T15:39:12Z\", \"depth\": 1, \"position\": 2, \"path\": \"000C\", \"placeholder\": 3, \"plugin_type\": \"FlexCodePlugin\"}, \"model\": \"cms.cmsplugin\", \"pk\": 10}]','10',15,82,'default'),(1221,'53','json','[{\"fields\": {\"changed_date\": \"2016-11-04T10:35:52Z\", \"language\": \"de\", \"parent\": null, \"numchild\": 0, \"creation_date\": \"2016-11-04T10:21:06Z\", \"depth\": 1, \"position\": 0, \"path\": \"000R\", \"placeholder\": 5, \"plugin_type\": \"FlexImagePlugin\"}, \"model\": \"cms.cmsplugin\", \"pk\": 53}]','53',15,82,'default'),(1222,'11','json','[{\"fields\": {\"changed_date\": \"2016-05-30T15:55:26Z\", \"language\": \"de\", \"parent\": null, \"numchild\": 0, \"creation_date\": \"2016-05-30T15:40:25Z\", \"depth\": 1, \"position\": 4, \"path\": \"0006\", \"placeholder\": 3, \"plugin_type\": \"FlexVideoPlugin\"}, \"model\": \"cms.cmsplugin\", \"pk\": 11}]','11',15,82,'default'),(1223,'54','json','[{\"fields\": {\"changed_date\": \"2016-11-04T10:21:38Z\", \"language\": \"de\", \"parent\": null, \"numchild\": 3, \"creation_date\": \"2016-11-04T10:21:38Z\", \"depth\": 1, \"position\": 2, \"path\": \"000S\", \"placeholder\": 5, \"plugin_type\": \"FlexSectionPlugin\"}, \"model\": \"cms.cmsplugin\", \"pk\": 54}]','54',15,82,'default'),(1224,'55','json','[{\"fields\": {\"body\": \"<p>Inhaltstext, Inhaltstext, Inhaltstext</p>\\r\\n\", \"subtitle\": null, \"title\": \"Teaser 1\", \"caption\": null, \"link\": \"internal://page/9/de\", \"images\": \"[{u\'id\': 1}]\", \"ratio\": null, \"display\": null, \"columns\": 1}, \"model\": \"flex.flextextimage\", \"pk\": 55}]','Teaser 1',47,82,'default'),(1225,'56','json','[{\"fields\": {\"changed_date\": \"2016-11-04T10:22:42Z\", \"language\": \"de\", \"parent\": 54, \"numchild\": 0, \"creation_date\": \"2016-11-04T10:21:38Z\", \"depth\": 2, \"position\": 1, \"path\": \"000S0002\", \"placeholder\": 5, \"plugin_type\": \"FlexTextImagePlugin\"}, \"model\": \"cms.cmsplugin\", \"pk\": 56}]','56',15,82,'default'),(1226,'58','json','[{\"fields\": {\"body\": \"<p>Hallo und willkommen auf unserer Website.</p>\\r\\n\\r\\n<p><a href=\\\"internal://page/7/de\\\">Mehr</a></p>\\r\\n\", \"subtitle\": null, \"title\": \"Willkommen\", \"abstract\": null, \"display\": null, \"columns\": 1}, \"model\": \"flex.flextext\", \"pk\": 58}]','Willkommen',45,82,'default'),(1227,'57','json','[{\"fields\": {\"changed_date\": \"2016-11-04T10:22:54Z\", \"language\": \"de\", \"parent\": 54, \"numchild\": 0, \"creation_date\": \"2016-11-04T10:21:38Z\", \"depth\": 2, \"position\": 2, \"path\": \"000S0003\", \"placeholder\": 5, \"plugin_type\": \"FlexTextImagePlugin\"}, \"model\": \"cms.cmsplugin\", \"pk\": 57}]','57',15,82,'default'),(1228,'7','json','[{\"fields\": {\"changed_date\": \"2016-05-30T15:55:22Z\", \"language\": \"de\", \"parent\": 6, \"numchild\": 0, \"creation_date\": \"2016-05-30T15:35:09Z\", \"depth\": 2, \"position\": 0, \"path\": \"00040001\", \"placeholder\": 3, \"plugin_type\": \"FlexImagePlugin\"}, \"model\": \"cms.cmsplugin\", \"pk\": 7}]','7',15,82,'default'),(1229,'58','json','[{\"fields\": {\"changed_date\": \"2016-11-04T10:26:16Z\", \"language\": \"de\", \"parent\": null, \"numchild\": 0, \"creation_date\": \"2016-11-04T10:24:12Z\", \"depth\": 1, \"position\": 1, \"path\": \"000T\", \"placeholder\": 5, \"plugin_type\": \"FlexTextPlugin\"}, \"model\": \"cms.cmsplugin\", \"pk\": 58}]','58',15,82,'default'),(1230,'37','json','[{\"fields\": {\"division\": \"broad-left\", \"subtitle\": \"Untertitel\", \"title\": \"Mehrspalter 66% zu 33%\"}, \"model\": \"flex.flexsection\", \"pk\": 37}]','Mehrspalter 66% zu 33% (2 Spalten): 38, Titel',50,82,'default'),(1231,'38','json','[{\"fields\": {\"changed_date\": \"2016-05-30T16:01:45Z\", \"language\": \"de\", \"parent\": 37, \"numchild\": 0, \"creation_date\": \"2016-05-30T16:01:28Z\", \"depth\": 2, \"position\": 0, \"path\": \"000I0001\", \"placeholder\": 3, \"plugin_type\": \"FlexImagePlugin\"}, \"model\": \"cms.cmsplugin\", \"pk\": 38}]','38',15,82,'default'),(1232,'39','json','[{\"fields\": {\"changed_date\": \"2016-05-30T16:01:58Z\", \"language\": \"de\", \"parent\": 37, \"numchild\": 0, \"creation_date\": \"2016-05-30T16:01:28Z\", \"depth\": 2, \"position\": 1, \"path\": \"000I0002\", \"placeholder\": 3, \"plugin_type\": \"FlexTextPlugin\"}, \"model\": \"cms.cmsplugin\", \"pk\": 39}]','39',15,82,'default'),(1233,'55','json','[{\"fields\": {\"changed_date\": \"2016-11-04T10:22:28Z\", \"language\": \"de\", \"parent\": 54, \"numchild\": 0, \"creation_date\": \"2016-11-04T10:21:38Z\", \"depth\": 2, \"position\": 0, \"path\": \"000S0001\", \"placeholder\": 5, \"plugin_type\": \"FlexTextImagePlugin\"}, \"model\": \"cms.cmsplugin\", \"pk\": 55}]','55',15,82,'default');
/*!40000 ALTER TABLE `reversion_version` ENABLE KEYS */;
UNLOCK TABLES;

--
-- Table structure for table `workflows_workflow`
--

DROP TABLE IF EXISTS `workflows_workflow`;
/*!40101 SET @saved_cs_client     = @@character_set_client */;
/*!40101 SET character_set_client = utf8 */;
CREATE TABLE `workflows_workflow` (
  `id` int(11) NOT NULL AUTO_INCREMENT,
  `parent_id` int(10) unsigned DEFAULT NULL,
  `state` int(11) NOT NULL,
  `published_from` datetime DEFAULT NULL,
  `published_to` datetime DEFAULT NULL,
  `parent_type_id` int(11) DEFAULT NULL,
  PRIMARY KEY (`id`),
  UNIQUE KEY `workflows_workflow_parent_id_5a8c71b65ba37d24_uniq` (`parent_id`,`parent_type_id`),
  KEY `workflo_parent_type_id_4a6e89e95c6ea36_fk_django_content_type_id` (`parent_type_id`),
  CONSTRAINT `workflo_parent_type_id_4a6e89e95c6ea36_fk_django_content_type_id` FOREIGN KEY (`parent_type_id`) REFERENCES `django_content_type` (`id`)
) ENGINE=InnoDB DEFAULT CHARSET=latin1;
/*!40101 SET character_set_client = @saved_cs_client */;

--
-- Dumping data for table `workflows_workflow`
--

LOCK TABLES `workflows_workflow` WRITE;
/*!40000 ALTER TABLE `workflows_workflow` DISABLE KEYS */;
/*!40000 ALTER TABLE `workflows_workflow` ENABLE KEYS */;
UNLOCK TABLES;
/*!40103 SET TIME_ZONE=@OLD_TIME_ZONE */;

/*!40101 SET SQL_MODE=@OLD_SQL_MODE */;
/*!40014 SET FOREIGN_KEY_CHECKS=@OLD_FOREIGN_KEY_CHECKS */;
/*!40014 SET UNIQUE_CHECKS=@OLD_UNIQUE_CHECKS */;
/*!40101 SET CHARACTER_SET_CLIENT=@OLD_CHARACTER_SET_CLIENT */;
/*!40101 SET CHARACTER_SET_RESULTS=@OLD_CHARACTER_SET_RESULTS */;
/*!40101 SET COLLATION_CONNECTION=@OLD_COLLATION_CONNECTION */;
/*!40111 SET SQL_NOTES=@OLD_SQL_NOTES */;

-- Dump completed on 2017-06-28  5:47:26
